first,second,ifs_ms,ifs_after_second_ms,ifs_true_ms,ifs_true_after_first_ms,ifs_true_after_second_ms,sent_h,rx_h,sent_z,rx_z,per_h,per_z,per,impossible,swaps,swap_median_ms,swap_to_first_median_ms,swap_to_second_median_ms,swap_max_ms,retune_median_ms,duplicates,lost_late,lost_listening,queued_median,queued_max,posted_by,source_dropped,link_dropped
zigbee.toml,zigbee.toml,6,6,6.0000,6.0000,6.0000,0,0,400,400,NaN,0.0000,0.0000,0,400,0.0435,0.0440,0.0434,0.2069,0.0018,0,0,0,0,0,zigbee:400,0,0
zigbee.toml,zigbee.toml,5.99,5.99,5.9900,5.9900,5.9900,0,0,400,400,NaN,0.0000,0.0000,0,400,0.0426,0.0426,0.0426,0.0762,0.0017,0,0,0,0,0,zigbee:400,0,0
zigbee.toml,zigbee.toml,5.98,5.98,5.9800,5.9800,5.9800,0,0,400,400,NaN,0.0000,0.0000,0,400,0.0399,0.0401,0.0395,0.0694,0.0015,0,0,0,0,0,zigbee:400,0,0
zigbee.toml,zigbee.toml,5.97,5.97,5.9700,5.9700,5.9700,0,0,400,400,NaN,0.0000,0.0000,0,400,0.0422,0.0420,0.0423,0.0997,0.0017,0,0,0,0,0,zigbee:400,0,0
zigbee.toml,zigbee.toml,5.96,5.96,5.9600,5.9600,5.9600,0,0,400,400,NaN,0.0000,0.0000,0,400,0.0413,0.0410,0.0415,0.1272,0.0017,0,0,0,0,0,zigbee:400,0,0
zigbee.toml,zigbee.toml,5.95,5.95,5.9500,5.9500,5.9500,0,0,400,400,NaN,0.0000,0.0000,0,400,0.0419,0.0424,0.0416,0.0868,0.0017,0,0,0,0,0,zigbee:400,0,0
zigbee.toml,zigbee.toml,5.94,5.94,5.9400,5.9400,5.9400,0,0,400,400,NaN,0.0000,0.0000,0,400,0.0446,0.0443,0.0446,0.2424,0.0019,0,0,0,0,0,zigbee:400,0,0
zigbee.toml,zigbee.toml,5.93,5.93,5.9300,5.9300,5.9300,0,0,400,400,NaN,0.0000,0.0000,0,400,0.0451,0.0442,0.0457,0.0879,0.0019,0,0,0,0,0,zigbee:400,0,0
zigbee.toml,zigbee.toml,5.92,5.92,5.9200,5.9200,5.9200,0,0,400,400,NaN,0.0000,0.0000,0,400,0.0422,0.0421,0.0426,0.0883,0.0017,0,0,0,0,0,zigbee:400,0,0
zigbee.toml,zigbee.toml,5.91,5.91,5.9100,5.9100,5.9100,0,0,400,400,NaN,0.0000,0.0000,0,400,0.0427,0.0418,0.0432,0.1144,0.0017,0,0,0,0,0,zigbee:400,0,0
zigbee.toml,zigbee.toml,5.9,5.9,5.9000,5.9000,5.9000,0,0,400,400,NaN,0.0000,0.0000,0,400,0.0413,0.0410,0.0415,0.0899,0.0016,0,0,0,0,0,zigbee:400,0,0
zigbee.toml,zigbee.toml,5.89,5.89,5.8900,5.8900,5.8900,0,0,400,400,NaN,0.0000,0.0000,0,400,0.0421,0.0427,0.0416,0.0842,0.0017,0,0,0,0,0,zigbee:400,0,0
zigbee.toml,zigbee.toml,5.88,5.88,5.8800,5.8800,5.8800,0,0,400,400,NaN,0.0000,0.0000,0,400,0.0511,0.0504,0.0520,0.1122,0.0024,0,0,0,0,0,zigbee:400,0,0
zigbee.toml,zigbee.toml,5.87,5.87,5.8700,5.8700,5.8700,0,0,400,400,NaN,0.0000,0.0000,0,400,0.0500,0.0501,0.0499,0.1128,0.0023,0,0,0,0,0,zigbee:400,0,0
zigbee.toml,zigbee.toml,5.86,5.86,5.8600,5.8600,5.8600,0,0,400,400,NaN,0.0000,0.0000,0,400,0.0475,0.0468,0.0494,0.1349,0.0021,0,0,0,0,0,zigbee:400,0,0
zigbee.toml,zigbee.toml,5.85,5.85,5.8500,5.8500,5.8500,0,0,400,400,NaN,0.0000,0.0000,0,400,0.0486,0.0486,0.0485,0.1078,0.0021,0,0,0,0,0,zigbee:400,0,0
zigbee.toml,zigbee.toml,5.84,5.84,5.8400,5.8400,5.8400,0,0,400,400,NaN,0.0000,0.0000,0,400,0.0431,0.0432,0.0426,0.2540,0.0017,0,0,0,0,0,zigbee:400,0,0
zigbee.toml,zigbee.toml,5.83,5.83,5.8300,5.8300,5.8300,0,0,400,400,NaN,0.0000,0.0000,0,400,0.0414,0.0416,0.0412,0.0847,0.0016,0,0,0,0,0,zigbee:400,0,0
zigbee.toml,zigbee.toml,5.82,5.82,5.8200,5.8200,5.8200,0,0,400,400,NaN,0.0000,0.0000,0,400,0.0425,0.0424,0.0426,0.1191,0.0017,0,0,0,0,0,zigbee:400,0,0
zigbee.toml,zigbee.toml,5.81,5.81,5.8100,5.8100,5.8100,0,0,400,400,NaN,0.0000,0.0000,0,400,0.0421,0.0426,0.0419,0.0837,0.0016,0,0,0,0,0,zigbee:400,0,0
zigbee.toml,zigbee.toml,5.8,5.8,5.8000,5.8000,5.8000,0,0,400,400,NaN,0.0000,0.0000,0,400,0.0418,0.0420,0.0417,0.0812,0.0016,0,0,0,0,0,zigbee:400,0,0
zigbee.toml,zigbee.toml,5.79,5.79,5.7900,5.7900,5.7900,0,0,400,400,NaN,0.0000,0.0000,0,400,0.0431,0.0431,0.0435,0.1181,0.0018,0,0,0,0,0,zigbee:400,0,0
zigbee.toml,zigbee.toml,5.78,5.78,5.7800,5.7800,5.7800,0,0,400,400,NaN,0.0000,0.0000,0,400,0.0434,0.0445,0.0425,0.1067,0.0017,0,0,0,0,0,zigbee:400,0,0
zigbee.toml,zigbee.toml,5.77,5.77,5.7700,5.7700,5.7700,0,0,400,400,NaN,0.0000,0.0000,0,400,0.0436,0.0432,0.0438,0.1281,0.0017,0,0,0,0,0,zigbee:400,0,0
zigbee.toml,zigbee.toml,5.76,5.76,5.7600,5.7600,5.7600,0,0,400,400,NaN,0.0000,0.0000,0,400,0.0456,0.0463,0.0454,0.1138,0.0019,0,0,0,0,0,zigbee:400,0,0
zigbee.toml,zigbee.toml,5.75,5.75,5.7500,5.7500,5.7500,0,0,400,400,NaN,0.0000,0.0000,0,400,0.0455,0.0445,0.0460,0.1166,0.0019,0,0,0,0,0,zigbee:400,0,0
zigbee.toml,zigbee.toml,5.74,5.74,5.7400,5.7400,5.7400,0,0,400,400,NaN,0.0000,0.0000,0,400,0.0454,0.0453,0.0454,0.2902,0.0018,0,0,0,0,0,zigbee:400,0,0
zigbee.toml,zigbee.toml,5.73,5.73,5.7300,5.7300,5.7300,0,0,400,400,NaN,0.0000,0.0000,0,400,0.0459,0.0456,0.0469,0.0978,0.0019,0,0,0,0,0,zigbee:400,0,0
zigbee.toml,zigbee.toml,5.72,5.72,5.7200,5.7200,5.7200,0,0,400,400,NaN,0.0000,0.0000,0,400,0.0545,0.0541,0.0548,0.1159,0.0025,0,0,0,0,0,zigbee:400,0,0
zigbee.toml,zigbee.toml,5.71,5.71,5.7100,5.7100,5.7100,0,0,400,400,NaN,0.0000,0.0000,0,400,0.0455,0.0459,0.0450,0.1500,0.0019,0,0,0,0,0,zigbee:400,0,0
zigbee.toml,zigbee.toml,5.7,5.7,5.7000,5.7000,5.7000,0,0,400,400,NaN,0.0000,0.0000,0,400,0.0445,0.0446,0.0443,0.1154,0.0017,0,0,0,0,0,zigbee:400,0,0
zigbee.toml,zigbee.toml,5.69,5.69,5.6900,5.6900,5.6900,0,0,400,400,NaN,0.0000,0.0000,0,400,0.0454,0.0457,0.0452,0.1206,0.0018,0,0,0,0,0,zigbee:400,0,0
zigbee.toml,zigbee.toml,5.68,5.68,5.6800,5.6800,5.6800,0,0,400,400,NaN,0.0000,0.0000,0,400,0.0447,0.0448,0.0446,0.1063,0.0018,0,0,0,0,0,zigbee:400,0,0
zigbee.toml,zigbee.toml,5.67,5.67,5.6700,5.6700,5.6700,0,0,400,400,NaN,0.0000,0.0000,0,400,0.0446,0.0446,0.0444,0.1088,0.0018,0,0,0,0,0,zigbee:400,0,0
zigbee.toml,zigbee.toml,5.66,5.66,5.6600,5.6600,5.6600,0,0,400,400,NaN,0.0000,0.0000,0,400,0.0466,0.0464,0.0469,0.1138,0.0020,0,0,0,0,0,zigbee:400,0,0
zigbee.toml,zigbee.toml,5.65,5.65,5.6500,5.6500,5.6500,0,0,400,400,NaN,0.0000,0.0000,0,400,0.0550,0.0555,0.0541,0.3315,0.0025,0,0,0,0,0,zigbee:400,0,0
zigbee.toml,zigbee.toml,5.64,5.64,5.6400,5.6400,5.6400,0,0,400,400,NaN,0.0000,0.0000,0,400,0.0498,0.0494,0.0503,0.1303,0.0022,0,0,0,0,0,zigbee:400,0,0
zigbee.toml,zigbee.toml,5.63,5.63,5.6300,5.6300,5.6300,0,0,400,400,NaN,0.0000,0.0000,0,400,0.0464,0.0461,0.0465,1.7607,0.0019,0,0,0,0,0,zigbee:400,0,0
zigbee.toml,zigbee.toml,5.62,5.62,5.6200,5.6200,5.6200,0,0,400,400,NaN,0.0000,0.0000,0,400,0.0442,0.0440,0.0444,0.2782,0.0018,0,0,0,0,0,zigbee:400,0,0
zigbee.toml,zigbee.toml,5.61,5.61,5.6100,5.6100,5.6100,0,0,400,400,NaN,0.0000,0.0000,0,400,0.0451,0.0451,0.0450,0.0776,0.0018,0,0,0,0,0,zigbee:400,0,0
zigbee.toml,zigbee.toml,5.6,5.6,5.6000,5.6000,5.6000,0,0,400,400,NaN,0.0000,0.0000,0,400,0.0465,0.0461,0.0470,0.0964,0.0019,0,0,0,0,0,zigbee:400,0,0
zigbee.toml,zigbee.toml,5.59,5.59,5.5900,5.5900,5.5900,0,0,400,400,NaN,0.0000,0.0000,0,400,0.0450,0.0450,0.0452,0.1059,0.0017,0,0,0,0,0,zigbee:400,0,0
zigbee.toml,zigbee.toml,5.58,5.58,5.5800,5.5800,5.5800,0,0,400,400,NaN,0.0000,0.0000,0,400,0.0462,0.0464,0.0456,0.0845,0.0019,0,0,0,0,0,zigbee:400,0,0
zigbee.toml,zigbee.toml,5.57,5.57,5.5700,5.5700,5.5700,0,0,400,400,NaN,0.0000,0.0000,0,400,0.0467,0.0472,0.0462,0.1105,0.0019,0,0,0,0,0,zigbee:400,0,0
zigbee.toml,zigbee.toml,5.56,5.56,5.5600,5.5600,5.5600,0,0,400,400,NaN,0.0000,0.0000,0,400,0.0413,0.0417,0.0411,0.0646,0.0015,0,0,0,0,0,zigbee:400,0,0
zigbee.toml,zigbee.toml,5.55,5.55,5.5500,5.5500,5.5500,0,0,400,400,NaN,0.0000,0.0000,0,400,0.0414,0.0416,0.0411,0.0980,0.0015,0,0,0,0,0,zigbee:400,0,0
zigbee.toml,zigbee.toml,5.54,5.54,5.5400,5.5400,5.5400,0,0,400,400,NaN,0.0000,0.0000,0,400,0.0401,0.0402,0.0401,0.0795,0.0014,0,0,0,0,0,zigbee:400,0,0
zigbee.toml,zigbee.toml,5.53,5.53,5.5300,5.5300,5.5300,0,0,400,400,NaN,0.0000,0.0000,0,400,0.0418,0.0417,0.0419,0.0873,0.0016,0,0,0,0,0,zigbee:400,0,0
zigbee.toml,zigbee.toml,5.52,5.52,5.5200,5.5200,5.5200,0,0,400,400,NaN,0.0000,0.0000,0,400,0.0455,0.0454,0.0456,0.0818,0.0018,0,0,0,0,0,zigbee:400,0,0
zigbee.toml,zigbee.toml,5.51,5.51,5.5100,5.5100,5.5100,0,0,400,400,NaN,0.0000,0.0000,0,400,0.0523,0.0534,0.0510,0.0973,0.0022,0,0,0,0,0,zigbee:400,0,0
zigbee.toml,zigbee.toml,5.5,5.5,5.5000,5.5000,5.5000,0,0,400,400,NaN,0.0000,0.0000,0,400,0.0558,0.0550,0.0564,0.2577,0.0025,0,0,0,0,0,zigbee:400,0,0
zigbee.toml,zigbee.toml,5.49,5.49,5.4900,5.4900,5.4900,0,0,400,400,NaN,0.0000,0.0000,0,400,0.0427,0.0427,0.0427,0.1001,0.0015,0,0,0,0,0,zigbee:400,0,0
zigbee.toml,zigbee.toml,5.48,5.48,5.4800,5.4800,5.4800,0,0,400,400,NaN,0.0000,0.0000,0,400,0.0461,0.0460,0.0461,0.0978,0.0019,0,0,0,0,0,zigbee:400,0,0
zigbee.toml,zigbee.toml,5.47,5.47,5.4700,5.4700,5.4700,0,0,400,400,NaN,0.0000,0.0000,0,400,0.0437,0.0437,0.0437,0.0805,0.0017,0,0,0,0,0,zigbee:400,0,0
zigbee.toml,zigbee.toml,5.46,5.46,5.4600,5.4600,5.4600,0,0,400,400,NaN,0.0000,0.0000,0,400,0.0401,0.0408,0.0398,0.0673,0.0015,0,0,0,0,0,zigbee:400,0,0
zigbee.toml,zigbee.toml,5.45,5.45,5.4500,5.4500,5.4500,0,0,400,400,NaN,0.0000,0.0000,0,400,0.0411,0.0410,0.0412,0.0660,0.0016,0,0,0,0,0,zigbee:400,0,0
zigbee.toml,zigbee.toml,5.44,5.44,5.4400,5.4400,5.4400,0,0,400,400,NaN,0.0000,0.0000,0,400,0.0401,0.0400,0.0410,0.2646,0.0015,0,0,0,0,0,zigbee:400,0,0
zigbee.toml,zigbee.toml,5.43,5.43,5.4300,5.4300,5.4300,0,0,400,400,NaN,0.0000,0.0000,0,400,0.0431,0.0427,0.0439,0.0909,0.0017,0,0,0,0,0,zigbee:400,0,0
zigbee.toml,zigbee.toml,5.42,5.42,5.4200,5.4200,5.4200,0,0,400,400,NaN,0.0000,0.0000,0,400,0.0430,0.0430,0.0431,0.1212,0.0016,0,0,0,0,0,zigbee:400,0,0
zigbee.toml,zigbee.toml,5.41,5.41,5.4100,5.4100,5.4100,0,0,400,400,NaN,0.0000,0.0000,0,400,0.0433,0.0435,0.0432,0.2546,0.0017,0,0,0,0,0,zigbee:400,0,0
zigbee.toml,zigbee.toml,5.4,5.4,5.4000,5.4000,5.4000,0,0,400,400,NaN,0.0000,0.0000,0,400,0.0411,0.0405,0.0416,0.0764,0.0015,0,0,0,0,0,zigbee:400,0,0
zigbee.toml,zigbee.toml,5.39,5.39,5.3900,5.3900,5.3900,0,0,400,400,NaN,0.0000,0.0000,0,400,0.0408,0.0408,0.0408,0.0964,0.0015,0,0,0,0,0,zigbee:400,0,0
zigbee.toml,zigbee.toml,5.38,5.38,5.3800,5.3800,5.3800,0,0,400,400,NaN,0.0000,0.0000,0,400,0.0405,0.0407,0.0403,0.0973,0.0015,0,0,0,0,0,zigbee:400,0,0
zigbee.toml,zigbee.toml,5.37,5.37,5.3700,5.3700,5.3700,0,0,400,400,NaN,0.0000,0.0000,0,400,0.0437,0.0438,0.0436,0.0694,0.0016,0,0,0,0,0,zigbee:400,0,0
zigbee.toml,zigbee.toml,5.36,5.36,5.3600,5.3600,5.3600,0,0,400,400,NaN,0.0000,0.0000,0,400,0.0418,0.0418,0.0418,0.0661,0.0015,0,0,0,0,0,zigbee:400,0,0
zigbee.toml,zigbee.toml,5.35,5.35,5.3500,5.3500,5.3500,0,0,400,400,NaN,0.0000,0.0000,0,400,0.0422,0.0425,0.0421,0.0834,0.0016,0,0,0,0,0,zigbee:400,0,0
zigbee.toml,zigbee.toml,5.34,5.34,5.3400,5.3400,5.3400,0,0,400,400,NaN,0.0000,0.0000,0,400,0.0430,0.0425,0.0438,0.0966,0.0017,0,0,0,0,0,zigbee:400,0,0
zigbee.toml,zigbee.toml,5.33,5.33,5.3300,5.3300,5.3300,0,0,400,400,NaN,0.0000,0.0000,0,400,0.0409,0.0411,0.0406,0.0650,0.0015,0,0,0,0,0,zigbee:400,0,0
zigbee.toml,zigbee.toml,5.32,5.32,5.3200,5.3200,5.3200,0,0,400,400,NaN,0.0000,0.0000,0,400,0.0419,0.0409,0.0426,0.0665,0.0015,0,0,0,0,0,zigbee:400,0,0
zigbee.toml,zigbee.toml,5.31,5.31,5.3100,5.3100,5.3100,0,0,400,400,NaN,0.0000,0.0000,0,400,0.0416,0.0421,0.0415,0.0719,0.0016,0,0,0,0,0,zigbee:400,0,0
zigbee.toml,zigbee.toml,5.3,5.3,5.3000,5.3000,5.3000,0,0,400,400,NaN,0.0000,0.0000,0,400,0.0415,0.0410,0.0418,0.0695,0.0015,0,0,0,0,0,zigbee:400,0,0
zigbee.toml,zigbee.toml,5.29,5.29,5.2900,5.2900,5.2900,0,0,400,400,NaN,0.0000,0.0000,0,400,0.0436,0.0436,0.0436,0.1030,0.0017,0,0,0,0,0,zigbee:400,0,0
zigbee.toml,zigbee.toml,5.28,5.28,5.2800,5.2800,5.2800,0,0,400,400,NaN,0.0000,0.0000,0,400,0.0446,0.0450,0.0440,0.0792,0.0018,0,0,0,0,0,zigbee:400,0,0
zigbee.toml,zigbee.toml,5.27,5.27,5.2700,5.2700,5.2700,0,0,400,400,NaN,0.0000,0.0000,0,400,0.0420,0.0424,0.0414,0.0646,0.0016,0,0,0,0,0,zigbee:400,0,0
zigbee.toml,zigbee.toml,5.26,5.26,5.2600,5.2600,5.2600,0,0,400,400,NaN,0.0000,0.0000,0,400,0.0409,0.0406,0.0416,0.1184,0.0016,0,0,0,0,0,zigbee:400,0,0
zigbee.toml,zigbee.toml,5.25,5.25,5.2500,5.2500,5.2500,0,0,400,400,NaN,0.0000,0.0000,0,400,0.0425,0.0427,0.0422,0.0764,0.0016,0,0,0,0,0,zigbee:400,0,0
zigbee.toml,zigbee.toml,5.24,5.24,5.2400,5.2400,5.2400,0,0,400,400,NaN,0.0000,0.0000,0,400,0.0407,0.0408,0.0406,0.0662,0.0015,0,0,0,0,0,zigbee:400,0,0
zigbee.toml,zigbee.toml,5.23,5.23,5.2300,5.2300,5.2300,0,0,400,400,NaN,0.0000,0.0000,0,400,0.0394,0.0396,0.0394,0.0697,0.0014,0,0,0,0,0,zigbee:400,0,0
zigbee.toml,zigbee.toml,5.22,5.22,5.2200,5.2200,5.2200,0,0,400,400,NaN,0.0000,0.0000,0,400,0.0422,0.0420,0.0427,0.0670,0.0016,0,0,0,0,0,zigbee:400,0,0
zigbee.toml,zigbee.toml,5.21,5.21,5.2100,5.2100,5.2100,0,0,400,400,NaN,0.0000,0.0000,0,400,0.0424,0.0427,0.0421,0.0936,0.0016,0,0,0,0,0,zigbee:400,0,0
zigbee.toml,zigbee.toml,5.2,5.2,5.2000,5.2000,5.2000,0,0,400,400,NaN,0.0000,0.0000,0,400,0.0428,0.0424,0.0436,0.1643,0.0016,0,0,0,0,0,zigbee:400,0,0
zigbee.toml,zigbee.toml,5.19,5.19,5.1900,5.1900,5.1900,0,0,400,400,NaN,0.0000,0.0000,0,400,0.0416,0.0419,0.0413,0.0807,0.0016,0,0,0,0,0,zigbee:400,0,0
zigbee.toml,zigbee.toml,5.18,5.18,5.1800,5.1800,5.1800,0,0,400,400,NaN,0.0000,0.0000,0,400,0.0403,0.0399,0.0407,0.0712,0.0014,0,0,0,0,0,zigbee:400,0,0
zigbee.toml,zigbee.toml,5.17,5.17,5.1700,5.1700,5.1700,0,0,400,400,NaN,0.0000,0.0000,0,400,0.0414,0.0414,0.0415,0.0777,0.0015,0,0,0,0,0,zigbee:400,0,0
zigbee.toml,zigbee.toml,5.16,5.16,5.1600,5.1600,5.1600,0,0,400,400,NaN,0.0000,0.0000,0,400,0.0397,0.0394,0.0404,0.0672,0.0014,0,0,0,0,0,zigbee:400,0,0
zigbee.toml,zigbee.toml,5.15,5.15,5.1500,5.1500,5.1500,0,0,400,400,NaN,0.0000,0.0000,0,400,0.0413,0.0412,0.0413,0.0609,0.0016,0,0,0,0,0,zigbee:400,0,0
zigbee.toml,zigbee.toml,5.14,5.14,5.1400,5.1400,5.1400,0,0,400,400,NaN,0.0000,0.0000,0,400,0.0394,0.0396,0.0394,0.0628,0.0015,0,0,0,0,0,zigbee:400,0,0
zigbee.toml,zigbee.toml,5.13,5.13,5.1300,5.1300,5.1300,0,0,400,400,NaN,0.0000,0.0000,0,400,0.0404,0.0405,0.0402,0.0868,0.0015,0,0,0,0,0,zigbee:400,0,0
zigbee.toml,zigbee.toml,5.12,5.12,5.1200,5.1200,5.1200,0,0,400,400,NaN,0.0000,0.0000,0,400,0.0403,0.0403,0.0408,0.0753,0.0015,0,0,0,0,0,zigbee:400,0,0
zigbee.toml,zigbee.toml,5.11,5.11,5.1100,5.1100,5.1100,0,0,400,400,NaN,0.0000,0.0000,0,400,0.0393,0.0394,0.0392,0.0622,0.0014,0,0,0,0,0,zigbee:400,0,0
zigbee.toml,zigbee.toml,5.1,5.1,5.1000,5.1000,5.1000,0,0,400,400,NaN,0.0000,0.0000,0,400,0.0420,0.0415,0.0426,0.1199,0.0016,0,0,0,0,0,zigbee:400,0,0
zigbee.toml,zigbee.toml,5.09,5.09,5.0900,5.0900,5.0900,0,0,400,400,NaN,0.0000,0.0000,0,400,0.0392,0.0389,0.0394,0.2530,0.0014,0,0,0,0,0,zigbee:400,0,0
zigbee.toml,zigbee.toml,5.08,5.08,5.0800,5.0800,5.0800,0,0,400,400,NaN,0.0000,0.0000,0,400,0.0402,0.0402,0.0403,0.1023,0.0015,0,0,0,0,0,zigbee:400,0,0
zigbee.toml,zigbee.toml,5.07,5.07,5.0700,5.0700,5.0700,0,0,400,400,NaN,0.0000,0.0000,0,400,0.0405,0.0401,0.0409,0.0962,0.0015,0,0,0,0,0,zigbee:400,0,0
zigbee.toml,zigbee.toml,5.06,5.06,5.0600,5.0600,5.0600,0,0,400,400,NaN,0.0000,0.0000,0,400,0.0401,0.0406,0.0398,0.0772,0.0015,0,0,0,0,0,zigbee:400,0,0
zigbee.toml,zigbee.toml,5.05,5.05,5.0500,5.0500,5.0500,0,0,400,400,NaN,0.0000,0.0000,0,400,0.0410,0.0411,0.0408,0.0684,0.0015,0,0,0,0,0,zigbee:400,0,0
zigbee.toml,zigbee.toml,5.04,5.04,5.0400,5.0400,5.0400,0,0,400,400,NaN,0.0000,0.0000,0,400,0.0390,0.0392,0.0388,0.0593,0.0013,0,0,0,0,0,zigbee:400,0,0
zigbee.toml,zigbee.toml,5.03,5.03,5.0300,5.0300,5.0300,0,0,400,400,NaN,0.0000,0.0000,0,400,0.0406,0.0409,0.0401,0.0685,0.0015,0,0,0,0,0,zigbee:400,0,0
zigbee.toml,zigbee.toml,5.02,5.02,5.0200,5.0200,5.0200,0,0,400,400,NaN,0.0000,0.0000,0,400,0.0404,0.0402,0.0404,0.2572,0.0015,0,0,0,0,0,zigbee:400,0,0
zigbee.toml,zigbee.toml,5.01,5.01,5.0100,5.0100,5.0100,0,0,400,400,NaN,0.0000,0.0000,0,400,0.0400,0.0400,0.0401,0.0709,0.0015,0,0,0,0,0,zigbee:400,0,0
zigbee.toml,zigbee.toml,5,5,5.0000,5.0000,5.0000,0,0,400,400,NaN,0.0000,0.0000,0,400,0.0397,0.0396,0.0399,0.0659,0.0014,0,0,0,0,0,zigbee:400,0,0
zigbee.toml,zigbee.toml,4.99,4.99,4.9900,4.9900,4.9900,0,0,400,400,NaN,0.0000,0.0000,0,400,0.0396,0.0399,0.0390,0.0670,0.0014,0,0,0,0,0,zigbee:400,0,0
zigbee.toml,zigbee.toml,4.98,4.98,4.9800,4.9800,4.9800,0,0,400,400,NaN,0.0000,0.0000,0,400,0.0407,0.0405,0.0410,0.0646,0.0016,0,0,0,0,0,zigbee:400,0,0
zigbee.toml,zigbee.toml,4.97,4.97,4.9700,4.9700,4.9700,0,0,400,400,NaN,0.0000,0.0000,0,400,0.0387,0.0391,0.0383,0.2523,0.0014,0,0,0,0,0,zigbee:400,0,0
zigbee.toml,zigbee.toml,4.96,4.96,4.9600,4.9600,4.9600,0,0,400,400,NaN,0.0000,0.0000,0,400,0.0410,0.0412,0.0407,0.0986,0.0015,0,0,0,0,0,zigbee:400,0,0
zigbee.toml,zigbee.toml,4.95,4.95,4.9500,4.9500,4.9500,0,0,400,400,NaN,0.0000,0.0000,0,400,0.0390,0.0392,0.0390,0.0705,0.0013,0,0,0,0,0,zigbee:400,0,0
zigbee.toml,zigbee.toml,4.94,4.94,4.9400,4.9400,4.9400,0,0,400,400,NaN,0.0000,0.0000,0,400,0.0394,0.0393,0.0395,0.0787,0.0014,0,0,0,0,0,zigbee:400,0,0
zigbee.toml,zigbee.toml,4.93,4.93,4.9300,4.9300,4.9300,0,0,400,400,NaN,0.0000,0.0000,0,400,0.0406,0.0411,0.0403,0.0945,0.0014,0,0,0,0,0,zigbee:400,0,0
zigbee.toml,zigbee.toml,4.92,4.92,4.9200,4.9200,4.9200,0,0,400,400,NaN,0.0000,0.0000,0,400,0.0390,0.0389,0.0392,0.0698,0.0014,0,0,0,0,0,zigbee:400,0,0
zigbee.toml,zigbee.toml,4.91,4.91,4.9100,4.9100,4.9100,0,0,400,400,NaN,0.0000,0.0000,0,400,0.0399,0.0398,0.0402,0.0751,0.0015,0,0,0,0,0,zigbee:400,0,0
zigbee.toml,zigbee.toml,4.9,4.9,4.9000,4.9000,4.9000,0,0,400,400,NaN,0.0000,0.0000,0,400,0.0390,0.0393,0.0387,0.0601,0.0014,0,0,0,0,0,zigbee:400,0,0
zigbee.toml,zigbee.toml,4.89,4.89,4.8900,4.8900,4.8900,0,0,400,400,NaN,0.0000,0.0000,0,400,0.0416,0.0423,0.0412,0.0826,0.0015,0,0,0,0,0,zigbee:400,0,0
zigbee.toml,zigbee.toml,4.88,4.88,4.8800,4.8800,4.8800,0,0,400,400,NaN,0.0000,0.0000,0,400,0.0386,0.0386,0.0388,0.0825,0.0014,0,0,0,0,0,zigbee:400,0,0
zigbee.toml,zigbee.toml,4.87,4.87,4.8700,4.8700,4.8700,0,0,400,400,NaN,0.0000,0.0000,0,400,0.0402,0.0402,0.0403,0.1266,0.0015,0,0,0,0,0,zigbee:400,0,0
zigbee.toml,zigbee.toml,4.86,4.86,4.8600,4.8600,4.8600,0,0,400,400,NaN,0.0000,0.0000,0,400,0.0403,0.0405,0.0401,0.0670,0.0015,0,0,0,0,0,zigbee:400,0,0
zigbee.toml,zigbee.toml,4.85,4.85,4.8500,4.8500,4.8500,0,0,400,400,NaN,0.0000,0.0000,0,400,0.0395,0.0394,0.0395,0.0608,0.0014,0,0,0,0,0,zigbee:400,0,0
zigbee.toml,zigbee.toml,4.84,4.84,4.8400,4.8400,4.8400,0,0,400,400,NaN,0.0000,0.0000,0,400,0.0428,0.0431,0.0424,0.1147,0.0016,0,0,0,0,0,zigbee:400,0,0
zigbee.toml,zigbee.toml,4.83,4.83,4.8300,4.8300,4.8300,0,0,400,400,NaN,0.0000,0.0000,0,400,0.0431,0.0423,0.0435,0.1191,0.0016,0,0,0,0,0,zigbee:400,0,0
zigbee.toml,zigbee.toml,4.82,4.82,4.8200,4.8200,4.8200,0,0,400,400,NaN,0.0000,0.0000,0,400,0.0408,0.0404,0.0411,0.0697,0.0015,0,0,0,0,0,zigbee:400,0,0
zigbee.toml,zigbee.toml,4.81,4.81,4.8100,4.8100,4.8100,0,0,400,400,NaN,0.0000,0.0000,0,400,0.0407,0.0413,0.0401,0.1154,0.0014,0,0,0,0,0,zigbee:400,0,0
zigbee.toml,zigbee.toml,4.8,4.8,4.8000,4.8000,4.8000,0,0,400,400,NaN,0.0000,0.0000,0,400,0.0433,0.0427,0.0439,0.0704,0.0017,0,0,0,0,0,zigbee:400,0,0
zigbee.toml,zigbee.toml,4.79,4.79,4.7900,4.7900,4.7900,0,0,400,400,NaN,0.0000,0.0000,0,400,0.0403,0.0403,0.0401,0.0758,0.0015,0,0,0,0,0,zigbee:400,0,0
zigbee.toml,zigbee.toml,4.78,4.78,4.7800,4.7800,4.7800,0,0,400,400,NaN,0.0000,0.0000,0,400,0.0408,0.0410,0.0405,0.0802,0.0015,0,0,0,0,0,zigbee:400,0,0
zigbee.toml,zigbee.toml,4.77,4.77,4.7700,4.7700,4.7700,0,0,400,400,NaN,0.0000,0.0000,0,400,0.0408,0.0404,0.0415,0.2604,0.0015,0,0,0,0,0,zigbee:400,0,0
zigbee.toml,zigbee.toml,4.76,4.76,4.7600,4.7600,4.7600,0,0,400,400,NaN,0.0000,0.0000,0,400,0.0390,0.0386,0.0395,0.0602,0.0013,0,0,0,0,0,zigbee:400,0,0
zigbee.toml,zigbee.toml,4.75,4.75,4.7500,4.7500,4.7500,0,0,400,400,NaN,0.0000,0.0000,0,400,0.0432,0.0430,0.0435,0.1182,0.0017,0,0,0,0,0,zigbee:400,0,0
zigbee.toml,zigbee.toml,4.74,4.74,4.7400,4.7400,4.7400,0,0,400,400,NaN,0.0000,0.0000,0,400,0.0402,0.0403,0.0402,0.2668,0.0015,0,0,0,0,0,zigbee:400,0,0
zigbee.toml,zigbee.toml,4.73,4.73,4.7300,4.7300,4.7300,0,0,400,400,NaN,0.0000,0.0000,0,400,0.0448,0.0443,0.0452,0.0894,0.0017,0,0,0,0,0,zigbee:400,0,0
zigbee.toml,zigbee.toml,4.72,4.72,4.7200,4.7200,4.7200,0,0,400,400,NaN,0.0000,0.0000,0,400,0.0420,0.0415,0.0430,0.1499,0.0016,0,0,0,0,0,zigbee:400,0,0
zigbee.toml,zigbee.toml,4.71,4.71,4.7100,4.7100,4.7100,0,0,400,400,NaN,0.0000,0.0000,0,400,0.0398,0.0396,0.0402,0.0684,0.0014,0,0,0,0,0,zigbee:400,0,0
zigbee.toml,zigbee.toml,4.7,4.7,4.7000,4.7000,4.7000,0,0,400,400,NaN,0.0000,0.0000,0,400,0.0427,0.0430,0.0427,0.1077,0.0016,0,0,0,0,0,zigbee:400,0,0
zigbee.toml,zigbee.toml,4.69,4.69,4.6900,4.6900,4.6900,0,0,400,400,NaN,0.0000,0.0000,0,400,0.0402,0.0408,0.0399,0.0662,0.0015,0,0,0,0,0,zigbee:400,0,0
zigbee.toml,zigbee.toml,4.68,4.68,4.6800,4.6800,4.6800,0,0,400,400,NaN,0.0000,0.0000,0,400,0.0404,0.0409,0.0403,0.0904,0.0015,0,0,0,0,0,zigbee:400,0,0
zigbee.toml,zigbee.toml,4.67,4.67,4.6700,4.6700,4.6700,0,0,400,400,NaN,0.0000,0.0000,0,400,0.0393,0.0394,0.0393,0.1156,0.0014,0,0,0,0,0,zigbee:400,0,0
zigbee.toml,zigbee.toml,4.66,4.66,4.6600,4.6600,4.6600,0,0,400,400,NaN,0.0000,0.0000,0,400,0.0398,0.0399,0.0397,0.1144,0.0014,0,0,0,0,0,zigbee:400,0,0
zigbee.toml,zigbee.toml,4.65,4.65,4.6500,4.6500,4.6500,0,0,400,400,NaN,0.0000,0.0000,0,400,0.0401,0.0398,0.0403,0.0822,0.0014,0,0,0,0,0,zigbee:400,0,0
zigbee.toml,zigbee.toml,4.64,4.64,4.6400,4.6400,4.6400,0,0,400,400,NaN,0.0000,0.0000,0,400,0.0401,0.0398,0.0409,0.0644,0.0014,0,0,0,0,0,zigbee:400,0,0
zigbee.toml,zigbee.toml,4.63,4.63,4.6300,4.6300,4.6300,0,0,400,400,NaN,0.0000,0.0000,0,400,0.0409,0.0403,0.0413,0.0779,0.0016,0,0,0,0,0,zigbee:400,0,0
zigbee.toml,zigbee.toml,4.62,4.62,4.6200,4.6200,4.6200,0,0,400,400,NaN,0.0000,0.0000,0,400,0.0395,0.0395,0.0394,0.0618,0.0015,0,0,0,0,0,zigbee:400,0,0
zigbee.toml,zigbee.toml,4.61,4.61,4.6100,4.6100,4.6100,0,0,400,400,NaN,0.0000,0.0000,0,400,0.0413,0.0416,0.0412,0.0703,0.0016,0,0,0,0,0,zigbee:400,0,0
zigbee.toml,zigbee.toml,4.6,4.6,4.6000,4.6000,4.6000,0,0,400,400,NaN,0.0000,0.0000,0,400,0.0410,0.0409,0.0412,0.0790,0.0016,0,0,0,0,0,zigbee:400,0,0
zigbee.toml,zigbee.toml,4.59,4.59,4.5900,4.5900,4.5900,0,0,400,400,NaN,0.0000,0.0000,0,400,0.0401,0.0402,0.0399,0.0704,0.0015,0,0,0,0,0,zigbee:400,0,0
zigbee.toml,zigbee.toml,4.58,4.58,4.5800,4.5800,4.5800,0,0,400,400,NaN,0.0000,0.0000,0,400,0.0391,0.0395,0.0387,0.0632,0.0014,0,0,0,0,0,zigbee:400,0,0
zigbee.toml,zigbee.toml,4.57,4.57,4.5700,4.5700,4.5700,0,0,400,400,NaN,0.0000,0.0000,0,400,0.0419,0.0425,0.0418,0.0708,0.0016,0,0,0,0,0,zigbee:400,0,0
zigbee.toml,zigbee.toml,4.56,4.56,4.5600,4.5600,4.5600,0,0,400,400,NaN,0.0000,0.0000,0,400,0.0388,0.0392,0.0386,0.0876,0.0013,0,0,0,0,0,zigbee:400,0,0
zigbee.toml,zigbee.toml,4.55,4.55,4.5500,4.5500,4.5500,0,0,400,400,NaN,0.0000,0.0000,0,400,0.0387,0.0388,0.0387,0.0773,0.0013,0,0,0,0,0,zigbee:400,0,0
zigbee.toml,zigbee.toml,4.54,4.54,4.5400,4.5400,4.5400,0,0,400,400,NaN,0.0000,0.0000,0,400,0.0372,0.0376,0.0369,0.0590,0.0013,0,0,0,0,0,zigbee:400,0,0
zigbee.toml,zigbee.toml,4.53,4.53,4.5300,4.5300,4.5300,0,0,400,400,NaN,0.0000,0.0000,0,400,0.0370,0.0366,0.0373,0.0625,0.0013,0,0,0,0,0,zigbee:400,0,0
zigbee.toml,zigbee.toml,4.52,4.52,4.5200,4.5200,4.5200,0,0,400,400,NaN,0.0000,0.0000,0,400,0.0384,0.0384,0.0384,0.2475,0.0013,0,0,0,0,0,zigbee:400,0,0
zigbee.toml,zigbee.toml,4.51,4.51,4.5100,4.5100,4.5100,0,0,400,400,NaN,0.0000,0.0000,0,400,0.0380,0.0377,0.0381,0.0698,0.0013,0,0,0,0,0,zigbee:400,0,0
zigbee.toml,zigbee.toml,4.5,4.5,4.5000,4.5000,4.5000,0,0,400,400,NaN,0.0000,0.0000,0,400,0.0387,0.0383,0.0391,0.0647,0.0014,0,0,0,0,0,zigbee:400,0,0
zigbee.toml,zigbee.toml,4.49,4.49,4.4900,4.4900,4.4900,0,0,400,400,NaN,0.0000,0.0000,0,400,0.0371,0.0372,0.0371,0.0629,0.0013,0,0,0,0,0,zigbee:400,0,0
zigbee.toml,zigbee.toml,4.48,4.48,4.4800,4.4800,4.4800,0,0,400,400,NaN,0.0000,0.0000,0,400,0.0368,0.0369,0.0368,0.0574,0.0012,0,0,0,0,0,zigbee:400,0,0
zigbee.toml,zigbee.toml,4.47,4.47,4.4700,4.4700,4.4700,0,0,400,400,NaN,0.0000,0.0000,0,400,0.0377,0.0375,0.0378,0.0739,0.0013,0,0,0,0,0,zigbee:400,0,0
zigbee.toml,zigbee.toml,4.46,4.46,4.4600,4.4600,4.4600,0,0,400,400,NaN,0.0000,0.0000,0,400,0.0370,0.0375,0.0366,0.0596,0.0013,0,0,0,0,0,zigbee:400,0,0
zigbee.toml,zigbee.toml,4.45,4.45,4.4500,4.4500,4.4500,0,0,400,400,NaN,0.0000,0.0000,0,400,0.0370,0.0374,0.0369,0.0674,0.0013,0,0,0,0,0,zigbee:400,0,0
zigbee.toml,zigbee.toml,4.44,4.44,4.4400,4.4400,4.4400,0,0,400,400,NaN,0.0000,0.0000,0,400,0.0386,0.0389,0.0385,0.0606,0.0013,0,0,0,0,0,zigbee:400,0,0
zigbee.toml,zigbee.toml,4.43,4.43,4.4300,4.4300,4.4300,0,0,400,400,NaN,0.0000,0.0000,0,400,0.0407,0.0406,0.0409,0.0636,0.0015,0,0,0,0,0,zigbee:400,0,0
zigbee.toml,zigbee.toml,4.42,4.42,4.4200,4.4200,4.4200,0,0,400,400,NaN,0.0000,0.0000,0,400,0.0439,0.0437,0.0440,0.1294,0.0017,0,0,0,0,0,zigbee:400,0,0
zigbee.toml,zigbee.toml,4.41,4.41,4.4100,4.4100,4.4100,0,0,400,400,NaN,0.0000,0.0000,0,400,0.0415,0.0415,0.0414,0.0773,0.0015,0,0,0,0,0,zigbee:400,0,0
zigbee.toml,zigbee.toml,4.4,4.4,4.4000,4.4000,4.4000,0,0,400,400,NaN,0.0000,0.0000,0,400,0.0410,0.0410,0.0407,0.1724,0.0015,0,0,0,0,0,zigbee:400,0,0
zigbee.toml,zigbee.toml,4.39,4.39,4.3900,4.3900,4.3900,0,0,400,400,NaN,0.0000,0.0000,0,400,0.0426,0.0425,0.0430,0.1087,0.0016,0,0,0,0,0,zigbee:400,0,0
zigbee.toml,zigbee.toml,4.38,4.38,4.3800,4.3800,4.3800,0,0,400,400,NaN,0.0000,0.0000,0,400,0.0425,0.0426,0.0425,0.2486,0.0016,0,0,0,0,0,zigbee:400,0,0
zigbee.toml,zigbee.toml,4.37,4.37,4.3700,4.3700,4.3700,0,0,400,400,NaN,0.0000,0.0000,0,400,0.0413,0.0410,0.0413,0.0652,0.0015,0,0,0,0,0,zigbee:400,0,0
zigbee.toml,zigbee.toml,4.36,4.36,4.3600,4.3600,4.3600,0,0,400,400,NaN,0.0000,0.0000,0,400,0.0403,0.0400,0.0405,0.0793,0.0015,0,0,0,0,0,zigbee:400,0,0
zigbee.toml,zigbee.toml,4.35,4.35,4.3500,4.3500,4.3500,0,0,400,400,NaN,0.0000,0.0000,0,400,0.0409,0.0407,0.0412,0.0700,0.0015,0,0,0,0,0,zigbee:400,0,0
zigbee.toml,zigbee.toml,4.34,4.34,4.3400,4.3400,4.3400,0,0,400,400,NaN,0.0000,0.0000,0,400,0.0418,0.0419,0.0414,0.2567,0.0015,0,0,0,0,0,zigbee:400,0,0
zigbee.toml,zigbee.toml,4.33,4.33,4.3300,4.3300,4.3300,0,0,400,400,NaN,0.0000,0.0000,0,400,0.0432,0.0440,0.0428,0.1242,0.0017,0,0,0,0,0,zigbee:400,0,0
zigbee.toml,zigbee.toml,4.32,4.32,4.3200,4.3200,4.3200,0,0,400,400,NaN,0.0000,0.0000,0,400,0.0436,0.0440,0.0434,0.0971,0.0017,0,0,0,0,0,zigbee:400,0,0
zigbee.toml,zigbee.toml,4.31,4.31,4.3100,4.3100,4.3100,0,0,400,400,NaN,0.0000,0.0000,0,400,0.0450,0.0450,0.0459,0.0921,0.0018,0,0,0,0,0,zigbee:400,0,0
zigbee.toml,zigbee.toml,4.3,4.3,4.3000,4.3000,4.3000,0,0,400,400,NaN,0.0000,0.0000,0,400,0.0382,0.0381,0.0385,0.0696,0.0013,0,0,0,0,0,zigbee:400,0,0
zigbee.toml,zigbee.toml,4.29,4.29,4.2900,4.2900,4.2900,0,0,400,400,NaN,0.0000,0.0000,0,400,0.0420,0.0415,0.0422,0.0709,0.0015,0,0,0,0,0,zigbee:400,0,0
zigbee.toml,zigbee.toml,4.28,4.28,4.2800,4.2800,4.2800,0,0,400,400,NaN,0.0000,0.0000,0,400,0.0384,0.0384,0.0386,0.1330,0.0013,0,0,0,0,0,zigbee:400,0,0
zigbee.toml,zigbee.toml,4.27,4.27,4.2700,4.2700,4.2700,0,0,400,400,NaN,0.0000,0.0000,0,400,0.0407,0.0403,0.0412,0.0650,0.0014,0,0,0,0,0,zigbee:400,0,0
zigbee.toml,zigbee.toml,4.26,4.26,4.2600,4.2600,4.2600,0,0,400,400,NaN,0.0000,0.0000,0,400,0.0406,0.0410,0.0402,0.0776,0.0015,0,0,0,0,0,zigbee:400,0,0
zigbee.toml,zigbee.toml,4.25,4.25,4.2500,4.2500,4.2500,0,0,400,400,NaN,0.0000,0.0000,0,400,0.0446,0.0451,0.0445,0.0920,0.0017,0,0,0,0,0,zigbee:400,0,0
zigbee.toml,zigbee.toml,4.24,4.24,4.2400,4.2400,4.2400,0,0,400,400,NaN,0.0000,0.0000,0,400,0.0436,0.0432,0.0439,0.0803,0.0017,0,0,0,0,0,zigbee:400,0,0
zigbee.toml,zigbee.toml,4.23,4.23,4.2300,4.2300,4.2300,0,0,400,400,NaN,0.0000,0.0000,0,400,0.0431,0.0436,0.0431,0.2555,0.0016,0,0,0,0,0,zigbee:400,0,0
zigbee.toml,zigbee.toml,4.22,4.22,4.2200,4.2200,4.2200,0,0,400,400,NaN,0.0000,0.0000,0,400,0.0465,0.0463,0.0467,0.0827,0.0019,0,0,0,0,0,zigbee:400,0,0
zigbee.toml,zigbee.toml,4.21,4.21,4.2100,4.2100,4.2100,0,0,400,400,NaN,0.0000,0.0000,0,400,0.0520,0.0514,0.0526,0.0980,0.0023,0,0,0,0,0,zigbee:400,0,0
zigbee.toml,zigbee.toml,4.2,4.2,4.2000,4.2000,4.2000,0,0,400,400,NaN,0.0000,0.0000,0,400,0.0394,0.0395,0.0392,0.0711,0.0014,0,0,0,0,0,zigbee:400,0,0
zigbee.toml,zigbee.toml,4.19,4.19,4.1900,4.1900,4.1900,0,0,400,400,NaN,0.0000,0.0000,0,400,0.0507,0.0504,0.0507,0.0817,0.0021,0,0,0,0,0,zigbee:400,0,0
zigbee.toml,zigbee.toml,4.18,4.18,4.1800,4.1800,4.1800,0,0,400,400,NaN,0.0000,0.0000,0,400,0.0388,0.0388,0.0390,0.0791,0.0013,0,0,0,0,0,zigbee:400,0,0
zigbee.toml,zigbee.toml,4.17,4.17,4.1700,4.1700,4.1700,0,0,400,400,NaN,0.0000,0.0000,0,400,0.0487,0.0490,0.0483,0.0973,0.0020,0,0,0,0,0,zigbee:400,0,0
zigbee.toml,zigbee.toml,4.16,4.16,4.1600,4.1600,4.1600,0,0,400,400,NaN,0.0000,0.0000,0,400,0.0389,0.0395,0.0382,0.0633,0.0013,0,0,0,0,0,zigbee:400,0,0
zigbee.toml,zigbee.toml,4.15,4.15,4.1500,4.1500,4.1500,0,0,400,400,NaN,0.0000,0.0000,0,400,0.0397,0.0399,0.0395,0.0719,0.0014,0,0,0,0,0,zigbee:400,0,0
zigbee.toml,zigbee.toml,4.14,4.14,4.1400,4.1400,4.1400,0,0,400,400,NaN,0.0000,0.0000,0,400,0.0406,0.0406,0.0406,0.0721,0.0015,0,0,0,0,0,zigbee:400,0,0
zigbee.toml,zigbee.toml,4.13,4.13,4.1300,4.1300,4.1300,0,0,400,400,NaN,0.0000,0.0000,0,400,0.0389,0.0390,0.0388,0.2514,0.0014,0,0,0,0,0,zigbee:400,0,0
zigbee.toml,zigbee.toml,4.12,4.12,4.1200,4.1200,4.1200,0,0,400,400,NaN,0.0000,0.0000,0,400,0.0414,0.0416,0.0414,0.0786,0.0015,0,0,0,0,0,zigbee:400,0,0
zigbee.toml,zigbee.toml,4.11,4.11,4.1100,4.1100,4.1100,0,0,400,400,NaN,0.0000,0.0000,0,400,0.0401,0.0402,0.0401,0.0860,0.0014,0,0,0,0,0,zigbee:400,0,0
zigbee.toml,zigbee.toml,4.1,4.1,4.1000,4.1000,4.1000,0,0,400,400,NaN,0.0000,0.0000,0,400,0.0398,0.0399,0.0398,0.0983,0.0014,0,0,0,0,0,zigbee:400,0,0
zigbee.toml,zigbee.toml,4.09,4.09,4.0900,4.0900,4.0900,0,0,400,400,NaN,0.0000,0.0000,0,400,0.0431,0.0425,0.0437,0.1222,0.0015,0,0,0,0,0,zigbee:400,0,0
zigbee.toml,zigbee.toml,4.08,4.08,4.0800,4.0800,4.0800,0,0,400,400,NaN,0.0000,0.0000,0,400,0.0425,0.0428,0.0421,0.0674,0.0016,0,0,0,0,0,zigbee:400,0,0
zigbee.toml,zigbee.toml,4.07,4.07,4.0700,4.0700,4.0700,0,0,400,400,NaN,0.0000,0.0000,0,400,0.0390,0.0392,0.0389,0.0601,0.0014,0,0,0,0,0,zigbee:400,0,0
zigbee.toml,zigbee.toml,4.06,4.06,4.0600,4.0600,4.0600,0,0,400,400,NaN,0.0000,0.0000,0,400,0.0426,0.0423,0.0432,0.1007,0.0016,0,0,0,0,0,zigbee:400,0,0
zigbee.toml,zigbee.toml,4.05,4.05,4.0500,4.0500,4.0500,0,0,400,400,NaN,0.0000,0.0000,0,400,0.0411,0.0409,0.0415,0.0714,0.0015,0,0,0,0,0,zigbee:400,0,0
zigbee.toml,zigbee.toml,4.04,4.04,4.0400,4.0400,4.0400,0,0,400,400,NaN,0.0000,0.0000,0,400,0.0433,0.0437,0.0429,0.0766,0.0016,0,0,0,0,0,zigbee:400,0,0
zigbee.toml,zigbee.toml,4.03,4.03,4.0300,4.0300,4.0300,0,0,400,400,NaN,0.0000,0.0000,0,400,0.0414,0.0415,0.0413,0.1188,0.0015,0,0,0,0,0,zigbee:400,0,0
zigbee.toml,zigbee.toml,4.02,4.02,4.0200,4.0200,4.0200,0,0,400,400,NaN,0.0000,0.0000,0,400,0.0461,0.0455,0.0465,0.1001,0.0018,0,0,0,0,0,zigbee:400,0,0
zigbee.toml,zigbee.toml,4.01,4.01,4.0100,4.0100,4.0100,0,0,400,400,NaN,0.0000,0.0000,0,400,0.0442,0.0444,0.0440,0.0897,0.0016,0,0,0,0,0,zigbee:400,0,0
zigbee.toml,zigbee.toml,4,4,4.0000,4.0000,4.0000,0,0,400,400,NaN,0.0000,0.0000,0,400,0.0408,0.0407,0.0410,0.0789,0.0015,0,0,0,0,0,zigbee:400,0,0
zigbee.toml,zigbee.toml,3.99,3.99,3.9900,3.9900,3.9900,0,0,400,400,NaN,0.0000,0.0000,0,400,0.0421,0.0424,0.0417,0.0639,0.0016,0,0,0,0,0,zigbee:400,0,0
zigbee.toml,zigbee.toml,3.98,3.98,3.9800,3.9800,3.9800,0,0,400,400,NaN,0.0000,0.0000,0,400,0.0406,0.0406,0.0406,0.0730,0.0015,0,0,0,0,0,zigbee:400,0,0
zigbee.toml,zigbee.toml,3.97,3.97,3.9700,3.9700,3.9700,0,0,400,400,NaN,0.0000,0.0000,0,400,0.0401,0.0402,0.0400,0.0819,0.0014,0,0,0,0,0,zigbee:400,0,0
zigbee.toml,zigbee.toml,3.96,3.96,3.9600,3.9600,3.9600,0,0,400,400,NaN,0.0000,0.0000,0,400,0.0409,0.0419,0.0403,0.0735,0.0015,0,0,0,0,0,zigbee:400,0,0
zigbee.toml,zigbee.toml,3.95,3.95,3.9500,3.9500,3.9500,0,0,400,400,NaN,0.0000,0.0000,0,400,0.0385,0.0389,0.0382,0.2616,0.0014,0,0,0,0,0,zigbee:400,0,0
zigbee.toml,zigbee.toml,3.94,3.94,3.9400,3.9400,3.9400,0,0,400,400,NaN,0.0000,0.0000,0,400,0.0421,0.0421,0.0417,0.2528,0.0015,0,0,0,0,0,zigbee:400,0,0
zigbee.toml,zigbee.toml,3.93,3.93,3.9300,3.9300,3.9300,0,0,400,400,NaN,0.0000,0.0000,0,400,0.0380,0.0380,0.0381,0.0550,0.0013,0,0,0,0,0,zigbee:400,0,0
zigbee.toml,zigbee.toml,3.92,3.92,3.9200,3.9200,3.9200,0,0,400,400,NaN,0.0000,0.0000,0,400,0.0407,0.0411,0.0401,0.0816,0.0014,0,0,0,0,0,zigbee:400,0,0
zigbee.toml,zigbee.toml,3.91,3.91,3.9100,3.9100,3.9100,0,0,400,400,NaN,0.0000,0.0000,0,400,0.0472,0.0479,0.0469,0.2655,0.0019,0,0,0,0,0,zigbee:400,0,0
zigbee.toml,zigbee.toml,3.9,3.9,3.9000,3.9000,3.9000,0,0,400,400,NaN,0.0000,0.0000,0,400,0.0392,0.0389,0.0396,0.0762,0.0014,0,0,0,0,0,zigbee:400,0,0
zigbee.toml,zigbee.toml,3.89,3.89,3.8900,3.8900,3.8900,0,0,400,400,NaN,0.0000,0.0000,0,400,0.0375,0.0375,0.0376,0.2464,0.0013,0,0,0,0,0,zigbee:400,0,0
zigbee.toml,zigbee.toml,3.88,3.88,3.8800,3.8800,3.8800,0,0,400,400,NaN,0.0000,0.0000,0,400,0.0374,0.0377,0.0371,0.2512,0.0013,0,0,0,0,0,zigbee:400,0,0
zigbee.toml,zigbee.toml,3.87,3.87,3.8700,3.8700,3.8700,0,0,400,400,NaN,0.0000,0.0000,0,400,0.0371,0.0373,0.0369,0.0589,0.0013,0,0,0,0,0,zigbee:400,0,0
zigbee.toml,zigbee.toml,3.86,3.86,3.8600,3.8600,3.8600,0,0,400,400,NaN,0.0000,0.0000,0,400,0.0373,0.0373,0.0373,0.0692,0.0013,0,0,0,0,0,zigbee:400,0,0
zigbee.toml,zigbee.toml,3.85,3.85,3.8500,3.8500,3.8500,0,0,400,400,NaN,0.0000,0.0000,0,400,0.0365,0.0371,0.0359,0.0706,0.0013,0,0,0,0,0,zigbee:400,0,0
zigbee.toml,zigbee.toml,3.84,3.84,3.8400,3.8400,3.8400,0,0,400,400,NaN,0.0000,0.0000,0,400,0.0372,0.0372,0.0372,0.2559,0.0013,0,0,0,0,0,zigbee:400,0,0
zigbee.toml,zigbee.toml,3.83,3.83,3.8300,3.8300,3.8300,0,0,400,400,NaN,0.0000,0.0000,0,400,0.0364,0.0360,0.0369,0.0641,0.0012,0,0,0,0,0,zigbee:400,0,0
zigbee.toml,zigbee.toml,3.82,3.82,3.8200,3.8200,3.8200,0,0,400,400,NaN,0.0000,0.0000,0,400,0.0379,0.0377,0.0381,0.0828,0.0013,0,0,0,0,0,zigbee:400,0,0
zigbee.toml,zigbee.toml,3.81,3.81,3.8100,3.8100,3.8100,0,0,400,400,NaN,0.0000,0.0000,0,400,0.0381,0.0385,0.0376,0.0684,0.0013,0,0,0,0,0,zigbee:400,0,0
zigbee.toml,zigbee.toml,3.8,3.8,3.8000,3.8000,3.8000,0,0,400,400,NaN,0.0000,0.0000,0,400,0.0416,0.0427,0.0413,0.2552,0.0015,0,0,0,0,0,zigbee:400,0,0
zigbee.toml,zigbee.toml,3.79,3.79,3.7900,3.7900,3.7900,0,0,400,400,NaN,0.0000,0.0000,0,400,0.0390,0.0391,0.0387,0.0641,0.0014,0,0,0,0,0,zigbee:400,0,0
zigbee.toml,zigbee.toml,3.78,3.78,3.7800,3.7800,3.7800,0,0,400,400,NaN,0.0000,0.0000,0,400,0.0388,0.0389,0.0387,0.0607,0.0013,0,0,0,0,0,zigbee:400,0,0
zigbee.toml,zigbee.toml,3.77,3.77,3.7700,3.7700,3.7700,0,0,400,400,NaN,0.0000,0.0000,0,400,0.0367,0.0367,0.0366,0.0583,0.0013,0,0,0,0,0,zigbee:400,0,0
zigbee.toml,zigbee.toml,3.76,3.76,3.7600,3.7600,3.7600,0,0,400,400,NaN,0.0000,0.0000,0,400,0.0375,0.0376,0.0375,0.0722,0.0013,0,0,0,0,0,zigbee:400,0,0
zigbee.toml,zigbee.toml,3.75,3.75,3.7500,3.7500,3.7500,0,0,400,400,NaN,0.0000,0.0000,0,400,0.0373,0.0371,0.0375,0.0592,0.0013,0,0,0,0,0,zigbee:400,0,0
zigbee.toml,zigbee.toml,3.74,3.74,3.7400,3.7400,3.7400,0,0,400,400,NaN,0.0000,0.0000,0,400,0.0378,0.0378,0.0376,0.0821,0.0013,0,0,0,0,0,zigbee:400,0,0
zigbee.toml,zigbee.toml,3.73,3.73,3.7300,3.7300,3.7300,0,0,400,400,NaN,0.0000,0.0000,0,400,0.0362,0.0367,0.0358,0.0641,0.0012,0,0,0,0,0,zigbee:400,0,0
zigbee.toml,zigbee.toml,3.72,3.72,3.7200,3.7200,3.7200,0,0,400,400,NaN,0.0000,0.0000,0,400,0.0370,0.0372,0.0368,0.0753,0.0012,0,0,0,0,0,zigbee:400,0,0
zigbee.toml,zigbee.toml,3.71,3.71,3.7100,3.7100,3.7100,0,0,400,400,NaN,0.0000,0.0000,0,400,0.0366,0.0365,0.0367,0.0594,0.0012,0,0,0,0,0,zigbee:400,0,0
zigbee.toml,zigbee.toml,3.7,3.7,3.7000,3.7000,3.7000,0,0,400,400,NaN,0.0000,0.0000,0,400,0.0369,0.0369,0.0369,0.0651,0.0012,0,0,0,0,0,zigbee:400,0,0
zigbee.toml,zigbee.toml,3.69,3.69,3.6900,3.6900,3.6900,0,0,400,400,NaN,0.0000,0.0000,0,400,0.0383,0.0381,0.0388,0.0664,0.0013,0,0,0,0,0,zigbee:400,0,0
zigbee.toml,zigbee.toml,3.68,3.68,3.6800,3.6800,3.6800,0,0,400,400,NaN,0.0000,0.0000,0,400,0.0364,0.0365,0.0364,0.0647,0.0012,0,0,0,0,0,zigbee:400,0,0
zigbee.toml,zigbee.toml,3.67,3.67,3.6700,3.6700,3.6700,0,0,400,400,NaN,0.0000,0.0000,0,400,0.0369,0.0370,0.0367,0.0649,0.0013,0,0,0,0,0,zigbee:400,0,0
zigbee.toml,zigbee.toml,3.66,3.66,3.6600,3.6600,3.6600,0,0,400,400,NaN,0.0000,0.0000,0,400,0.0368,0.0368,0.0370,0.2436,0.0012,0,0,0,0,0,zigbee:400,0,0
zigbee.toml,zigbee.toml,3.65,3.65,3.6500,3.6500,3.6500,0,0,400,400,NaN,0.0000,0.0000,0,400,0.0371,0.0372,0.0371,0.0640,0.0013,0,0,0,0,0,zigbee:400,0,0
zigbee.toml,zigbee.toml,3.64,3.64,3.6400,3.6400,3.6400,0,0,400,400,NaN,0.0000,0.0000,0,400,0.0367,0.0369,0.0367,0.0601,0.0012,0,0,0,0,0,zigbee:400,0,0
zigbee.toml,zigbee.toml,3.63,3.63,3.6300,3.6300,3.6300,0,0,400,400,NaN,0.0000,0.0000,0,400,0.0392,0.0400,0.0388,0.0673,0.0014,0,0,0,0,0,zigbee:400,0,0
zigbee.toml,zigbee.toml,3.62,3.62,3.6200,3.6200,3.6200,0,0,400,400,NaN,0.0000,0.0000,0,400,0.0402,0.0399,0.0408,0.0687,0.0014,0,0,0,0,0,zigbee:400,0,0
zigbee.toml,zigbee.toml,3.61,3.61,3.6100,3.6100,3.6100,0,0,400,400,NaN,0.0000,0.0000,0,400,0.0388,0.0387,0.0391,0.0679,0.0014,0,0,0,0,0,zigbee:400,0,0
zigbee.toml,zigbee.toml,3.6,3.6,3.6000,3.6000,3.6000,0,0,400,400,NaN,0.0000,0.0000,0,400,0.0384,0.0384,0.0384,0.1301,0.0013,0,0,0,0,0,zigbee:400,0,0
zigbee.toml,zigbee.toml,3.59,3.59,3.5900,3.5900,3.5900,0,0,400,400,NaN,0.0000,0.0000,0,400,0.0387,0.0387,0.0386,0.0705,0.0013,0,0,0,0,0,zigbee:400,0,0
zigbee.toml,zigbee.toml,3.58,3.58,3.5800,3.5800,3.5800,0,0,400,400,NaN,0.0000,0.0000,0,400,0.0394,0.0395,0.0393,0.0801,0.0014,0,0,0,0,0,zigbee:400,0,0
zigbee.toml,zigbee.toml,3.57,3.57,3.5700,3.5700,3.5700,0,0,400,400,NaN,0.0000,0.0000,0,400,0.0386,0.0386,0.0387,0.2647,0.0013,0,0,0,0,0,zigbee:400,0,0
zigbee.toml,zigbee.toml,3.56,3.56,3.5600,3.5600,3.5600,0,0,400,400,NaN,0.0000,0.0000,0,400,0.0389,0.0394,0.0386,0.0745,0.0014,0,0,0,0,0,zigbee:400,0,0
zigbee.toml,zigbee.toml,3.55,3.55,3.5500,3.5500,3.5500,0,0,400,400,NaN,0.0000,0.0000,0,400,0.0392,0.0391,0.0392,0.1012,0.0014,0,0,0,0,0,zigbee:400,0,0
zigbee.toml,zigbee.toml,3.54,3.54,3.5400,3.5400,3.5400,0,0,400,400,NaN,0.0000,0.0000,0,400,0.0394,0.0394,0.0394,0.2563,0.0014,0,0,0,0,0,zigbee:400,0,0
zigbee.toml,zigbee.toml,3.53,3.53,3.5300,3.5300,3.5300,0,0,400,400,NaN,0.0000,0.0000,0,400,0.0398,0.0394,0.0402,0.0767,0.0014,0,0,0,0,0,zigbee:400,0,0
zigbee.toml,zigbee.toml,3.52,3.52,3.5200,3.5200,3.5200,0,0,400,400,NaN,0.0000,0.0000,0,400,0.0418,0.0421,0.0413,0.2517,0.0015,0,0,0,0,0,zigbee:400,0,0
zigbee.toml,zigbee.toml,3.51,3.51,3.5100,3.5100,3.5100,0,0,400,400,NaN,0.0000,0.0000,0,400,0.0421,0.0423,0.0418,0.1515,0.0016,0,0,0,0,256,zigbee:400,0,0
zigbee.toml,zigbee.toml,3.5,3.5,3.5000,3.5000,3.5000,0,0,400,400,NaN,0.0000,0.0000,0,400,0.0434,0.0443,0.0427,0.0752,0.0017,0,0,0,0,0,zigbee:400,0,0
zigbee.toml,zigbee.toml,3.49,3.49,3.4900,3.4900,3.4900,0,0,400,400,NaN,0.0000,0.0000,0,400,0.0445,0.0444,0.0446,0.0669,0.0017,0,0,0,0,0,zigbee:400,0,0
zigbee.toml,zigbee.toml,3.48,3.48,3.4800,3.4800,3.4800,0,0,400,400,NaN,0.0000,0.0000,0,400,0.0373,0.0369,0.0375,0.0609,0.0013,0,0,0,0,0,zigbee:400,0,0
zigbee.toml,zigbee.toml,3.47,3.47,3.4700,3.4700,3.4700,0,0,400,400,NaN,0.0000,0.0000,0,400,0.0364,0.0365,0.0363,0.0559,0.0012,0,0,0,0,0,zigbee:400,0,0
zigbee.toml,zigbee.toml,3.46,3.46,3.4600,3.4600,3.4600,0,0,400,400,NaN,0.0000,0.0000,0,400,0.0371,0.0376,0.0369,0.0708,0.0013,0,0,0,0,0,zigbee:400,0,0
zigbee.toml,zigbee.toml,3.45,3.45,3.4500,3.4500,3.4500,0,0,400,400,NaN,0.0000,0.0000,0,400,0.0369,0.0368,0.0371,0.0555,0.0012,0,0,0,0,0,zigbee:400,0,0
zigbee.toml,zigbee.toml,3.44,3.44,3.4400,3.4400,3.4400,0,0,400,400,NaN,0.0000,0.0000,0,400,0.0374,0.0378,0.0372,0.0614,0.0013,0,0,0,0,0,zigbee:400,0,0
zigbee.toml,zigbee.toml,3.43,3.43,3.4300,3.4300,3.4300,0,0,400,400,NaN,0.0000,0.0000,0,400,0.0367,0.0368,0.0367,0.0646,0.0013,0,0,0,0,0,zigbee:400,0,0
zigbee.toml,zigbee.toml,3.42,3.42,3.4200,3.4200,3.4200,0,0,400,400,NaN,0.0000,0.0000,0,400,0.0370,0.0370,0.0371,0.0632,0.0013,0,0,0,0,0,zigbee:400,0,0
zigbee.toml,zigbee.toml,3.41,3.41,3.4100,3.4100,3.4100,0,0,400,400,NaN,0.0000,0.0000,0,400,0.0370,0.0369,0.0372,0.0603,0.0012,0,0,0,0,0,zigbee:400,0,0
zigbee.toml,zigbee.toml,3.4,3.4,3.4000,3.4000,3.4000,0,0,400,400,NaN,0.0000,0.0000,0,400,0.0370,0.0368,0.0372,0.0668,0.0012,0,0,0,0,0,zigbee:400,0,0
zigbee.toml,zigbee.toml,3.39,3.39,3.3900,3.3900,3.3900,0,0,400,400,NaN,0.0000,0.0000,0,400,0.0375,0.0375,0.0375,0.0742,0.0013,0,0,0,0,0,zigbee:400,0,0
zigbee.toml,zigbee.toml,3.38,3.38,3.3800,3.3800,3.3800,0,0,400,400,NaN,0.0000,0.0000,0,400,0.0371,0.0370,0.0372,0.0712,0.0013,0,0,0,0,0,zigbee:400,0,0
zigbee.toml,zigbee.toml,3.37,3.37,3.3700,3.3700,3.3700,0,0,400,400,NaN,0.0000,0.0000,0,400,0.0369,0.0370,0.0368,0.0827,0.0013,0,0,0,0,0,zigbee:400,0,0
zigbee.toml,zigbee.toml,3.36,3.36,3.3600,3.3600,3.3600,0,0,400,400,NaN,0.0000,0.0000,0,400,0.0367,0.0364,0.0370,0.0617,0.0012,0,0,0,0,0,zigbee:400,0,0
zigbee.toml,zigbee.toml,3.35,3.35,3.3500,3.3500,3.3500,0,0,400,400,NaN,0.0000,0.0000,0,400,0.0374,0.0371,0.0376,0.0581,0.0013,0,0,0,0,0,zigbee:400,0,0
zigbee.toml,zigbee.toml,3.34,3.34,3.3400,3.3400,3.3400,0,0,400,400,NaN,0.0000,0.0000,0,400,0.0364,0.0360,0.0365,0.0643,0.0012,0,0,0,0,0,zigbee:400,0,0
zigbee.toml,zigbee.toml,3.33,3.33,3.3300,3.3300,3.3300,0,0,400,400,NaN,0.0000,0.0000,0,400,0.0374,0.0371,0.0378,0.0628,0.0012,0,0,0,0,0,zigbee:400,0,0
zigbee.toml,zigbee.toml,3.32,3.32,3.3200,3.3200,3.3200,0,0,400,400,NaN,0.0000,0.0000,0,400,0.0377,0.0380,0.0375,0.0630,0.0013,0,0,0,0,0,zigbee:400,0,0
zigbee.toml,zigbee.toml,3.31,3.31,3.3100,3.3100,3.3100,0,0,400,400,NaN,0.0000,0.0000,0,400,0.0366,0.0367,0.0366,0.0535,0.0012,0,0,0,0,0,zigbee:400,0,0
zigbee.toml,zigbee.toml,3.3,3.3,3.3000,3.3000,3.3000,0,0,400,400,NaN,0.0000,0.0000,0,400,0.0374,0.0375,0.0374,0.2778,0.0013,0,0,0,0,0,zigbee:400,0,0
zigbee.toml,zigbee.toml,3.29,3.29,3.2900,3.2900,3.2900,0,0,400,400,NaN,0.0000,0.0000,0,400,0.0364,0.0364,0.0364,0.2521,0.0012,0,0,0,0,0,zigbee:400,0,0
zigbee.toml,zigbee.toml,3.28,3.28,3.2800,3.2800,3.2800,0,0,400,400,NaN,0.0000,0.0000,0,400,0.0383,0.0381,0.0388,0.0601,0.0013,0,0,0,0,0,zigbee:400,0,0
zigbee.toml,zigbee.toml,3.27,3.27,3.2700,3.2700,3.2700,0,0,400,400,NaN,0.0000,0.0000,0,400,0.0366,0.0370,0.0363,0.0587,0.0012,0,0,0,0,0,zigbee:400,0,0
zigbee.toml,zigbee.toml,3.26,3.26,3.2600,3.2600,3.2600,0,0,400,400,NaN,0.0000,0.0000,0,400,0.0366,0.0365,0.0367,0.0604,0.0013,0,0,0,0,0,zigbee:400,0,0
zigbee.toml,zigbee.toml,3.25,3.25,3.2500,3.2500,3.2500,0,0,400,400,NaN,0.0000,0.0000,0,400,0.0379,0.0378,0.0380,0.0645,0.0013,0,0,0,0,0,zigbee:400,0,0
zigbee.toml,zigbee.toml,3.24,3.24,3.2400,3.2400,3.2400,0,0,400,400,NaN,0.0000,0.0000,0,400,0.0377,0.0375,0.0378,0.0820,0.0013,0,0,0,0,0,zigbee:400,0,0
zigbee.toml,zigbee.toml,3.23,3.23,3.2300,3.2300,3.2300,0,0,400,400,NaN,0.0000,0.0000,0,400,0.0391,0.0391,0.0391,0.0691,0.0014,0,0,0,0,0,zigbee:400,0,0
zigbee.toml,zigbee.toml,3.22,3.22,3.2200,3.2200,3.2200,0,0,400,400,NaN,0.0000,0.0000,0,400,0.0364,0.0364,0.0364,0.0696,0.0012,0,0,0,0,0,zigbee:400,0,0
zigbee.toml,zigbee.toml,3.21,3.21,3.2100,3.2100,3.2100,0,0,400,400,NaN,0.0000,0.0000,0,400,0.0408,0.0408,0.0405,0.0720,0.0015,0,0,0,0,0,zigbee:400,0,0
zigbee.toml,zigbee.toml,3.2,3.2,3.2000,3.2000,3.2000,0,0,400,400,NaN,0.0000,0.0000,0,400,0.0380,0.0382,0.0377,0.0868,0.0013,0,0,0,0,0,zigbee:400,0,0
zigbee.toml,zigbee.toml,3.19,3.19,3.1900,3.1900,3.1900,0,0,400,400,NaN,0.0000,0.0000,0,400,0.0373,0.0372,0.0376,0.0792,0.0013,0,0,0,0,0,zigbee:400,0,0
zigbee.toml,zigbee.toml,3.18,3.18,3.1800,3.1800,3.1800,0,0,400,400,NaN,0.0000,0.0000,0,400,0.0366,0.0366,0.0366,0.2629,0.0012,0,0,0,0,0,zigbee:400,0,0
zigbee.toml,zigbee.toml,3.17,3.17,3.1700,3.1700,3.1700,0,0,400,400,NaN,0.0000,0.0000,0,400,0.0370,0.0371,0.0370,0.1294,0.0012,0,0,0,0,0,zigbee:400,0,0
zigbee.toml,zigbee.toml,3.16,3.16,3.1600,3.1600,3.1600,0,0,400,400,NaN,0.0000,0.0000,0,400,0.0372,0.0371,0.0372,0.0718,0.0013,0,0,0,0,256,zigbee:400,0,0
zigbee.toml,zigbee.toml,3.15,3.15,3.1500,3.1500,3.1500,0,0,400,400,NaN,0.0000,0.0000,0,400,0.0365,0.0370,0.0363,0.0845,0.0012,0,0,0,0,0,zigbee:400,0,0
zigbee.toml,zigbee.toml,3.14,3.14,3.1400,3.1400,3.1400,0,0,400,400,NaN,0.0000,0.0000,0,400,0.0363,0.0367,0.0361,0.0738,0.0012,0,0,0,0,0,zigbee:400,0,0
zigbee.toml,zigbee.toml,3.13,3.13,3.1300,3.1300,3.1300,0,0,400,400,NaN,0.0000,0.0000,0,400,0.0364,0.0361,0.0368,0.0591,0.0012,0,0,0,0,0,zigbee:400,0,0
zigbee.toml,zigbee.toml,3.12,3.12,3.1200,3.1200,3.1200,0,0,400,400,NaN,0.0000,0.0000,0,400,0.0370,0.0370,0.0371,0.0649,0.0012,0,0,0,0,0,zigbee:400,0,0
zigbee.toml,zigbee.toml,3.11,3.11,3.1100,3.1100,3.1100,0,0,400,400,NaN,0.0000,0.0000,0,400,0.0365,0.0366,0.0365,0.0677,0.0012,0,0,0,0,0,zigbee:400,0,0
zigbee.toml,zigbee.toml,3.1,3.1,3.1000,3.1000,3.1000,0,0,400,400,NaN,0.0000,0.0000,0,400,0.0366,0.0369,0.0365,0.0608,0.0012,0,0,0,0,0,zigbee:400,0,0
zigbee.toml,zigbee.toml,3.09,3.09,3.0900,3.0900,3.0900,0,0,400,400,NaN,0.0000,0.0000,0,400,0.0368,0.0371,0.0363,0.0617,0.0012,0,0,0,0,0,zigbee:400,0,0
zigbee.toml,zigbee.toml,3.08,3.08,3.0800,3.0800,3.0800,0,0,400,400,NaN,0.0000,0.0000,0,400,0.0372,0.0370,0.0373,0.0638,0.0013,0,0,0,0,0,zigbee:400,0,0
zigbee.toml,zigbee.toml,3.07,3.07,3.0700,3.0700,3.0700,0,0,400,400,NaN,0.0000,0.0000,0,400,0.0366,0.0369,0.0366,0.0713,0.0012,0,0,0,0,0,zigbee:400,0,0
zigbee.toml,zigbee.toml,3.06,3.06,3.0600,3.0600,3.0600,0,0,400,400,NaN,0.0000,0.0000,0,400,0.0371,0.0370,0.0373,0.0867,0.0013,0,0,0,0,0,zigbee:400,0,0
zigbee.toml,zigbee.toml,3.05,3.05,3.0500,3.0500,3.0500,0,0,400,400,NaN,0.0000,0.0000,0,400,0.0378,0.0378,0.0379,0.0707,0.0013,0,0,0,0,0,zigbee:400,0,0
zigbee.toml,zigbee.toml,3.04,3.04,3.0400,3.0400,3.0400,0,0,400,400,NaN,0.0000,0.0000,0,400,0.0398,0.0398,0.0398,0.0687,0.0014,0,0,0,0,0,zigbee:400,0,0
zigbee.toml,zigbee.toml,3.03,3.03,3.0300,3.0300,3.0300,0,0,400,400,NaN,0.0000,0.0000,0,400,0.0396,0.0394,0.0399,0.0772,0.0014,0,0,0,0,0,zigbee:400,0,0
zigbee.toml,zigbee.toml,3.02,3.02,3.0200,3.0200,3.0200,0,0,400,400,NaN,0.0000,0.0000,0,400,0.0389,0.0387,0.0393,0.0678,0.0014,0,0,0,0,0,zigbee:400,0,0
zigbee.toml,zigbee.toml,3.01,3.01,3.0100,3.0100,3.0100,0,0,400,400,NaN,0.0000,0.0000,0,400,0.0409,0.0412,0.0409,0.0810,0.0015,0,0,0,0,0,zigbee:400,0,0
zigbee.toml,zigbee.toml,3,3,3.0000,3.0000,3.0000,0,0,400,400,NaN,0.0000,0.0000,0,400,0.0464,0.0466,0.0464,0.1013,0.0018,0,0,0,0,0,zigbee:400,0,0
zigbee.toml,zigbee.toml,2.99,2.99,2.9900,2.9900,2.9900,0,0,400,400,NaN,0.0000,0.0000,0,400,0.0513,0.0512,0.0513,0.1141,0.0020,0,0,0,0,0,zigbee:400,0,0
zigbee.toml,zigbee.toml,2.98,2.98,2.9800,2.9800,2.9800,0,0,400,400,NaN,0.0000,0.0000,0,400,0.0459,0.0459,0.0456,0.0906,0.0018,0,0,0,0,256,zigbee:400,0,0
zigbee.toml,zigbee.toml,2.97,2.97,2.9700,2.9700,2.9700,0,0,400,400,NaN,0.0000,0.0000,0,400,0.0441,0.0435,0.0444,0.0729,0.0017,0,0,0,0,0,zigbee:400,0,0
zigbee.toml,zigbee.toml,2.96,2.96,2.9600,2.9600,2.9600,0,0,400,400,NaN,0.0000,0.0000,0,400,0.0426,0.0424,0.0426,0.0739,0.0016,0,0,0,0,0,zigbee:400,0,0
zigbee.toml,zigbee.toml,2.95,2.95,2.9500,2.9500,2.9500,0,0,400,400,NaN,0.0000,0.0000,0,400,0.0419,0.0415,0.0425,0.0842,0.0016,0,0,0,0,0,zigbee:400,0,0
zigbee.toml,zigbee.toml,2.94,2.94,2.9400,2.9400,2.9400,0,0,400,400,NaN,0.0000,0.0000,0,400,0.0383,0.0380,0.0384,0.0712,0.0013,0,0,0,0,0,zigbee:400,0,0
zigbee.toml,zigbee.toml,2.93,2.93,2.9300,2.9300,2.9300,0,0,400,400,NaN,0.0000,0.0000,0,400,0.0521,0.0514,0.0524,0.0914,0.0020,0,0,0,0,0,zigbee:400,0,0
zigbee.toml,zigbee.toml,2.92,2.92,2.9200,2.9200,2.9200,0,0,400,400,NaN,0.0000,0.0000,0,400,0.0409,0.0409,0.0410,0.1087,0.0015,0,0,0,0,0,zigbee:400,0,0
zigbee.toml,zigbee.toml,2.91,2.91,2.9100,2.9100,2.9100,0,0,400,400,NaN,0.0000,0.0000,0,400,0.0371,0.0369,0.0373,0.0771,0.0013,0,0,0,0,0,zigbee:400,0,0
zigbee.toml,zigbee.toml,2.9,2.9,2.9000,2.9000,2.9000,0,0,400,400,NaN,0.0000,0.0000,0,400,0.0371,0.0369,0.0376,0.0654,0.0013,0,0,0,0,0,zigbee:400,0,0
zigbee.toml,zigbee.toml,2.89,2.89,2.8900,2.8900,2.8900,0,0,400,400,NaN,0.0000,0.0000,0,400,0.0365,0.0364,0.0365,0.0636,0.0012,0,0,0,0,0,zigbee:400,0,0
zigbee.toml,zigbee.toml,2.88,2.88,2.8800,2.8800,2.8800,0,0,400,400,NaN,0.0000,0.0000,0,400,0.0362,0.0359,0.0364,0.0572,0.0012,0,0,0,0,0,zigbee:400,0,0
zigbee.toml,zigbee.toml,2.87,2.87,2.8700,2.8700,2.8700,0,0,400,400,NaN,0.0000,0.0000,0,400,0.0370,0.0372,0.0370,0.0808,0.0012,0,0,0,0,0,zigbee:400,0,0
zigbee.toml,zigbee.toml,2.86,2.86,2.8600,2.8600,2.8600,0,0,400,400,NaN,0.0000,0.0000,0,400,0.0392,0.0392,0.0397,0.0693,0.0014,0,0,0,0,0,zigbee:400,0,0
zigbee.toml,zigbee.toml,2.85,2.85,2.8500,2.8500,2.8500,0,0,400,400,NaN,0.0000,0.0000,0,400,0.0505,0.0508,0.0504,0.1103,0.0020,0,0,0,0,0,zigbee:400,0,0
zigbee.toml,zigbee.toml,2.84,2.84,2.8400,2.8400,2.8400,0,0,400,400,NaN,0.0000,0.0000,0,400,0.0445,0.0443,0.0447,0.0890,0.0017,0,0,0,0,0,zigbee:400,0,0
zigbee.toml,zigbee.toml,2.83,2.83,2.8300,2.8300,2.8300,0,0,400,400,NaN,0.0000,0.0000,0,400,0.0462,0.0467,0.0459,0.0987,0.0018,0,0,0,0,0,zigbee:400,0,0
zigbee.toml,zigbee.toml,2.82,2.82,2.8200,2.8200,2.8200,0,0,400,400,NaN,0.0000,0.0000,0,400,0.0466,0.0467,0.0464,0.2540,0.0017,0,0,0,0,256,zigbee:400,0,0
zigbee.toml,zigbee.toml,2.81,2.81,2.8100,2.8100,2.8100,0,0,400,400,NaN,0.0000,0.0000,0,400,0.0532,0.0522,0.0542,0.5080,0.0022,0,0,0,0,0,zigbee:400,0,0
zigbee.toml,zigbee.toml,2.8,2.8,2.8000,2.8000,2.8000,0,0,400,400,NaN,0.0000,0.0000,0,400,0.0542,0.0545,0.0536,0.1170,0.0023,0,0,0,0,0,zigbee:400,0,0
zigbee.toml,zigbee.toml,2.79,2.79,2.7900,2.7900,2.7900,0,0,400,400,NaN,0.0000,0.0000,0,400,0.0436,0.0436,0.0436,0.1338,0.0016,0,0,0,0,0,zigbee:400,0,0
zigbee.toml,zigbee.toml,2.78,2.78,2.7800,2.7800,2.7800,0,0,400,400,NaN,0.0000,0.0000,0,400,0.0418,0.0417,0.0422,0.1085,0.0015,0,0,0,0,0,zigbee:400,0,0
zigbee.toml,zigbee.toml,2.77,2.77,2.7700,2.7700,2.7700,0,0,400,400,NaN,0.0000,0.0000,0,400,0.0402,0.0404,0.0400,0.0880,0.0014,0,0,0,0,0,zigbee:400,0,0
zigbee.toml,zigbee.toml,2.76,2.76,2.7600,2.7600,2.7600,0,0,400,400,NaN,0.0000,0.0000,0,400,0.0392,0.0395,0.0389,0.0961,0.0014,0,0,0,0,0,zigbee:400,0,0
zigbee.toml,zigbee.toml,2.75,2.75,2.7500,2.7500,2.7500,0,0,400,400,NaN,0.0000,0.0000,0,400,0.0432,0.0429,0.0438,0.1557,0.0016,0,0,0,0,256,zigbee:400,0,0
zigbee.toml,zigbee.toml,2.74,2.74,2.7400,2.7400,2.7400,0,0,400,400,NaN,0.0000,0.0000,0,400,0.0439,0.0442,0.0433,0.1073,0.0016,0,0,0,0,0,zigbee:400,0,0
zigbee.toml,zigbee.toml,2.73,2.73,2.7300,2.7300,2.7300,0,0,400,400,NaN,0.0000,0.0000,0,400,0.0401,0.0399,0.0406,0.1089,0.0015,0,0,0,0,0,zigbee:400,0,0
zigbee.toml,zigbee.toml,2.72,2.72,2.7200,2.7200,2.7200,0,0,400,400,NaN,0.0000,0.0000,0,400,0.0525,0.0534,0.0517,0.0883,0.0021,0,0,0,0,0,zigbee:400,0,0
zigbee.toml,zigbee.toml,2.71,2.71,2.7100,2.7100,2.7100,0,0,400,400,NaN,0.0000,0.0000,0,400,0.0585,0.0581,0.0587,0.1230,0.0025,0,0,0,0,0,zigbee:400,0,0
zigbee.toml,zigbee.toml,2.7,2.7,2.7000,2.7000,2.7000,0,0,400,400,NaN,0.0000,0.0000,0,400,0.0440,0.0440,0.0440,0.0940,0.0017,0,0,0,0,0,zigbee:400,0,0
zigbee.toml,zigbee.toml,2.69,2.69,2.6900,2.6900,2.6900,0,0,400,400,NaN,0.0000,0.0000,0,400,0.0406,0.0395,0.0412,0.0769,0.0014,0,0,0,0,0,zigbee:400,0,0
zigbee.toml,zigbee.toml,2.68,2.68,2.6800,2.6800,2.6800,0,0,400,400,NaN,0.0000,0.0000,0,400,0.0555,0.0560,0.0549,0.1170,0.0024,0,0,0,0,0,zigbee:400,0,0
zigbee.toml,zigbee.toml,2.67,2.67,2.6700,2.6700,2.6700,0,0,400,400,NaN,0.0000,0.0000,0,400,0.0535,0.0529,0.0540,0.1016,0.0022,0,0,0,0,0,zigbee:400,0,0
zigbee.toml,zigbee.toml,2.66,2.66,2.6600,2.6600,2.6600,0,0,400,400,NaN,0.0000,0.0000,0,400,0.0423,0.0424,0.0423,0.0834,0.0016,0,0,0,0,0,zigbee:400,0,0
zigbee.toml,zigbee.toml,2.65,2.65,2.6500,2.6500,2.6500,0,0,400,400,NaN,0.0000,0.0000,0,400,0.0441,0.0443,0.0435,0.0892,0.0016,0,0,0,0,0,zigbee:400,0,0
zigbee.toml,zigbee.toml,2.64,2.64,2.6400,2.6400,2.6400,0,0,400,400,NaN,0.0000,0.0000,0,400,0.0445,0.0447,0.0445,0.0884,0.0017,0,0,0,0,0,zigbee:400,0,0
zigbee.toml,zigbee.toml,2.63,2.63,2.6300,2.6300,2.6300,0,0,400,400,NaN,0.0000,0.0000,0,400,0.0407,0.0395,0.0416,0.0929,0.0014,0,0,0,0,0,zigbee:400,0,0
zigbee.toml,zigbee.toml,2.62,2.62,2.6200,2.6200,2.6200,0,0,400,400,NaN,0.0000,0.0000,0,400,0.0450,0.0448,0.0456,0.0898,0.0018,0,0,0,0,0,zigbee:400,0,0
zigbee.toml,zigbee.toml,2.61,2.61,2.6100,2.6100,2.6100,0,0,400,400,NaN,0.0000,0.0000,0,400,0.0430,0.0424,0.0436,0.2452,0.0016,0,0,0,0,0,zigbee:400,0,0
zigbee.toml,zigbee.toml,2.6,2.6,2.6000,2.6000,2.6000,0,0,400,400,NaN,0.0000,0.0000,0,400,0.0408,0.0407,0.0409,0.0763,0.0014,0,0,0,0,0,zigbee:400,0,0
zigbee.toml,zigbee.toml,2.59,2.59,2.5900,2.5900,2.5900,0,0,400,400,NaN,0.0000,0.0000,0,400,0.0465,0.0466,0.0465,0.0965,0.0019,0,0,0,0,0,zigbee:400,0,0
zigbee.toml,zigbee.toml,2.58,2.58,2.5800,2.5800,2.5800,0,0,400,400,NaN,0.0000,0.0000,0,400,0.0455,0.0459,0.0453,0.0665,0.0018,0,0,0,0,0,zigbee:400,0,0
zigbee.toml,zigbee.toml,2.57,2.57,2.5700,2.5700,2.5700,0,0,400,400,NaN,0.0000,0.0000,0,400,0.0381,0.0384,0.0377,0.0830,0.0013,0,0,0,0,0,zigbee:400,0,0
zigbee.toml,zigbee.toml,2.56,2.56,2.5600,2.5600,2.5600,0,0,400,400,NaN,0.0000,0.0000,0,400,0.0373,0.0371,0.0374,0.0749,0.0013,0,0,0,0,0,zigbee:400,0,0
zigbee.toml,zigbee.toml,2.55,2.55,2.5500,2.5500,2.5500,0,0,400,400,NaN,0.0000,0.0000,0,400,0.0363,0.0365,0.0362,0.0724,0.0012,0,0,0,0,0,zigbee:400,0,0
zigbee.toml,zigbee.toml,2.54,2.54,2.5400,2.5400,2.5400,0,0,400,400,NaN,0.0000,0.0000,0,400,0.0365,0.0363,0.0369,0.0859,0.0012,0,0,0,0,0,zigbee:400,0,0
zigbee.toml,zigbee.toml,2.53,2.53,2.5300,2.5300,2.5300,0,0,400,400,NaN,0.0000,0.0000,0,400,0.0405,0.0408,0.0397,0.0786,0.0015,0,0,0,0,0,zigbee:400,0,0
zigbee.toml,zigbee.toml,2.52,2.52,2.5200,2.5200,2.5200,0,0,400,400,NaN,0.0000,0.0000,0,400,0.0450,0.0450,0.0453,0.0968,0.0017,0,0,0,0,0,zigbee:400,0,0
zigbee.toml,zigbee.toml,2.51,2.51,2.5100,2.5100,2.5100,0,0,400,400,NaN,0.0000,0.0000,0,400,0.0378,0.0374,0.0390,0.0790,0.0013,0,0,0,0,0,zigbee:400,0,0
zigbee.toml,zigbee.toml,2.5,2.5,2.5000,2.5000,2.5000,0,0,400,400,NaN,0.0000,0.0000,0,400,0.0419,0.0419,0.0417,0.0727,0.0015,0,0,0,0,0,zigbee:400,0,0
zigbee.toml,zigbee.toml,2.49,2.49,2.4900,2.4900,2.4900,0,0,400,400,NaN,0.0000,0.0000,0,400,0.0443,0.0450,0.0429,0.0937,0.0017,0,0,0,0,0,zigbee:400,0,0
zigbee.toml,zigbee.toml,2.48,2.48,2.4800,2.4800,2.4800,0,0,400,400,NaN,0.0000,0.0000,0,400,0.0430,0.0425,0.0434,0.0977,0.0016,0,0,0,0,0,zigbee:400,0,0
zigbee.toml,zigbee.toml,2.47,2.47,2.4700,2.4700,2.4700,0,0,400,400,NaN,0.0000,0.0000,0,400,0.0400,0.0398,0.0405,0.0838,0.0014,0,0,0,0,0,zigbee:400,0,0
zigbee.toml,zigbee.toml,2.46,2.46,2.4600,2.4600,2.4600,0,0,400,400,NaN,0.0000,0.0000,0,400,0.0425,0.0427,0.0420,0.0910,0.0015,0,0,0,0,0,zigbee:400,0,0
zigbee.toml,zigbee.toml,2.45,2.45,2.4500,2.4500,2.4500,0,0,400,400,NaN,0.0000,0.0000,0,400,0.0436,0.0435,0.0442,0.0960,0.0016,0,0,0,0,0,zigbee:400,0,0
zigbee.toml,zigbee.toml,2.44,2.44,2.4400,2.4400,2.4400,0,0,400,400,NaN,0.0000,0.0000,0,400,0.0377,0.0379,0.0373,0.0766,0.0013,0,0,0,0,0,zigbee:400,0,0
zigbee.toml,zigbee.toml,2.43,2.43,2.4300,2.4300,2.4300,0,0,400,400,NaN,0.0000,0.0000,0,400,0.0390,0.0391,0.0390,0.0856,0.0013,0,0,0,0,0,zigbee:400,0,0
zigbee.toml,zigbee.toml,2.42,2.42,2.4200,2.4200,2.4200,0,0,400,400,NaN,0.0000,0.0000,0,400,0.0373,0.0372,0.0373,0.0637,0.0013,0,0,0,0,0,zigbee:400,0,0
zigbee.toml,zigbee.toml,2.41,2.41,2.4100,2.4100,2.4100,0,0,400,400,NaN,0.0000,0.0000,0,400,0.0373,0.0372,0.0375,0.0719,0.0013,0,0,0,0,0,zigbee:400,0,0
zigbee.toml,zigbee.toml,2.4,2.4,2.4000,2.4000,2.4000,0,0,400,400,NaN,0.0000,0.0000,0,400,0.0377,0.0375,0.0381,0.0679,0.0013,0,0,0,0,0,zigbee:400,0,0
zigbee.toml,zigbee.toml,2.39,2.39,2.3900,2.3900,2.3900,0,0,400,400,NaN,0.0000,0.0000,0,400,0.0381,0.0385,0.0375,0.0671,0.0013,0,0,0,0,0,zigbee:400,0,0
zigbee.toml,zigbee.toml,2.38,2.38,2.3800,2.3800,2.3800,0,0,400,400,NaN,0.0000,0.0000,0,400,0.0368,0.0369,0.0368,0.0620,0.0012,0,0,0,0,0,zigbee:400,0,0
zigbee.toml,zigbee.toml,2.37,2.37,2.3700,2.3700,2.3700,0,0,400,400,NaN,0.0000,0.0000,0,400,0.0371,0.0369,0.0373,0.0664,0.0012,0,0,0,0,0,zigbee:400,0,0
zigbee.toml,zigbee.toml,2.36,2.36,2.3600,2.3600,2.3600,0,0,400,400,NaN,0.0000,0.0000,0,400,0.0371,0.0371,0.0372,0.2550,0.0012,0,0,0,0,0,zigbee:400,0,0
zigbee.toml,zigbee.toml,2.35,2.35,2.3500,2.3500,2.3500,0,0,400,400,NaN,0.0000,0.0000,0,400,0.0383,0.0387,0.0378,0.0862,0.0013,0,0,0,0,0,zigbee:400,0,0
zigbee.toml,zigbee.toml,2.34,2.34,2.3400,2.3400,2.3400,0,0,400,400,NaN,0.0000,0.0000,0,400,0.0430,0.0434,0.0421,0.0743,0.0015,0,0,0,0,0,zigbee:400,0,0
zigbee.toml,zigbee.toml,2.33,2.33,2.3300,2.3300,2.3300,0,0,400,400,NaN,0.0000,0.0000,0,400,0.0439,0.0441,0.0438,0.2636,0.0017,0,0,0,0,0,zigbee:400,0,0
zigbee.toml,zigbee.toml,2.32,2.32,2.3200,2.3200,2.3200,0,0,400,400,NaN,0.0000,0.0000,0,400,0.0378,0.0378,0.0379,0.0697,0.0013,0,0,0,0,0,zigbee:400,0,0
zigbee.toml,zigbee.toml,2.31,2.31,2.3100,2.3100,2.3100,0,0,400,400,NaN,0.0000,0.0000,0,400,0.0369,0.0369,0.0370,0.0632,0.0012,0,0,0,0,0,zigbee:400,0,0
zigbee.toml,zigbee.toml,2.3,2.3,2.3000,2.3000,2.3000,0,0,400,400,NaN,0.0000,0.0000,0,400,0.0385,0.0391,0.0383,0.0930,0.0013,0,0,0,0,0,zigbee:400,0,0
zigbee.toml,zigbee.toml,2.29,2.29,2.2900,2.2900,2.2900,0,0,400,400,NaN,0.0000,0.0000,0,400,0.0372,0.0369,0.0378,0.0875,0.0012,0,0,0,0,0,zigbee:400,0,0
zigbee.toml,zigbee.toml,2.28,2.28,2.2800,2.2800,2.2800,0,0,400,400,NaN,0.0000,0.0000,0,400,0.0395,0.0394,0.0397,0.0750,0.0013,0,0,0,0,0,zigbee:400,0,0
zigbee.toml,zigbee.toml,2.27,2.27,2.2700,2.2700,2.2700,0,0,400,400,NaN,0.0000,0.0000,0,400,0.0400,0.0400,0.0399,0.1116,0.0014,0,0,0,0,0,zigbee:400,0,0
zigbee.toml,zigbee.toml,2.26,2.26,2.2600,2.2600,2.2600,0,0,400,400,NaN,0.0000,0.0000,0,400,0.0371,0.0371,0.0372,0.0607,0.0013,0,0,0,0,0,zigbee:400,0,0
zigbee.toml,zigbee.toml,2.25,2.25,2.2500,2.2500,2.2500,0,0,400,400,NaN,0.0000,0.0000,0,400,0.0370,0.0370,0.0371,0.0697,0.0013,0,0,0,0,0,zigbee:400,0,0
zigbee.toml,zigbee.toml,2.24,2.24,2.2400,2.2400,2.2400,0,0,400,400,NaN,0.0000,0.0000,0,400,0.0376,0.0376,0.0376,0.0738,0.0013,0,0,0,0,0,zigbee:400,0,0
zigbee.toml,zigbee.toml,2.23,2.23,2.2300,2.2300,2.2300,0,0,400,400,NaN,0.0000,0.0000,0,400,0.0378,0.0377,0.0379,0.0647,0.0013,0,0,0,0,0,zigbee:400,0,0
zigbee.toml,zigbee.toml,2.22,2.22,2.2200,2.2200,2.2200,0,0,400,400,NaN,0.0000,0.0000,0,400,0.0374,0.0377,0.0370,0.0700,0.0013,0,0,0,0,0,zigbee:400,0,0
zigbee.toml,zigbee.toml,2.21,2.21,2.2100,2.2100,2.2100,0,0,400,400,NaN,0.0000,0.0000,0,400,0.0371,0.0375,0.0368,0.0647,0.0013,0,0,0,0,0,zigbee:400,0,0
zigbee.toml,zigbee.toml,2.2,2.2,2.2000,2.2000,2.2000,0,0,400,400,NaN,0.0000,0.0000,0,400,0.0377,0.0378,0.0377,0.0803,0.0013,0,0,0,0,0,zigbee:400,0,0
zigbee.toml,zigbee.toml,2.19,2.19,2.1900,2.1900,2.1900,0,0,400,400,NaN,0.0000,0.0000,0,400,0.0369,0.0366,0.0371,0.0806,0.0012,0,0,0,0,0,zigbee:400,0,0
zigbee.toml,zigbee.toml,2.18,2.18,2.1800,2.1800,2.1800,0,0,400,400,NaN,0.0000,0.0000,0,400,0.0381,0.0381,0.0381,0.0711,0.0013,0,0,0,0,0,zigbee:400,0,0
zigbee.toml,zigbee.toml,2.17,2.17,2.1700,2.1700,2.1700,0,0,400,400,NaN,0.0000,0.0000,0,400,0.0389,0.0384,0.0392,0.0983,0.0013,0,0,0,0,0,zigbee:400,0,0
zigbee.toml,zigbee.toml,2.16,2.16,2.1600,2.1600,2.1600,0,0,400,400,NaN,0.0000,0.0000,0,400,0.0380,0.0380,0.0381,0.0749,0.0012,0,0,0,0,0,zigbee:400,0,0
zigbee.toml,zigbee.toml,2.15,2.15,2.1500,2.1500,2.1500,0,0,400,400,NaN,0.0000,0.0000,0,400,0.0362,0.0362,0.0363,0.0601,0.0012,0,0,0,0,0,zigbee:400,0,0
zigbee.toml,zigbee.toml,2.14,2.14,2.1400,2.1400,2.1400,0,0,400,400,NaN,0.0000,0.0000,0,400,0.0371,0.0372,0.0369,0.0658,0.0012,0,0,0,0,0,zigbee:400,0,0
zigbee.toml,zigbee.toml,2.13,2.13,2.1300,2.1300,2.1300,0,0,400,400,NaN,0.0000,0.0000,0,400,0.0401,0.0399,0.0405,0.0691,0.0014,0,0,0,0,0,zigbee:400,0,0
zigbee.toml,zigbee.toml,2.12,2.12,2.1200,2.1200,2.1200,0,0,400,400,NaN,0.0000,0.0000,0,400,0.0378,0.0378,0.0380,0.0616,0.0013,0,0,0,0,0,zigbee:400,0,0
zigbee.toml,zigbee.toml,2.11,2.11,2.1100,2.1100,2.1100,0,0,400,400,NaN,0.0000,0.0000,0,400,0.0381,0.0378,0.0383,0.2996,0.0013,0,0,0,0,0,zigbee:400,0,0
zigbee.toml,zigbee.toml,2.1,2.1,2.1000,2.1000,2.1000,0,0,400,400,NaN,0.0000,0.0000,0,400,0.0369,0.0367,0.0370,0.0835,0.0012,0,0,0,0,0,zigbee:400,0,0
zigbee.toml,zigbee.toml,2.09,2.09,2.0900,2.0900,2.0900,0,0,400,400,NaN,0.0000,0.0000,0,400,0.0377,0.0377,0.0380,0.2488,0.0013,0,0,0,0,0,zigbee:400,0,0
zigbee.toml,zigbee.toml,2.08,2.08,2.0800,2.0800,2.0800,0,0,400,400,NaN,0.0000,0.0000,0,400,0.0381,0.0381,0.0379,0.0767,0.0013,0,0,0,0,0,zigbee:400,0,0
zigbee.toml,zigbee.toml,2.07,2.07,2.0700,2.0700,2.0700,0,0,400,400,NaN,0.0000,0.0000,0,400,0.0393,0.0393,0.0393,0.0658,0.0014,0,0,0,0,0,zigbee:400,0,0
zigbee.toml,zigbee.toml,2.06,2.06,2.0600,2.0600,2.0600,0,0,400,400,NaN,0.0000,0.0000,0,400,0.0388,0.0390,0.0380,0.0630,0.0013,0,0,0,0,0,zigbee:400,0,0
zigbee.toml,zigbee.toml,2.05,2.05,2.0500,2.0500,2.0500,0,0,400,400,NaN,0.0000,0.0000,0,400,0.0378,0.0381,0.0376,0.2844,0.0013,0,0,0,0,0,zigbee:400,0,0
zigbee.toml,zigbee.toml,2.04,2.04,2.0400,2.0400,2.0400,0,0,400,400,NaN,0.0000,0.0000,0,400,0.0382,0.0378,0.0385,0.0641,0.0013,0,0,0,0,0,zigbee:400,0,0
zigbee.toml,zigbee.toml,2.03,2.03,2.0300,2.0300,2.0300,0,0,400,400,NaN,0.0000,0.0000,0,400,0.0378,0.0377,0.0384,0.0720,0.0013,0,0,0,0,0,zigbee:400,0,0
zigbee.toml,zigbee.toml,2.02,2.02,2.0200,2.0200,2.0200,0,0,400,400,NaN,0.0000,0.0000,0,400,0.0370,0.0365,0.0374,0.0611,0.0013,0,0,0,0,0,zigbee:400,0,0
zigbee.toml,zigbee.toml,2.01,2.01,2.0100,2.0100,2.0100,0,0,400,400,NaN,0.0000,0.0000,0,400,0.0360,0.0359,0.0360,0.0554,0.0012,0,0,0,0,0,zigbee:400,0,0
zigbee.toml,zigbee.toml,2,2,2.0000,2.0000,2.0000,0,0,400,400,NaN,0.0000,0.0000,0,400,0.0359,0.0359,0.0360,0.0612,0.0012,0,0,0,0,0,zigbee:400,0,0
zigbee.toml,zigbee.toml,1.99,1.99,1.9900,1.9900,1.9900,0,0,400,400,NaN,0.0000,0.0000,0,400,0.0366,0.0368,0.0365,0.2416,0.0012,0,0,0,0,0,zigbee:400,0,0
zigbee.toml,zigbee.toml,1.98,1.98,1.9800,1.9800,1.9800,0,0,400,400,NaN,0.0000,0.0000,0,400,0.0372,0.0371,0.0372,0.0821,0.0013,0,0,0,0,0,zigbee:400,0,0
zigbee.toml,zigbee.toml,1.97,1.97,1.9700,1.9700,1.9700,0,0,400,400,NaN,0.0000,0.0000,0,400,0.0364,0.0364,0.0364,0.0942,0.0012,0,0,0,0,0,zigbee:400,0,0
zigbee.toml,zigbee.toml,1.96,1.96,1.9600,1.9600,1.9600,0,0,400,400,NaN,0.0000,0.0000,0,400,0.0372,0.0376,0.0365,0.2536,0.0012,0,0,0,0,0,zigbee:400,0,0
zigbee.toml,zigbee.toml,1.95,1.95,1.9500,1.9500,1.9500,0,0,400,400,NaN,0.0000,0.0000,0,400,0.0370,0.0373,0.0366,0.0678,0.0013,0,0,0,0,0,zigbee:400,0,0
zigbee.toml,zigbee.toml,1.94,1.94,1.9400,1.9400,1.9400,0,0,400,400,NaN,0.0000,0.0000,0,400,0.0374,0.0374,0.0375,0.0622,0.0012,0,0,0,0,0,zigbee:400,0,0
zigbee.toml,zigbee.toml,1.93,1.93,1.9300,1.9300,1.9300,0,0,400,400,NaN,0.0000,0.0000,0,400,0.0372,0.0370,0.0375,0.0610,0.0013,0,0,0,0,0,zigbee:400,0,0
zigbee.toml,zigbee.toml,1.92,1.92,1.9200,1.9200,1.9200,0,0,400,400,NaN,0.0000,0.0000,0,400,0.0381,0.0379,0.0383,0.0755,0.0013,0,0,0,0,0,zigbee:400,0,0
zigbee.toml,zigbee.toml,1.91,1.91,1.9100,1.9100,1.9100,0,0,400,400,NaN,0.0000,0.0000,0,400,0.0371,0.0368,0.0374,0.2829,0.0012,0,0,0,0,0,zigbee:400,0,0
zigbee.toml,zigbee.toml,1.9,1.9,1.9000,1.9000,1.9000,0,0,400,400,NaN,0.0000,0.0000,0,400,0.0370,0.0374,0.0365,0.0615,0.0012,0,0,0,0,0,zigbee:400,0,0
zigbee.toml,zigbee.toml,1.89,1.89,1.8900,1.8900,1.8900,0,0,400,400,NaN,0.0000,0.0000,0,400,0.0360,0.0364,0.0359,0.0613,0.0012,0,0,0,0,0,zigbee:400,0,0
zigbee.toml,zigbee.toml,1.88,1.88,1.8800,1.8800,1.8800,0,0,400,400,NaN,0.0000,0.0000,0,400,0.0359,0.0359,0.0359,0.0846,0.0012,0,0,0,0,0,zigbee:400,0,0
zigbee.toml,zigbee.toml,1.87,1.87,1.8700,1.8700,1.8700,0,0,400,400,NaN,0.0000,0.0000,0,400,0.0362,0.0364,0.0358,0.0708,0.0012,0,0,0,0,0,zigbee:400,0,0
zigbee.toml,zigbee.toml,1.86,1.86,1.8600,1.8600,1.8600,0,0,400,400,NaN,0.0000,0.0000,0,400,0.0364,0.0363,0.0364,0.0692,0.0012,0,0,0,0,0,zigbee:400,0,0
zigbee.toml,zigbee.toml,1.85,1.85,1.8500,1.8500,1.8500,0,0,400,400,NaN,0.0000,0.0000,0,400,0.0372,0.0372,0.0373,0.0670,0.0012,0,0,0,0,0,zigbee:400,0,0
zigbee.toml,zigbee.toml,1.84,1.84,1.8400,1.8400,1.8400,0,0,400,400,NaN,0.0000,0.0000,0,400,0.0369,0.0369,0.0370,0.0811,0.0012,0,0,0,0,0,zigbee:400,0,0
zigbee.toml,zigbee.toml,1.83,1.83,1.8300,1.8300,1.8300,0,0,400,400,NaN,0.0000,0.0000,0,400,0.0354,0.0355,0.0354,0.0682,0.0012,0,0,0,0,0,zigbee:400,0,0
zigbee.toml,zigbee.toml,1.82,1.82,1.8200,1.8200,1.8200,0,0,400,400,NaN,0.0000,0.0000,0,400,0.0361,0.0359,0.0365,0.1146,0.0012,0,0,0,0,256,zigbee:400,0,0
zigbee.toml,zigbee.toml,1.81,1.81,1.8100,1.8100,1.8100,0,0,400,400,NaN,0.0000,0.0000,0,400,0.0355,0.0356,0.0355,0.0641,0.0011,0,0,0,0,0,zigbee:400,0,0
zigbee.toml,zigbee.toml,1.8,1.8,1.8000,1.8000,1.8000,0,0,400,400,NaN,0.0000,0.0000,0,400,0.0360,0.0361,0.0357,0.0640,0.0012,0,0,0,0,0,zigbee:400,0,0
zigbee.toml,zigbee.toml,1.79,1.79,1.7900,1.7900,1.7900,0,0,400,400,NaN,0.0000,0.0000,0,400,0.0352,0.0352,0.0352,0.0566,0.0012,0,0,0,0,0,zigbee:400,0,0
zigbee.toml,zigbee.toml,1.78,1.78,1.7800,1.7800,1.7800,0,0,400,400,NaN,0.0000,0.0000,0,400,0.0355,0.0350,0.0360,0.2483,0.0012,0,0,0,0,0,zigbee:400,0,0
zigbee.toml,zigbee.toml,1.77,1.77,1.7700,1.7700,1.7700,0,0,400,400,NaN,0.0000,0.0000,0,400,0.0353,0.0356,0.0351,0.0575,0.0012,0,0,0,0,0,zigbee:400,0,0
zigbee.toml,zigbee.toml,1.76,1.76,1.7600,1.7600,1.7600,0,0,400,400,NaN,0.0000,0.0000,0,400,0.0354,0.0350,0.0358,0.0578,0.0011,0,0,0,0,0,zigbee:400,0,0
zigbee.toml,zigbee.toml,1.75,1.75,1.7500,1.7500,1.7500,0,0,400,400,NaN,0.0000,0.0000,0,400,0.0356,0.0359,0.0354,0.0583,0.0012,0,0,0,0,0,zigbee:400,0,0
zigbee.toml,zigbee.toml,1.74,1.74,1.7400,1.7400,1.7400,0,0,400,400,NaN,0.0000,0.0000,0,400,0.0348,0.0350,0.0348,0.0532,0.0012,0,0,0,0,0,zigbee:400,0,0
zigbee.toml,zigbee.toml,1.73,1.73,1.7300,1.7300,1.7300,0,0,400,400,NaN,0.0000,0.0000,0,400,0.0357,0.0359,0.0355,0.2453,0.0012,0,0,0,0,0,zigbee:400,0,0
zigbee.toml,zigbee.toml,1.72,1.72,1.7200,1.7200,1.7200,0,0,400,400,NaN,0.0000,0.0000,0,400,0.0363,0.0364,0.0363,0.0614,0.0012,0,0,0,0,0,zigbee:400,0,0
zigbee.toml,zigbee.toml,1.71,1.71,1.7100,1.7100,1.7100,0,0,400,400,NaN,0.0000,0.0000,0,400,0.0383,0.0385,0.0381,0.0642,0.0013,0,0,0,0,0,zigbee:400,0,0
zigbee.toml,zigbee.toml,1.7,1.7,1.7000,1.7000,1.7000,0,0,400,400,NaN,0.0000,0.0000,0,400,0.0380,0.0381,0.0378,0.0674,0.0013,0,0,0,0,0,zigbee:400,0,0
zigbee.toml,zigbee.toml,1.69,1.69,1.6900,1.6900,1.6900,0,0,400,400,NaN,0.0000,0.0000,0,400,0.0365,0.0363,0.0366,0.2475,0.0012,0,0,0,0,0,zigbee:400,0,0
zigbee.toml,zigbee.toml,1.68,1.68,1.6800,1.6800,1.6800,0,0,400,400,NaN,0.0000,0.0000,0,400,0.0368,0.0370,0.0361,0.0592,0.0012,0,0,0,0,0,zigbee:400,0,0
zigbee.toml,zigbee.toml,1.67,1.67,1.6700,1.6700,1.6700,0,0,400,400,NaN,0.0000,0.0000,0,400,0.0361,0.0360,0.0362,0.0857,0.0012,0,0,0,0,0,zigbee:400,0,0
zigbee.toml,zigbee.toml,1.66,1.66,1.6600,1.6600,1.6600,0,0,400,400,NaN,0.0000,0.0000,0,400,0.0359,0.0360,0.0358,0.0582,0.0012,0,0,0,0,0,zigbee:400,0,0
zigbee.toml,zigbee.toml,1.65,1.65,1.6500,1.6500,1.6500,0,0,400,400,NaN,0.0000,0.0000,0,400,0.0378,0.0373,0.0381,0.0812,0.0013,0,0,0,0,0,zigbee:400,0,0
zigbee.toml,zigbee.toml,1.64,1.64,1.6400,1.6400,1.6400,0,0,400,400,NaN,0.0000,0.0000,0,400,0.0356,0.0356,0.0358,0.0585,0.0012,0,0,0,0,0,zigbee:400,0,0
zigbee.toml,zigbee.toml,1.63,1.63,1.6300,1.6300,1.6300,0,0,400,400,NaN,0.0000,0.0000,0,400,0.0362,0.0365,0.0360,0.2513,0.0012,0,0,0,0,0,zigbee:400,0,0
zigbee.toml,zigbee.toml,1.62,1.62,1.6200,1.6200,1.6200,0,0,400,400,NaN,0.0000,0.0000,0,400,0.0367,0.0370,0.0367,0.0624,0.0012,0,0,0,0,0,zigbee:400,0,0
zigbee.toml,zigbee.toml,1.61,1.61,1.6100,1.6100,1.6100,0,0,400,400,NaN,0.0000,0.0000,0,400,0.0358,0.0360,0.0357,0.0662,0.0012,0,0,0,0,0,zigbee:400,0,0
zigbee.toml,zigbee.toml,1.6,1.6,1.6000,1.6000,1.6000,0,0,400,400,NaN,0.0000,0.0000,0,400,0.0369,0.0372,0.0368,0.0709,0.0012,0,0,0,0,0,zigbee:400,0,0
zigbee.toml,zigbee.toml,1.59,1.59,1.5900,1.5900,1.5900,0,0,400,400,NaN,0.0000,0.0000,0,400,0.0374,0.0375,0.0373,0.0618,0.0012,0,0,0,0,0,zigbee:400,0,0
zigbee.toml,zigbee.toml,1.58,1.58,1.5800,1.5800,1.5800,0,0,400,400,NaN,0.0000,0.0000,0,400,0.0361,0.0360,0.0362,0.0594,0.0012,0,0,0,0,0,zigbee:400,0,0
zigbee.toml,zigbee.toml,1.57,1.57,1.5700,1.5700,1.5700,0,0,400,400,NaN,0.0000,0.0000,0,400,0.0357,0.0359,0.0355,0.2512,0.0011,0,0,0,0,0,zigbee:400,0,0
zigbee.toml,zigbee.toml,1.56,1.56,1.5600,1.5600,1.5600,0,0,400,400,NaN,0.0000,0.0000,0,400,0.0360,0.0359,0.0361,0.0847,0.0012,0,0,0,0,0,zigbee:400,0,0
zigbee.toml,zigbee.toml,1.55,1.55,1.5500,1.5500,1.5500,0,0,400,400,NaN,0.0000,0.0000,0,400,0.0388,0.0392,0.0383,0.0699,0.0013,0,0,0,0,0,zigbee:400,0,0
zigbee.toml,zigbee.toml,1.54,1.54,1.5400,1.5400,1.5400,0,0,400,400,NaN,0.0000,0.0000,0,400,0.0373,0.0374,0.0373,0.0670,0.0013,0,0,0,0,0,zigbee:400,0,0
zigbee.toml,zigbee.toml,1.53,1.53,1.5300,1.5300,1.5300,0,0,400,400,NaN,0.0000,0.0000,0,400,0.0376,0.0374,0.0376,0.2554,0.0013,0,0,0,0,0,zigbee:400,0,0
zigbee.toml,zigbee.toml,1.52,1.52,1.5200,1.5200,1.5200,0,0,400,400,NaN,0.0000,0.0000,0,400,0.0361,0.0359,0.0365,0.0685,0.0012,0,0,0,0,0,zigbee:400,0,0
zigbee.toml,zigbee.toml,1.51,1.51,1.5100,1.5100,1.5100,0,0,400,400,NaN,0.0000,0.0000,0,400,0.0361,0.0364,0.0360,0.0656,0.0012,0,0,0,0,0,zigbee:400,0,0
zigbee.toml,zigbee.toml,1.5,1.5,1.5000,1.5000,1.5000,0,0,400,400,NaN,0.0000,0.0000,0,400,0.0396,0.0393,0.0400,0.0610,0.0014,0,0,0,0,0,zigbee:400,0,0
zigbee.toml,zigbee.toml,1.49,1.49,1.4900,1.4900,1.4900,0,0,400,400,NaN,0.0000,0.0000,0,400,0.0374,0.0374,0.0374,0.0944,0.0013,0,0,0,0,0,zigbee:400,0,0
zigbee.toml,zigbee.toml,1.48,1.48,1.4800,1.4800,1.4800,0,0,400,400,NaN,0.0000,0.0000,0,400,0.0366,0.0363,0.0368,0.0599,0.0012,0,0,0,0,0,zigbee:400,0,0
zigbee.toml,zigbee.toml,1.47,1.47,1.4700,1.4700,1.4700,0,0,400,400,NaN,0.0000,0.0000,0,400,0.0359,0.0363,0.0356,0.0697,0.0012,0,0,0,0,0,zigbee:400,0,0
zigbee.toml,zigbee.toml,1.46,1.46,1.4600,1.4600,1.4600,0,0,400,400,NaN,0.0000,0.0000,0,400,0.0356,0.0358,0.0355,0.2501,0.0012,0,0,0,0,0,zigbee:400,0,0
zigbee.toml,zigbee.toml,1.45,1.45,1.4500,1.4500,1.4500,0,0,400,400,NaN,0.0000,0.0000,0,400,0.0351,0.0354,0.0347,0.0706,0.0011,0,0,0,0,0,zigbee:400,0,0
zigbee.toml,zigbee.toml,1.44,1.44,1.4400,1.4400,1.4400,0,0,400,400,NaN,0.0000,0.0000,0,400,0.0355,0.0355,0.0355,0.0585,0.0011,0,0,0,0,0,zigbee:400,0,0
zigbee.toml,zigbee.toml,1.43,1.43,1.4300,1.4300,1.4300,0,0,400,400,NaN,0.0000,0.0000,0,400,0.0354,0.0354,0.0354,0.0585,0.0011,0,0,0,0,0,zigbee:400,0,0
zigbee.toml,zigbee.toml,1.42,1.42,1.4200,1.4200,1.4200,0,0,400,400,NaN,0.0000,0.0000,0,400,0.0348,0.0352,0.0347,0.1480,0.0011,0,0,0,0,0,zigbee:400,0,0
zigbee.toml,zigbee.toml,1.41,1.41,1.4100,1.4100,1.4100,0,0,400,400,NaN,0.0000,0.0000,0,400,0.0354,0.0354,0.0354,0.0620,0.0011,0,0,0,0,0,zigbee:400,0,0
zigbee.toml,zigbee.toml,1.4,1.4,1.4000,1.4000,1.4000,0,0,400,400,NaN,0.0000,0.0000,0,400,0.0354,0.0353,0.0354,0.0630,0.0012,0,0,0,0,0,zigbee:400,0,0
zigbee.toml,zigbee.toml,1.39,1.39,1.3900,1.3900,1.3900,0,0,400,400,NaN,0.0000,0.0000,0,400,0.0367,0.0371,0.0365,0.2494,0.0012,0,0,0,0,0,zigbee:400,0,0
zigbee.toml,zigbee.toml,1.38,1.38,1.3800,1.3800,1.3800,0,0,400,400,NaN,0.0000,0.0000,0,400,0.0391,0.0396,0.0387,0.1290,0.0014,0,0,0,0,0,zigbee:400,0,0
zigbee.toml,zigbee.toml,1.37,1.37,1.3700,1.3700,1.3700,0,0,400,400,NaN,0.0000,0.0000,0,400,0.0370,0.0370,0.0371,0.0684,0.0012,0,0,0,0,0,zigbee:400,0,0
zigbee.toml,zigbee.toml,1.36,1.36,1.3600,1.3600,1.3600,0,0,400,400,NaN,0.0000,0.0000,0,400,0.0360,0.0361,0.0358,0.0602,0.0012,0,0,0,0,0,zigbee:400,0,0
zigbee.toml,zigbee.toml,1.35,1.35,1.3500,1.3500,1.3500,0,0,400,400,NaN,0.0000,0.0000,0,400,0.0377,0.0374,0.0381,0.2604,0.0013,0,0,0,0,0,zigbee:400,0,0
zigbee.toml,zigbee.toml,1.34,1.34,1.3400,1.3400,1.3400,0,0,400,400,NaN,0.0000,0.0000,0,400,0.0363,0.0358,0.0366,0.0811,0.0012,0,0,0,0,0,zigbee:400,0,0
zigbee.toml,zigbee.toml,1.33,1.33,1.3300,1.3300,1.3300,0,0,400,400,NaN,0.0000,0.0000,0,400,0.0368,0.0367,0.0369,0.0610,0.0012,0,0,0,0,0,zigbee:400,0,0
zigbee.toml,zigbee.toml,1.32,1.32,1.3200,1.3200,1.3200,0,0,400,400,NaN,0.0000,0.0000,0,400,0.0372,0.0373,0.0372,0.0623,0.0013,0,0,0,0,0,zigbee:400,0,0
zigbee.toml,zigbee.toml,1.31,1.31,1.3100,1.3100,1.3100,0,0,400,400,NaN,0.0000,0.0000,0,400,0.0392,0.0392,0.0392,0.0669,0.0014,0,0,0,0,0,zigbee:400,0,0
zigbee.toml,zigbee.toml,1.3,1.3,1.3000,1.3000,1.3000,0,0,400,400,NaN,0.0000,0.0000,0,400,0.0354,0.0356,0.0352,0.2430,0.0012,0,0,0,0,0,zigbee:400,0,0
zigbee.toml,zigbee.toml,1.29,1.29,1.2900,1.2900,1.2900,0,0,400,400,NaN,0.0000,0.0000,0,400,0.0356,0.0358,0.0353,0.2506,0.0012,0,0,0,0,0,zigbee:400,0,0
zigbee.toml,zigbee.toml,1.28,1.28,1.2800,1.2800,1.2800,0,0,400,400,NaN,0.0000,0.0000,0,400,0.0351,0.0350,0.0352,0.0544,0.0011,0,0,0,0,0,zigbee:400,0,0
zigbee.toml,zigbee.toml,1.27,1.27,1.2700,1.2700,1.2700,0,0,400,400,NaN,0.0000,0.0000,0,400,0.0348,0.0352,0.0344,0.0706,0.0011,0,0,0,0,0,zigbee:400,0,0
zigbee.toml,zigbee.toml,1.26,1.26,1.2600,1.2600,1.2600,0,0,400,400,NaN,0.0000,0.0000,0,400,0.0355,0.0355,0.0355,0.0771,0.0012,0,0,0,0,0,zigbee:400,0,0
zigbee.toml,zigbee.toml,1.25,1.25,1.2500,1.2500,1.2500,0,0,400,400,NaN,0.0000,0.0000,0,400,0.0370,0.0371,0.0370,0.0713,0.0012,0,0,0,0,0,zigbee:400,0,0
zigbee.toml,zigbee.toml,1.24,1.24,1.2400,1.2400,1.2400,0,0,400,400,NaN,0.0000,0.0000,0,400,0.0374,0.0374,0.0374,0.0721,0.0013,0,0,0,0,0,zigbee:400,0,0
zigbee.toml,zigbee.toml,1.23,1.23,1.2300,1.2300,1.2300,0,0,400,400,NaN,0.0000,0.0000,0,400,0.0396,0.0394,0.0396,0.1286,0.0014,0,0,0,0,0,zigbee:400,0,0
zigbee.toml,zigbee.toml,1.22,1.22,1.2200,1.2200,1.2200,0,0,400,400,NaN,0.0000,0.0000,0,400,0.0379,0.0377,0.0380,0.0720,0.0013,0,0,0,0,0,zigbee:400,0,0
zigbee.toml,zigbee.toml,1.21,1.21,1.2100,1.2100,1.2100,0,0,400,400,NaN,0.0000,0.0000,0,400,0.0361,0.0364,0.0357,0.0679,0.0012,0,0,0,0,0,zigbee:400,0,0
zigbee.toml,zigbee.toml,1.2,1.2,1.2000,1.2000,1.2000,0,0,400,400,NaN,0.0000,0.0000,0,400,0.0359,0.0353,0.0362,0.0673,0.0012,0,0,0,0,0,zigbee:400,0,0
zigbee.toml,zigbee.toml,1.19,1.19,1.1900,1.1900,1.1900,0,0,400,400,NaN,0.0000,0.0000,0,400,0.0390,0.0390,0.0390,0.0624,0.0013,0,0,0,0,0,zigbee:400,0,0
zigbee.toml,zigbee.toml,1.18,1.18,1.1800,1.1800,1.1800,0,0,400,400,NaN,0.0000,0.0000,0,400,0.0357,0.0357,0.0357,0.2438,0.0012,0,0,0,0,0,zigbee:400,0,0
zigbee.toml,zigbee.toml,1.17,1.17,1.1700,1.1700,1.1700,0,0,400,400,NaN,0.0000,0.0000,0,400,0.0368,0.0368,0.0368,0.0626,0.0012,0,0,0,0,0,zigbee:400,0,0
zigbee.toml,zigbee.toml,1.16,1.16,1.1600,1.1600,1.1600,0,0,400,400,NaN,0.0000,0.0000,0,400,0.0386,0.0387,0.0381,0.0638,0.0013,0,0,0,0,0,zigbee:400,0,0
zigbee.toml,zigbee.toml,1.15,1.15,1.1500,1.1500,1.1500,0,0,400,400,NaN,0.0000,0.0000,0,400,0.0376,0.0375,0.0377,0.0816,0.0012,0,0,0,0,0,zigbee:400,0,0
zigbee.toml,zigbee.toml,1.14,1.14,1.1400,1.1400,1.1400,0,0,400,400,NaN,0.0000,0.0000,0,400,0.0364,0.0360,0.0367,0.0877,0.0012,0,0,0,0,0,zigbee:400,0,0
zigbee.toml,zigbee.toml,1.13,1.13,1.1300,1.1300,1.1300,0,0,400,400,NaN,0.0000,0.0000,0,400,0.0359,0.0359,0.0359,0.0696,0.0012,0,0,0,0,0,zigbee:400,0,0
zigbee.toml,zigbee.toml,1.12,1.12,1.1200,1.1200,1.1200,0,0,400,400,NaN,0.0000,0.0000,0,400,0.0352,0.0352,0.0352,0.0708,0.0012,0,0,0,0,0,zigbee:400,0,0
zigbee.toml,zigbee.toml,1.11,1.11,1.1100,1.1100,1.1100,0,0,400,400,NaN,0.0000,0.0000,0,400,0.0369,0.0367,0.0373,0.0684,0.0012,0,0,0,0,0,zigbee:400,0,0
zigbee.toml,zigbee.toml,1.1,1.1,1.1000,1.1000,1.1000,0,0,400,400,NaN,0.0000,0.0000,0,400,0.0431,0.0427,0.0433,0.0921,0.0016,0,0,0,0,0,zigbee:400,0,0
zigbee.toml,zigbee.toml,1.09,1.09,1.0900,1.0900,1.0900,0,0,400,400,NaN,0.0000,0.0000,0,400,0.0447,0.0450,0.0444,0.0814,0.0017,0,0,0,0,0,zigbee:400,0,0
zigbee.toml,zigbee.toml,1.08,1.08,1.0800,1.0800,1.0800,0,0,400,400,NaN,0.0000,0.0000,0,400,0.0357,0.0358,0.0355,0.0695,0.0012,0,0,0,0,0,zigbee:400,0,0
zigbee.toml,zigbee.toml,1.07,1.07,1.0700,1.0700,1.0700,0,0,400,400,NaN,0.0000,0.0000,0,400,0.0363,0.0363,0.0365,0.0679,0.0012,0,0,0,0,256,zigbee:400,0,0
zigbee.toml,zigbee.toml,1.06,1.06,1.0600,1.0600,1.0600,0,0,400,400,NaN,0.0000,0.0000,0,400,0.0364,0.0368,0.0361,0.0585,0.0012,0,0,0,0,0,zigbee:400,0,0
zigbee.toml,zigbee.toml,1.05,1.05,1.0500,1.0500,1.0500,0,0,400,400,NaN,0.0000,0.0000,0,400,0.0356,0.0357,0.0353,0.0654,0.0011,0,0,0,0,0,zigbee:400,0,0
zigbee.toml,zigbee.toml,1.04,1.04,1.0400,1.0400,1.0400,0,0,400,400,NaN,0.0000,0.0000,0,400,0.0355,0.0355,0.0356,0.0636,0.0012,0,0,0,0,0,zigbee:400,0,0
zigbee.toml,zigbee.toml,1.03,1.03,1.0300,1.0300,1.0300,0,0,400,400,NaN,0.0000,0.0000,0,400,0.0360,0.0360,0.0362,0.1233,0.0012,0,0,0,0,0,zigbee:400,0,0
zigbee.toml,zigbee.toml,1.02,1.02,1.0200,1.0200,1.0200,0,0,400,400,NaN,0.0000,0.0000,0,400,0.0356,0.0356,0.0356,0.0571,0.0012,0,0,0,0,0,zigbee:400,0,0
zigbee.toml,zigbee.toml,1.01,1.01,1.0100,1.0100,1.0100,0,0,400,400,NaN,0.0000,0.0000,0,400,0.0360,0.0362,0.0360,0.0803,0.0011,0,0,0,0,0,zigbee:400,0,0
zigbee.toml,zigbee.toml,1,1,1.0000,1.0000,1.0000,0,0,400,400,NaN,0.0000,0.0000,0,400,0.0358,0.0360,0.0355,0.0685,0.0011,0,0,0,0,0,zigbee:400,0,0
zigbee.toml,zigbee.toml,0.99,0.99,0.9900,0.9900,0.9900,0,0,400,400,NaN,0.0000,0.0000,0,400,0.0363,0.0366,0.0362,0.0697,0.0012,0,0,0,0,0,zigbee:400,0,0
zigbee.toml,zigbee.toml,0.98,0.98,0.9800,0.9800,0.9800,0,0,400,400,NaN,0.0000,0.0000,0,400,0.0359,0.0360,0.0358,0.0657,0.0012,0,0,0,0,0,zigbee:400,0,0
zigbee.toml,zigbee.toml,0.97,0.97,0.9700,0.9700,0.9700,0,0,400,400,NaN,0.0000,0.0000,0,400,0.0376,0.0376,0.0376,0.0733,0.0013,0,0,0,0,0,zigbee:400,0,0
zigbee.toml,zigbee.toml,0.96,0.96,0.9600,0.9600,0.9600,0,0,400,400,NaN,0.0000,0.0000,0,400,0.0354,0.0355,0.0353,0.0890,0.0011,0,0,0,0,0,zigbee:400,0,0
zigbee.toml,zigbee.toml,0.95,0.95,0.9500,0.9500,0.9500,0,0,400,400,NaN,0.0000,0.0000,0,400,0.0356,0.0356,0.0358,0.0586,0.0011,0,0,0,0,0,zigbee:400,0,0
zigbee.toml,zigbee.toml,0.94,0.94,0.9400,0.9400,0.9400,0,0,400,400,NaN,0.0000,0.0000,0,400,0.0363,0.0362,0.0365,0.0922,0.0012,0,0,0,0,0,zigbee:400,0,0
zigbee.toml,zigbee.toml,0.93,0.93,0.9300,0.9300,0.9300,0,0,400,400,NaN,0.0000,0.0000,0,400,0.0353,0.0353,0.0353,0.0640,0.0012,0,0,0,0,0,zigbee:400,0,0
zigbee.toml,zigbee.toml,0.92,0.92,0.9200,0.9200,0.9200,0,0,400,400,NaN,0.0000,0.0000,0,400,0.0346,0.0349,0.0346,0.0677,0.0011,0,0,0,0,0,zigbee:400,0,0
zigbee.toml,zigbee.toml,0.91,0.91,0.9100,0.9100,0.9100,0,0,400,400,NaN,0.0000,0.0000,0,400,0.0354,0.0358,0.0352,0.0683,0.0012,0,0,0,0,0,zigbee:400,0,0
zigbee.toml,zigbee.toml,0.9,0.9,0.9000,0.9000,0.9000,0,0,400,400,NaN,0.0000,0.0000,0,400,0.0355,0.0354,0.0355,0.0643,0.0011,0,0,0,0,0,zigbee:400,0,0
zigbee.toml,zigbee.toml,0.89,0.89,0.8900,0.8900,0.8900,0,0,400,400,NaN,0.0000,0.0000,0,400,0.0373,0.0372,0.0375,0.1234,0.0012,0,0,0,0,0,zigbee:400,0,0
zigbee.toml,zigbee.toml,0.88,0.88,0.8800,0.8800,0.8800,0,0,400,400,NaN,0.0000,0.0000,0,400,0.0361,0.0360,0.0362,0.0614,0.0012,0,0,0,0,0,zigbee:400,0,0
zigbee.toml,zigbee.toml,0.87,0.87,0.8700,0.8700,0.8700,0,0,400,400,NaN,0.0000,0.0000,0,400,0.0354,0.0354,0.0353,0.0626,0.0011,0,0,0,0,0,zigbee:400,0,0
zigbee.toml,zigbee.toml,0.86,0.86,0.8600,0.8600,0.8600,0,0,400,400,NaN,0.0000,0.0000,0,400,0.0354,0.0357,0.0352,0.0660,0.0012,0,0,0,0,0,zigbee:400,0,0
zigbee.toml,zigbee.toml,0.85,0.85,0.8500,0.8500,0.8500,0,0,400,400,NaN,0.0000,0.0000,0,400,0.0371,0.0372,0.0370,0.0688,0.0013,0,0,0,0,0,zigbee:400,0,0
zigbee.toml,zigbee.toml,0.84,0.84,0.8400,0.8400,0.8400,0,0,400,400,NaN,0.0000,0.0000,0,400,0.0362,0.0358,0.0365,0.0763,0.0012,0,0,0,0,0,zigbee:400,0,0
zigbee.toml,zigbee.toml,0.83,0.83,0.8300,0.8300,0.8300,0,0,400,400,NaN,0.0000,0.0000,0,400,0.0373,0.0373,0.0375,0.0814,0.0012,0,0,0,0,0,zigbee:400,0,0
zigbee.toml,zigbee.toml,0.82,0.82,0.8200,0.8200,0.8200,0,0,400,400,NaN,0.0000,0.0000,0,400,0.0370,0.0369,0.0371,0.2788,0.0013,0,0,0,0,0,zigbee:400,0,0
zigbee.toml,zigbee.toml,0.81,0.81,0.8100,0.8100,0.8100,0,0,400,400,NaN,0.0000,0.0000,0,400,0.0363,0.0360,0.0364,0.0646,0.0012,0,0,0,0,0,zigbee:400,0,0
zigbee.toml,zigbee.toml,0.8,0.8,0.8000,0.8000,0.8000,0,0,400,400,NaN,0.0000,0.0000,0,400,0.0376,0.0378,0.0371,0.0780,0.0013,0,0,0,0,0,zigbee:400,0,0
zigbee.toml,zigbee.toml,0.79,0.79,0.7900,0.7900,0.7900,0,0,400,400,NaN,0.0000,0.0000,0,400,0.0413,0.0410,0.0418,0.0708,0.0015,0,0,0,0,0,zigbee:400,0,0
zigbee.toml,zigbee.toml,0.78,0.78,0.7800,0.7800,0.7800,0,0,400,400,NaN,0.0000,0.0000,0,400,0.0362,0.0362,0.0362,0.0640,0.0012,0,0,0,0,0,zigbee:400,0,0
zigbee.toml,zigbee.toml,0.77,0.77,0.7700,0.7700,0.7700,0,0,400,400,NaN,0.0000,0.0000,0,400,0.0356,0.0359,0.0354,0.0948,0.0011,0,0,0,0,0,zigbee:400,0,0
zigbee.toml,zigbee.toml,0.76,0.76,0.7600,0.7600,0.7600,0,0,400,400,NaN,0.0000,0.0000,0,400,0.0349,0.0349,0.0350,0.0747,0.0011,0,0,0,0,0,zigbee:400,0,0
zigbee.toml,zigbee.toml,0.75,0.75,0.7500,0.7500,0.7500,0,0,400,400,NaN,0.0000,0.0000,0,400,0.0361,0.0358,0.0364,0.0789,0.0012,0,0,0,0,0,zigbee:400,0,0
zigbee.toml,zigbee.toml,0.74,0.74,0.7400,0.7400,0.7400,0,0,400,400,NaN,0.0000,0.0000,0,400,0.0358,0.0362,0.0355,0.0670,0.0011,0,0,0,0,0,zigbee:400,0,0
zigbee.toml,zigbee.toml,0.73,0.73,0.7300,0.7300,0.7300,0,0,400,400,NaN,0.0000,0.0000,0,400,0.0354,0.0354,0.0354,0.0654,0.0011,0,0,0,0,0,zigbee:400,0,0
zigbee.toml,zigbee.toml,0.72,0.72,0.7200,0.7200,0.7200,0,0,400,400,NaN,0.0000,0.0000,0,400,0.0349,0.0349,0.0349,0.0593,0.0011,0,0,0,0,0,zigbee:400,0,0
zigbee.toml,zigbee.toml,0.71,0.71,0.7100,0.7100,0.7100,0,0,400,400,NaN,0.0000,0.0000,0,400,0.0352,0.0355,0.0349,0.0555,0.0012,0,0,0,0,0,zigbee:400,0,0
zigbee.toml,zigbee.toml,0.7,0.7,0.7000,0.7000,0.7000,0,0,400,400,NaN,0.0000,0.0000,0,400,0.0365,0.0363,0.0365,0.0776,0.0012,0,0,0,0,0,zigbee:400,0,0
zigbee.toml,zigbee.toml,0.69,0.69,0.6900,0.6900,0.6900,0,0,400,400,NaN,0.0000,0.0000,0,400,0.0353,0.0356,0.0352,0.0633,0.0012,0,0,0,0,0,zigbee:400,0,0
zigbee.toml,zigbee.toml,0.68,0.68,0.6800,0.6800,0.6800,0,0,400,400,NaN,0.0000,0.0000,0,400,0.0345,0.0345,0.0345,0.0617,0.0011,0,0,0,0,0,zigbee:400,0,0
zigbee.toml,zigbee.toml,0.67,0.67,0.6700,0.6700,0.6700,0,0,400,400,NaN,0.0000,0.0000,0,400,0.0347,0.0347,0.0346,0.0807,0.0011,0,0,0,0,0,zigbee:400,0,0
zigbee.toml,zigbee.toml,0.66,0.66,0.6600,0.6600,0.6600,0,0,400,400,NaN,0.0000,0.0000,0,400,0.0349,0.0353,0.0345,0.0633,0.0011,0,0,0,0,0,zigbee:400,0,0
zigbee.toml,zigbee.toml,0.65,0.65,0.6500,0.6500,0.6500,0,0,400,400,NaN,0.0000,0.0000,0,400,0.0356,0.0355,0.0357,0.2378,0.0012,0,0,0,0,0,zigbee:400,0,0
zigbee.toml,zigbee.toml,0.64,0.64,0.6400,0.6400,0.6400,0,0,400,400,NaN,0.0000,0.0000,0,400,0.0357,0.0360,0.0356,0.0657,0.0012,0,0,0,0,0,zigbee:400,0,0
zigbee.toml,zigbee.toml,0.63,0.63,0.6300,0.6300,0.6300,0,0,400,400,NaN,0.0000,0.0000,0,400,0.0345,0.0344,0.0346,0.0642,0.0011,0,0,0,0,0,zigbee:400,0,0
zigbee.toml,zigbee.toml,0.62,0.62,0.6200,0.6200,0.6200,0,0,400,400,NaN,0.0000,0.0000,0,400,0.0344,0.0341,0.0346,0.0614,0.0011,0,0,0,0,0,zigbee:400,0,0
zigbee.toml,zigbee.toml,0.61,0.61,0.6100,0.6100,0.6100,0,0,400,400,NaN,0.0000,0.0000,0,400,0.0350,0.0354,0.0347,0.0658,0.0011,0,0,0,0,0,zigbee:400,0,0
zigbee.toml,zigbee.toml,0.6,0.6,0.6000,0.6000,0.6000,0,0,400,400,NaN,0.0000,0.0000,0,400,0.0343,0.0343,0.0343,0.0590,0.0011,0,0,0,0,0,zigbee:400,0,0
zigbee.toml,zigbee.toml,0.59,0.59,0.5900,0.5900,0.5900,0,0,400,400,NaN,0.0000,0.0000,0,400,0.0337,0.0337,0.0337,0.0600,0.0011,0,0,0,0,0,zigbee:400,0,0
zigbee.toml,zigbee.toml,0.58,0.58,0.5800,0.5800,0.5800,0,0,400,400,NaN,0.0000,0.0000,0,400,0.0344,0.0342,0.0348,0.0641,0.0011,0,0,0,0,0,zigbee:400,0,0
zigbee.toml,zigbee.toml,0.57,0.57,0.5700,0.5700,0.5700,0,0,400,400,NaN,0.0000,0.0000,0,400,0.0346,0.0345,0.0349,0.2530,0.0011,0,0,0,0,0,zigbee:400,0,0
zigbee.toml,zigbee.toml,0.56,0.56,0.5600,0.5600,0.5600,0,0,400,400,NaN,0.0000,0.0000,0,400,0.0345,0.0346,0.0343,0.2617,0.0011,0,0,0,0,0,zigbee:400,0,0
zigbee.toml,zigbee.toml,0.55,0.55,0.5500,0.5500,0.5500,0,0,400,399,NaN,0.0025,0.0025,0,399,0.0368,0.0367,0.0368,0.3408,0.0012,0,1,0,0,0,zigbee:399,0,0
zigbee.toml,zigbee.toml,0.54,0.54,0.5400,0.5400,0.5400,0,0,400,400,NaN,0.0000,0.0000,0,400,0.0349,0.0348,0.0353,0.0598,0.0011,0,0,0,0,0,zigbee:400,0,0
zigbee.toml,zigbee.toml,0.53,0.53,0.5300,0.5300,0.5300,0,0,400,400,NaN,0.0000,0.0000,0,400,0.0341,0.0343,0.0340,0.0560,0.0011,0,0,0,0,0,zigbee:400,0,0
zigbee.toml,zigbee.toml,0.52,0.52,0.5200,0.5200,0.5200,0,0,400,400,NaN,0.0000,0.0000,0,400,0.0343,0.0343,0.0344,0.0613,0.0011,0,0,0,0,0,zigbee:400,0,0
zigbee.toml,zigbee.toml,0.51,0.51,0.5100,0.5100,0.5100,0,0,400,400,NaN,0.0000,0.0000,0,400,0.0342,0.0343,0.0342,0.0595,0.0011,0,0,0,0,0,zigbee:400,0,0
zigbee.toml,zigbee.toml,0.5,0.5,0.5000,0.5000,0.5000,0,0,400,400,NaN,0.0000,0.0000,0,400,0.0347,0.0346,0.0347,0.0658,0.0011,0,0,0,0,0,zigbee:400,0,0
zigbee.toml,zigbee.toml,0.49,0.49,0.4900,0.4900,0.4900,0,0,400,400,NaN,0.0000,0.0000,0,400,0.0342,0.0343,0.0341,0.0686,0.0011,0,0,0,0,0,zigbee:400,0,0
zigbee.toml,zigbee.toml,0.48,0.48,0.4800,0.4800,0.4800,0,0,400,400,NaN,0.0000,0.0000,0,400,0.0339,0.0341,0.0339,0.0646,0.0011,0,0,0,0,0,zigbee:400,0,0
zigbee.toml,zigbee.toml,0.47,0.47,0.4700,0.4700,0.4700,0,0,400,400,NaN,0.0000,0.0000,0,400,0.0338,0.0335,0.0340,0.0540,0.0011,0,0,0,0,0,zigbee:400,0,0
zigbee.toml,zigbee.toml,0.46,0.46,0.4600,0.4600,0.4600,0,0,400,400,NaN,0.0000,0.0000,0,400,0.0342,0.0343,0.0341,0.2468,0.0011,0,0,0,0,0,zigbee:400,0,0
zigbee.toml,zigbee.toml,0.45,0.45,0.4500,0.4500,0.4500,0,0,400,400,NaN,0.0000,0.0000,0,400,0.0342,0.0341,0.0343,0.0567,0.0011,0,0,0,0,0,zigbee:400,0,0
zigbee.toml,zigbee.toml,0.44,0.44,0.4400,0.4400,0.4400,0,0,400,400,NaN,0.0000,0.0000,0,400,0.0347,0.0346,0.0350,0.0634,0.0011,0,0,0,0,0,zigbee:400,0,0
zigbee.toml,zigbee.toml,0.43,0.43,0.4300,0.4300,0.4300,0,0,400,400,NaN,0.0000,0.0000,0,400,0.0341,0.0343,0.0338,0.0674,0.0011,0,0,0,0,0,zigbee:400,0,0
zigbee.toml,zigbee.toml,0.42,0.42,0.4200,0.4200,0.4200,0,0,400,400,NaN,0.0000,0.0000,0,400,0.0342,0.0339,0.0344,0.0595,0.0011,0,0,0,0,0,zigbee:400,0,0
zigbee.toml,zigbee.toml,0.41,0.41,0.4100,0.4100,0.4100,0,0,400,400,NaN,0.0000,0.0000,0,400,0.0347,0.0347,0.0347,0.0547,0.0011,0,0,0,0,0,zigbee:400,0,0
zigbee.toml,zigbee.toml,0.4,0.4,0.4000,0.4000,0.4000,0,0,400,400,NaN,0.0000,0.0000,0,400,0.0344,0.0340,0.0348,0.0559,0.0011,0,0,0,0,0,zigbee:400,0,0
zigbee.toml,zigbee.toml,0.39,0.39,0.3900,0.3900,0.3900,0,0,400,400,NaN,0.0000,0.0000,0,400,0.0344,0.0345,0.0343,0.0597,0.0011,0,0,0,0,0,zigbee:400,0,0
zigbee.toml,zigbee.toml,0.38,0.38,0.3800,0.3800,0.3800,0,0,400,400,NaN,0.0000,0.0000,0,400,0.0344,0.0346,0.0342,0.0585,0.0011,0,0,0,0,0,zigbee:400,0,0
zigbee.toml,zigbee.toml,0.37,0.37,0.3700,0.3700,0.3700,0,0,400,400,NaN,0.0000,0.0000,0,400,0.0361,0.0361,0.0361,0.0594,0.0012,0,0,0,0,0,zigbee:400,0,0
zigbee.toml,zigbee.toml,0.36,0.36,0.3600,0.3600,0.3600,0,0,400,400,NaN,0.0000,0.0000,0,400,0.0361,0.0361,0.0362,0.0658,0.0012,0,0,0,0,0,zigbee:400,0,0
zigbee.toml,zigbee.toml,0.35,0.35,0.3500,0.3500,0.3500,0,0,400,400,NaN,0.0000,0.0000,0,400,0.0352,0.0351,0.0353,0.0664,0.0011,0,0,0,0,0,zigbee:400,0,0
zigbee.toml,zigbee.toml,0.34,0.34,0.3400,0.3400,0.3400,0,0,400,400,NaN,0.0000,0.0000,0,400,0.0342,0.0340,0.0345,0.0566,0.0011,0,0,0,0,0,zigbee:400,0,0
zigbee.toml,zigbee.toml,0.33,0.33,0.3300,0.3300,0.3300,0,0,400,400,NaN,0.0000,0.0000,0,400,0.0351,0.0348,0.0353,0.0656,0.0011,0,0,0,0,0,zigbee:400,0,0
zigbee.toml,zigbee.toml,0.32,0.32,0.3200,0.3200,0.3200,0,0,400,400,NaN,0.0000,0.0000,0,400,0.0346,0.0343,0.0347,0.0561,0.0011,0,0,0,0,0,zigbee:400,0,0
zigbee.toml,zigbee.toml,0.31,0.31,0.3100,0.3100,0.3100,0,0,400,400,NaN,0.0000,0.0000,0,400,0.0344,0.0344,0.0345,0.0643,0.0011,0,0,0,0,0,zigbee:400,0,0
zigbee.toml,zigbee.toml,0.3,0.3,0.3000,0.3000,0.3000,0,0,400,400,NaN,0.0000,0.0000,0,400,0.0345,0.0348,0.0344,0.0520,0.0011,0,0,0,0,0,zigbee:400,0,0
zigbee.toml,zigbee.toml,0.29,0.29,0.2900,0.2900,0.2900,0,0,400,400,NaN,0.0000,0.0000,0,400,0.0347,0.0347,0.0347,0.0587,0.0011,0,0,0,0,0,zigbee:400,0,0
zigbee.toml,zigbee.toml,0.28,0.28,0.2800,0.2800,0.2800,0,0,400,400,NaN,0.0000,0.0000,0,400,0.0344,0.0344,0.0347,0.0617,0.0011,0,0,0,0,0,zigbee:400,0,0
zigbee.toml,zigbee.toml,0.27,0.27,0.2700,0.2700,0.2700,0,0,400,400,NaN,0.0000,0.0000,0,400,0.0369,0.0370,0.0369,0.0642,0.0012,0,0,0,0,0,zigbee:400,0,0
zigbee.toml,zigbee.toml,0.26,0.26,0.2600,0.2600,0.2600,0,0,400,400,NaN,0.0000,0.0000,0,400,0.0373,0.0369,0.0376,0.0767,0.0012,0,0,0,0,0,zigbee:400,0,0
zigbee.toml,zigbee.toml,0.25,0.25,0.2500,0.2500,0.2500,0,0,400,400,NaN,0.0000,0.0000,0,400,0.0358,0.0360,0.0357,0.2449,0.0012,0,0,0,0,0,zigbee:400,0,0
zigbee.toml,zigbee.toml,0.24,0.24,0.2400,0.2400,0.2400,0,0,400,400,NaN,0.0000,0.0000,0,400,0.0383,0.0386,0.0378,0.0751,0.0013,0,0,0,0,0,zigbee:400,0,0
zigbee.toml,zigbee.toml,0.23,0.23,0.2300,0.2300,0.2300,0,0,400,400,NaN,0.0000,0.0000,0,400,0.0346,0.0346,0.0346,0.0572,0.0011,0,0,0,0,0,zigbee:400,0,0
zigbee.toml,zigbee.toml,0.22,0.22,0.2200,0.2200,0.2200,0,0,400,400,NaN,0.0000,0.0000,0,400,0.0340,0.0341,0.0339,0.0661,0.0011,0,0,0,0,0,zigbee:400,0,0
zigbee.toml,zigbee.toml,0.21,0.21,0.2100,0.2100,0.2100,0,0,400,400,NaN,0.0000,0.0000,0,400,0.0341,0.0340,0.0343,0.0641,0.0011,0,0,0,0,0,zigbee:400,0,0
zigbee.toml,zigbee.toml,0.2,0.2,0.2000,0.2000,0.2000,0,0,400,400,NaN,0.0000,0.0000,0,400,0.0336,0.0336,0.0338,0.0607,0.0011,0,0,0,0,0,zigbee:400,0,0
zigbee.toml,zigbee.toml,0.19,0.19,0.1900,0.1900,0.1900,0,0,400,400,NaN,0.0000,0.0000,0,400,0.0341,0.0339,0.0343,0.0728,0.0011,0,0,0,0,0,zigbee:400,0,0
zigbee.toml,zigbee.toml,0.18,0.18,0.1800,0.1800,0.1800,0,0,400,400,NaN,0.0000,0.0000,0,400,0.0342,0.0340,0.0342,0.0627,0.0011,0,0,0,0,0,zigbee:400,0,0
zigbee.toml,zigbee.toml,0.17,0.17,0.1700,0.1700,0.1700,0,0,400,400,NaN,0.0000,0.0000,0,400,0.0342,0.0339,0.0346,0.0839,0.0011,0,0,0,0,0,zigbee:400,0,0
zigbee.toml,zigbee.toml,0.16,0.16,0.1600,0.1600,0.1600,0,0,400,400,NaN,0.0000,0.0000,0,400,0.0347,0.0347,0.0347,0.0568,0.0011,0,0,0,0,0,zigbee:400,0,0
zigbee.toml,zigbee.toml,0.15,0.15,0.1500,0.1500,0.1500,0,0,400,400,NaN,0.0000,0.0000,0,400,0.0340,0.0341,0.0340,0.0706,0.0011,0,0,0,0,0,zigbee:400,0,0
zigbee.toml,zigbee.toml,0.14,0.14,0.1400,0.1400,0.1400,0,0,400,400,NaN,0.0000,0.0000,0,400,0.0344,0.0346,0.0342,0.0517,0.0011,0,0,0,0,0,zigbee:400,0,0
zigbee.toml,zigbee.toml,0.13,0.13,0.1300,0.1300,0.1300,0,0,400,400,NaN,0.0000,0.0000,0,400,0.0340,0.0339,0.0342,0.0605,0.0011,0,0,0,0,0,zigbee:400,0,0
zigbee.toml,zigbee.toml,0.12,0.12,0.1200,0.1200,0.1200,0,0,400,400,NaN,0.0000,0.0000,0,400,0.0342,0.0340,0.0345,0.0621,0.0011,0,0,0,0,0,zigbee:400,0,0
zigbee.toml,zigbee.toml,0.11,0.11,0.1100,0.1100,0.1100,0,0,400,400,NaN,0.0000,0.0000,0,400,0.0333,0.0333,0.0333,0.2520,0.0011,0,0,0,0,0,zigbee:400,0,0
zigbee.toml,zigbee.toml,0.1,0.1,0.1000,0.1000,0.1000,0,0,400,400,NaN,0.0000,0.0000,0,400,0.0340,0.0340,0.0342,0.0572,0.0011,0,0,0,0,0,zigbee:400,0,0
zigbee.toml,zigbee.toml,0.09,0.09,0.0900,0.0900,0.0900,0,0,400,398,NaN,0.0050,0.0050,0,398,0.0339,0.0337,0.0341,0.2463,0.0011,0,2,0,0,0,zigbee:398,0,0
zigbee.toml,zigbee.toml,0.08,0.08,0.0800,0.0800,0.0800,0,0,400,399,NaN,0.0025,0.0025,0,399,0.0333,0.0332,0.0335,0.0625,0.0010,0,1,0,0,0,zigbee:399,0,0
zigbee.toml,zigbee.toml,0.07,0.07,0.0700,0.0700,0.0700,0,0,400,400,NaN,0.0000,0.0000,0,400,0.0335,0.0334,0.0336,0.0651,0.0010,0,0,0,0,0,zigbee:400,0,0
zigbee.toml,zigbee.toml,0.06,0.06,0.0600,0.0600,0.0600,0,0,400,400,NaN,0.0000,0.0000,0,400,0.0340,0.0342,0.0339,0.0647,0.0010,0,0,0,0,0,zigbee:400,0,0
zigbee.toml,zigbee.toml,0.05,0.05,0.0500,0.0500,0.0500,0,0,400,400,NaN,0.0000,0.0000,0,400,0.0342,0.0341,0.0342,0.0667,0.0011,0,0,0,0,0,zigbee:400,0,0
zigbee.toml,zigbee.toml,0.04,0.04,0.0400,0.0400,0.0400,0,0,400,400,NaN,0.0000,0.0000,0,400,0.0341,0.0340,0.0342,0.0596,0.0010,0,0,0,0,0,zigbee:400,0,0
zigbee.toml,zigbee.toml,0.03,0.03,0.0300,0.0300,0.0300,0,0,400,400,NaN,0.0000,0.0000,0,400,0.0341,0.0343,0.0336,0.0642,0.0011,0,0,0,0,0,zigbee:400,0,0
zigbee.toml,zigbee.toml,0.02,0.02,0.0200,0.0200,0.0200,0,0,400,399,NaN,0.0025,0.0025,0,399,0.0346,0.0345,0.0347,0.0668,0.0011,0,1,0,0,0,zigbee:399,0,0
zigbee.toml,zigbee.toml,0.01,0.01,0.0100,0.0100,0.0100,0,0,400,400,NaN,0.0000,0.0000,0,400,0.0335,0.0337,0.0334,0.0656,0.0010,0,0,0,0,0,zigbee:400,0,0
zigbee.toml,zigbee.toml,0,0,0.0000,0.0000,0.0000,0,0,400,398,NaN,0.0050,0.0050,0,398,0.0344,0.0347,0.0340,0.0694,0.0011,0,2,0,0,0,zigbee:398,0,0
