param,from,to,run,time_ms
rate,1,1,0,971.4738
rate,1,1,1,66.4904
rate,1,1,2,98.9827
rate,1,1,3,68.1042
rate,1,1,4,62.1323
rate,1,2,0,963.3323
rate,1,2,1,109.8449
rate,1,2,2,107.1002
rate,1,2,3,966.5127
rate,1,2,4,979.7800
rate,1,3,0,1092.4327
rate,1,3,1,1101.6154
rate,1,3,2,483.6761
rate,1,3,3,490.7962
rate,1,3,4,1088.6641
rate,1,4,0,1776.1219
rate,1,4,1,878.0160
rate,1,4,2,850.8813
rate,1,4,3,864.2850
rate,1,4,4,885.9631
rate,1,5,0,2236.4264
rate,1,5,1,2239.8053
rate,1,5,2,839.8812
rate,1,5,3,2254.7393
rate,1,5,4,2235.5720
rate,1,6,0,1916.5014
rate,1,6,1,1917.0680
rate,1,6,2,1921.3129
rate,1,6,3,1917.7230
rate,1,6,4,1926.0225
rate,1,7,0,1745.5293
rate,1,7,1,1721.7266
rate,1,7,2,1765.5463
rate,1,7,3,1738.5126
rate,1,7,4,1763.2641
rate,1,8,0,1277.3739
rate,1,8,1,1272.6340
rate,1,8,2,1285.7026
rate,1,8,3,1258.5764
rate,1,8,4,1245.4431
rate,1,9,0,1195.9914
rate,1,9,1,1203.6488
rate,1,9,2,1203.6217
rate,1,9,3,1229.2556
rate,1,9,4,1191.1227
rate,1,10,0,1198.3984
rate,1,10,1,1174.1772
rate,1,10,2,1167.0869
rate,1,10,3,1150.2475
rate,1,10,4,1153.3779
rate,2,1,0,104.8179
rate,2,1,1,82.8717
rate,2,1,2,75.2595
rate,2,1,3,80.9116
rate,2,1,4,100.5418
rate,2,2,0,97.4411
rate,2,2,1,93.5122
rate,2,2,2,100.8468
rate,2,2,3,103.6600
rate,2,2,4,964.5173
rate,2,3,0,476.7118
rate,2,3,1,457.7034
rate,2,3,2,482.0987
rate,2,3,3,512.5899
rate,2,3,4,486.2695
rate,2,4,0,400.3124
rate,2,4,1,874.6321
rate,2,4,2,835.9847
rate,2,4,3,385.3125
rate,2,4,4,409.1663
rate,2,5,0,1835.8246
rate,2,5,1,875.3203
rate,2,5,2,1857.5885
rate,2,5,3,2111.5752
rate,2,5,4,519.7894
rate,2,6,0,1903.2261
rate,2,6,1,1897.8079
rate,2,6,2,1921.9686
rate,2,6,3,1939.3072
rate,2,6,4,1888.5094
rate,2,7,0,1752.5941
rate,2,7,1,1769.3562
rate,2,7,2,1771.7322
rate,2,7,3,1770.5148
rate,2,7,4,1773.8497
rate,2,8,0,1213.4142
rate,2,8,1,1287.2127
rate,2,8,2,1284.4033
rate,2,8,3,1244.3169
rate,2,8,4,1296.5534
rate,2,9,0,1206.6582
rate,2,9,1,1202.7573
rate,2,9,2,1186.4272
rate,2,9,3,1196.0038
rate,2,9,4,1193.6007
rate,2,10,0,1153.3872
rate,2,10,1,1134.8281
rate,2,10,2,1142.9766
rate,2,10,3,1163.7695
rate,2,10,4,1141.5777
rate,3,1,0,1564.6058
rate,3,1,1,640.6969
rate,3,1,2,689.0303
rate,3,1,3,703.2687
rate,3,1,4,669.4811
rate,3,2,0,684.0229
rate,3,2,1,695.7289
rate,3,2,2,632.7811
rate,3,2,3,673.5112
rate,3,2,4,1307.7726
rate,3,3,0,112.3628
rate,3,3,1,1232.8506
rate,3,3,2,115.7116
rate,3,3,3,111.5889
rate,3,3,4,114.9223
rate,3,4,0,90.9979
rate,3,4,1,100.1458
rate,3,4,2,122.6661
rate,3,4,3,110.1847
rate,3,4,4,100.6911
rate,3,5,0,114.0443
rate,3,5,1,113.2785
rate,3,5,2,108.4388
rate,3,5,3,150.6961
rate,3,5,4,113.7106
rate,3,6,0,148.8400
rate,3,6,1,152.8996
rate,3,6,2,150.3687
rate,3,6,3,152.9316
rate,3,6,4,159.7364
rate,3,7,0,137.5995
rate,3,7,1,143.8346
rate,3,7,2,139.7554
rate,3,7,3,125.2528
rate,3,7,4,139.0152
rate,3,8,0,124.3536
rate,3,8,1,124.2852
rate,3,8,2,129.6521
rate,3,8,3,136.8538
rate,3,8,4,128.4359
rate,3,9,0,117.5409
rate,3,9,1,108.8692
rate,3,9,2,121.4705
rate,3,9,3,107.8087
rate,3,9,4,114.5915
rate,3,10,0,124.8356
rate,3,10,1,125.0479
rate,3,10,2,124.1160
rate,3,10,3,125.4423
rate,3,10,4,128.2569
rate,4,1,0,1135.4650
rate,4,1,1,652.1392
rate,4,1,2,2009.9710
rate,4,1,3,1143.5163
rate,4,1,4,1094.7060
rate,4,2,0,1121.0062
rate,4,2,1,1112.2533
rate,4,2,2,1091.8837
rate,4,2,3,1114.8464
rate,4,2,4,652.6817
rate,4,3,0,1272.5795
rate,4,3,1,1270.4856
rate,4,3,2,145.5449
rate,4,3,3,1260.5733
rate,4,3,4,131.8307
rate,4,4,0,73.4978
rate,4,4,1,970.1030
rate,4,4,2,98.0746
rate,4,4,3,100.8114
rate,4,4,4,70.5157
rate,4,5,0,136.2451
rate,4,5,1,128.6033
rate,4,5,2,1465.2912
rate,4,5,3,99.6063
rate,4,5,4,134.2804
rate,4,6,0,1258.3194
rate,4,6,1,127.7123
rate,4,6,2,1255.3160
rate,4,6,3,1267.3006
rate,4,6,4,1263.9613
rate,4,7,0,1113.1524
rate,4,7,1,1096.8779
rate,4,7,2,1104.7825
rate,4,7,3,1096.6421
rate,4,7,4,1119.9259
rate,4,8,0,107.3808
rate,4,8,1,976.1086
rate,4,8,2,973.9959
rate,4,8,3,969.6669
rate,4,8,4,977.7150
rate,4,9,0,892.2617
rate,4,9,1,113.3691
rate,4,9,2,113.2512
rate,4,9,3,906.5692
rate,4,9,4,899.2342
rate,4,10,0,108.3006
rate,4,10,1,108.6011
rate,4,10,2,827.4597
rate,4,10,3,800.4554
rate,4,10,4,106.6481
rate,5,1,0,1953.4394
rate,5,1,1,1061.6406
rate,5,1,2,1965.6350
rate,5,1,3,1975.9931
rate,5,1,4,1058.3695
rate,5,2,0,1984.6698
rate,5,2,1,1906.7653
rate,5,2,2,687.4582
rate,5,2,3,1952.1439
rate,5,2,4,1964.7190
rate,5,3,0,134.4143
rate,5,3,1,132.4581
rate,5,3,2,148.9372
rate,5,3,3,142.9907
rate,5,3,4,140.8077
rate,5,4,0,112.8432
rate,5,4,1,989.0590
rate,5,4,2,68.6139
rate,5,4,3,103.7030
rate,5,4,4,103.3096
rate,5,5,0,123.9985
rate,5,5,1,129.5072
rate,5,5,2,1467.3095
rate,5,5,3,128.9940
rate,5,5,4,134.9015
rate,5,6,0,132.6362
rate,5,6,1,131.5325
rate,5,6,2,1260.4876
rate,5,6,3,139.2763
rate,5,6,4,1273.1710
rate,5,7,0,120.0277
rate,5,7,1,1107.8586
rate,5,7,2,120.3378
rate,5,7,3,1110.1985
rate,5,7,4,1107.3468
rate,5,8,0,115.1761
rate,5,8,1,111.0684
rate,5,8,2,113.8928
rate,5,8,3,119.6328
rate,5,8,4,987.1972
rate,5,9,0,106.7012
rate,5,9,1,900.9682
rate,5,9,2,897.8187
rate,5,9,3,896.2173
rate,5,9,4,894.6714
rate,5,10,0,814.4709
rate,5,10,1,90.1869
rate,5,10,2,814.9629
rate,5,10,3,804.4058
rate,5,10,4,98.1142
rate,6,1,0,971.0365
rate,6,1,1,987.6826
rate,6,1,2,961.3286
rate,6,1,3,954.4232
rate,6,1,4,953.8714
rate,6,2,0,1853.1101
rate,6,2,1,1827.6658
rate,6,2,2,1900.3536
rate,6,2,3,1847.2917
rate,6,2,4,1884.5354
rate,6,3,0,137.7009
rate,6,3,1,153.1484
rate,6,3,2,155.7024
rate,6,3,3,148.2193
rate,6,3,4,146.6683
rate,6,4,0,96.9026
rate,6,4,1,113.6702
rate,6,4,2,121.8940
rate,6,4,3,119.5373
rate,6,4,4,73.7641
rate,6,5,0,104.7492
rate,6,5,1,108.0893
rate,6,5,2,133.9914
rate,6,5,3,104.7207
rate,6,5,4,103.1094
rate,6,6,0,110.9932
rate,6,6,1,111.2626
rate,6,6,2,111.3591
rate,6,6,3,116.3723
rate,6,6,4,120.0524
rate,6,7,0,1095.1299
rate,6,7,1,113.0388
rate,6,7,2,1100.5563
rate,6,7,3,114.7610
rate,6,7,4,116.5376
rate,6,8,0,106.1332
rate,6,8,1,108.0078
rate,6,8,2,114.4724
rate,6,8,3,114.8233
rate,6,8,4,111.7001
rate,6,9,0,102.1314
rate,6,9,1,99.4773
rate,6,9,2,97.9445
rate,6,9,3,104.9973
rate,6,9,4,107.9199
rate,6,10,0,87.4523
rate,6,10,1,92.7929
rate,6,10,2,104.2351
rate,6,10,3,97.2273
rate,6,10,4,102.9785
rate,7,1,0,1849.5118
rate,7,1,1,1851.3216
rate,7,1,2,957.8717
rate,7,1,3,1851.0652
rate,7,1,4,921.8597
rate,7,2,0,1845.1119
rate,7,2,1,1862.9716
rate,7,2,2,1859.8222
rate,7,2,3,1818.7346
rate,7,2,4,1855.3570
rate,7,3,0,154.5894
rate,7,3,1,150.4178
rate,7,3,2,148.8219
rate,7,3,3,143.5737
rate,7,3,4,146.3712
rate,7,4,0,91.5464
rate,7,4,1,85.8339
rate,7,4,2,88.8125
rate,7,4,3,114.4600
rate,7,4,4,115.9900
rate,7,5,0,107.1302
rate,7,5,1,150.9478
rate,7,5,2,106.0102
rate,7,5,3,98.0439
rate,7,5,4,107.5574
rate,7,6,0,119.9809
rate,7,6,1,129.8505
rate,7,6,2,119.8465
rate,7,6,3,126.1446
rate,7,6,4,127.1202
rate,7,7,0,110.7897
rate,7,7,1,107.0364
rate,7,7,2,106.0901
rate,7,7,3,110.7899
rate,7,7,4,104.1420
rate,7,8,0,114.5004
rate,7,8,1,110.4642
rate,7,8,2,98.3648
rate,7,8,3,114.9191
rate,7,8,4,110.1783
rate,7,9,0,112.5102
rate,7,9,1,106.4304
rate,7,9,2,98.8164
rate,7,9,3,101.7296
rate,7,9,4,105.2529
rate,7,10,0,97.8207
rate,7,10,1,105.6503
rate,7,10,2,94.5278
rate,7,10,3,99.6914
rate,7,10,4,106.0696
rate,8,1,0,617.6172
rate,8,1,1,1507.1499
rate,8,1,2,1804.6902
rate,8,1,3,608.6390
rate,8,1,4,606.8132
rate,8,2,0,1522.4557
rate,8,2,1,1518.5010
rate,8,2,2,1475.8048
rate,8,2,3,1501.6742
rate,8,2,4,1487.7133
rate,8,3,0,153.1138
rate,8,3,1,160.7661
rate,8,3,2,146.1838
rate,8,3,3,151.5317
rate,8,3,4,133.3435
rate,8,4,0,79.4946
rate,8,4,1,84.8310
rate,8,4,2,109.0499
rate,8,4,3,77.5825
rate,8,4,4,108.8306
rate,8,5,0,153.6620
rate,8,5,1,137.2449
rate,8,5,2,145.6577
rate,8,5,3,150.4947
rate,8,5,4,108.2286
rate,8,6,0,127.3695
rate,8,6,1,122.9219
rate,8,6,2,120.5452
rate,8,6,3,129.8780
rate,8,6,4,127.1952
rate,8,7,0,102.1580
rate,8,7,1,111.9883
rate,8,7,2,124.8764
rate,8,7,3,115.6295
rate,8,7,4,115.8576
rate,8,8,0,94.7916
rate,8,8,1,98.7904
rate,8,8,2,106.3874
rate,8,8,3,97.1807
rate,8,8,4,94.4577
rate,8,9,0,111.3396
rate,8,9,1,101.8144
rate,8,9,2,102.2277
rate,8,9,3,112.9728
rate,8,9,4,102.3853
rate,8,10,0,106.4706
rate,8,10,1,100.4149
rate,8,10,2,105.6643
rate,8,10,3,109.1606
rate,8,10,4,108.1127
rate,9,1,0,636.5019
rate,9,1,1,576.5589
rate,9,1,2,583.2353
rate,9,1,3,589.3270
rate,9,1,4,618.1312
rate,9,2,0,1472.0154
rate,9,2,1,1508.8642
rate,9,2,2,1439.7397
rate,9,2,3,1506.9325
rate,9,2,4,1524.7580
rate,9,3,0,139.9080
rate,9,3,1,137.5030
rate,9,3,2,139.0761
rate,9,3,3,143.6293
rate,9,3,4,139.9122
rate,9,4,0,90.0967
rate,9,4,1,93.9311
rate,9,4,2,121.8519
rate,9,4,3,89.7972
rate,9,4,4,112.6445
rate,9,5,0,153.6062
rate,9,5,1,108.6370
rate,9,5,2,104.4080
rate,9,5,3,143.7833
rate,9,5,4,148.0395
rate,9,6,0,124.7299
rate,9,6,1,125.5283
rate,9,6,2,131.1874
rate,9,6,3,129.4477
rate,9,6,4,130.8863
rate,9,7,0,116.9405
rate,9,7,1,113.4745
rate,9,7,2,119.5558
rate,9,7,3,110.2326
rate,9,7,4,121.6525
rate,9,8,0,106.6779
rate,9,8,1,106.5896
rate,9,8,2,119.9195
rate,9,8,3,119.2101
rate,9,8,4,106.1280
rate,9,9,0,87.8573
rate,9,9,1,94.8367
rate,9,9,2,98.4196
rate,9,9,3,98.0661
rate,9,9,4,100.6908
rate,9,10,0,107.4927
rate,9,10,1,99.8912
rate,9,10,2,93.3705
rate,9,10,3,106.5726
rate,9,10,4,109.4172
rate,10,1,0,630.5518
rate,10,1,1,687.8647
rate,10,1,2,1580.3057
rate,10,1,3,1524.2284
rate,10,1,4,1586.0762
rate,10,2,0,1528.9729
rate,10,2,1,1581.2330
rate,10,2,2,1554.8329
rate,10,2,3,1588.6034
rate,10,2,4,1540.9235
rate,10,3,0,154.1797
rate,10,3,1,151.3581
rate,10,3,2,140.6004
rate,10,3,3,138.7625
rate,10,3,4,157.6301
rate,10,4,0,126.1526
rate,10,4,1,115.6423
rate,10,4,2,94.7062
rate,10,4,3,97.9520
rate,10,4,4,96.5453
rate,10,5,0,95.3401
rate,10,5,1,137.7471
rate,10,5,2,98.9246
rate,10,5,3,89.1212
rate,10,5,4,93.6534
rate,10,6,0,133.6588
rate,10,6,1,123.5140
rate,10,6,2,127.6575
rate,10,6,3,129.4658
rate,10,6,4,126.7806
rate,10,7,0,110.1169
rate,10,7,1,116.6035
rate,10,7,2,112.6984
rate,10,7,3,98.4110
rate,10,7,4,97.7137
rate,10,8,0,94.4277
rate,10,8,1,94.6667
rate,10,8,2,92.9994
rate,10,8,3,104.5611
rate,10,8,4,98.6857
rate,10,9,0,95.6659
rate,10,9,1,105.5701
rate,10,9,2,106.9655
rate,10,9,3,103.1332
rate,10,9,4,104.0604
rate,10,10,0,88.2967
rate,10,10,1,94.2362
rate,10,10,2,94.5523
rate,10,10,3,90.3259
rate,10,10,4,85.4544
freq,100,100,0,0.7521
freq,100,100,1,0.7509
freq,100,100,2,0.7622
freq,100,100,3,0.7537
freq,100,100,4,0.6860
freq,100,200,0,12.3415
freq,100,200,1,12.4242
freq,100,200,2,14.3025
freq,100,200,3,12.6731
freq,100,200,4,13.9788
freq,100,300,0,14.3970
freq,100,300,1,12.3469
freq,100,300,2,12.1499
freq,100,300,3,12.3063
freq,100,300,4,17.7957
freq,100,400,0,11.0399
freq,100,400,1,13.7971
freq,100,400,2,12.2225
freq,100,400,3,12.2547
freq,100,400,4,12.4293
freq,100,500,0,12.0285
freq,100,500,1,12.3586
freq,100,500,2,12.0367
freq,100,500,3,12.2310
freq,100,500,4,11.3870
freq,100,600,0,12.4024
freq,100,600,1,13.2039
freq,100,600,2,12.7785
freq,100,600,3,15.2575
freq,100,600,4,12.6509
freq,100,700,0,13.1203
freq,100,700,1,13.4639
freq,100,700,2,11.8896
freq,100,700,3,12.3571
freq,100,700,4,13.9003
freq,100,800,0,14.7119
freq,100,800,1,14.9824
freq,100,800,2,14.7887
freq,100,800,3,11.9544
freq,100,800,4,12.4080
freq,100,900,0,16.7624
freq,100,900,1,12.4678
freq,100,900,2,12.5274
freq,100,900,3,14.1092
freq,100,900,4,14.0554
freq,100,1000,0,14.1268
freq,100,1000,1,15.0763
freq,100,1000,2,15.8861
freq,100,1000,3,14.8515
freq,100,1000,4,15.3175
freq,200,100,0,14.4491
freq,200,100,1,15.5053
freq,200,100,2,12.8249
freq,200,100,3,15.2145
freq,200,100,4,12.1780
freq,200,200,0,0.6430
freq,200,200,1,0.7424
freq,200,200,2,0.7541
freq,200,200,3,0.7452
freq,200,200,4,0.7529
freq,200,300,0,12.0987
freq,200,300,1,12.4959
freq,200,300,2,12.4445
freq,200,300,3,12.1914
freq,200,300,4,12.0351
freq,200,400,0,11.9429
freq,200,400,1,9.3330
freq,200,400,2,9.5078
freq,200,400,3,9.3374
freq,200,400,4,14.5449
freq,200,500,0,11.4166
freq,200,500,1,11.6473
freq,200,500,2,11.6815
freq,200,500,3,14.7946
freq,200,500,4,14.6650
freq,200,600,0,12.3155
freq,200,600,1,13.7778
freq,200,600,2,12.2550
freq,200,600,3,15.1604
freq,200,600,4,15.2969
freq,200,700,0,12.1743
freq,200,700,1,12.8651
freq,200,700,2,14.7020
freq,200,700,3,12.3784
freq,200,700,4,13.1306
freq,200,800,0,14.2067
freq,200,800,1,12.7259
freq,200,800,2,14.1105
freq,200,800,3,12.8285
freq,200,800,4,14.0497
freq,200,900,0,12.7666
freq,200,900,1,14.1530
freq,200,900,2,14.5371
freq,200,900,3,14.6273
freq,200,900,4,13.9534
freq,200,1000,0,9.3138
freq,200,1000,1,9.3065
freq,200,1000,2,9.6904
freq,200,1000,3,9.3248
freq,200,1000,4,9.6522
freq,300,100,0,9.3054
freq,300,100,1,12.0022
freq,300,100,2,14.3180
freq,300,100,3,11.8181
freq,300,100,4,9.0229
freq,300,200,0,11.1152
freq,300,200,1,9.3154
freq,300,200,2,11.6359
freq,300,200,3,14.4587
freq,300,200,4,12.2110
freq,300,300,0,0.7042
freq,300,300,1,0.7197
freq,300,300,2,0.7222
freq,300,300,3,0.7508
freq,300,300,4,0.7157
freq,300,400,0,14.5116
freq,300,400,1,12.7403
freq,300,400,2,14.2544
freq,300,400,3,12.3662
freq,300,400,4,13.1797
freq,300,500,0,15.1595
freq,300,500,1,13.2592
freq,300,500,2,14.0482
freq,300,500,3,11.4064
freq,300,500,4,9.3046
freq,300,600,0,9.3398
freq,300,600,1,11.1391
freq,300,600,2,9.2939
freq,300,600,3,9.3242
freq,300,600,4,10.5727
freq,300,700,0,10.0819
freq,300,700,1,13.4764
freq,300,700,2,9.3564
freq,300,700,3,10.4031
freq,300,700,4,9.9979
freq,300,800,0,12.4082
freq,300,800,1,12.5132
freq,300,800,2,12.3139
freq,300,800,3,12.3016
freq,300,800,4,14.2831
freq,300,900,0,12.0412
freq,300,900,1,12.4889
freq,300,900,2,12.3143
freq,300,900,3,12.3741
freq,300,900,4,12.2796
freq,300,1000,0,12.4621
freq,300,1000,1,12.2563
freq,300,1000,2,12.4790
freq,300,1000,3,12.3455
freq,300,1000,4,12.9216
freq,400,100,0,12.7123
freq,400,100,1,12.5309
freq,400,100,2,13.8701
freq,400,100,3,12.5442
freq,400,100,4,12.4492
freq,400,200,0,12.6064
freq,400,200,1,12.4350
freq,400,200,2,12.3253
freq,400,200,3,12.3892
freq,400,200,4,12.3357
freq,400,300,0,13.8936
freq,400,300,1,14.4935
freq,400,300,2,10.8840
freq,400,300,3,9.3024
freq,400,300,4,9.4235
freq,400,400,0,0.5356
freq,400,400,1,0.5360
freq,400,400,2,0.5380
freq,400,400,3,0.7083
freq,400,400,4,0.7234
freq,400,500,0,12.4865
freq,400,500,1,12.8755
freq,400,500,2,14.3164
freq,400,500,3,14.5140
freq,400,500,4,12.7356
freq,400,600,0,12.3891
freq,400,600,1,12.6682
freq,400,600,2,12.3394
freq,400,600,3,12.4276
freq,400,600,4,12.8754
freq,400,700,0,14.3795
freq,400,700,1,15.1872
freq,400,700,2,15.0084
freq,400,700,3,15.6332
freq,400,700,4,14.5909
freq,400,800,0,11.6812
freq,400,800,1,11.5063
freq,400,800,2,11.2772
freq,400,800,3,12.4772
freq,400,800,4,15.3021
freq,400,900,0,15.1006
freq,400,900,1,14.0805
freq,400,900,2,12.4716
freq,400,900,3,14.4159
freq,400,900,4,11.9043
freq,400,1000,0,12.4119
freq,400,1000,1,13.0526
freq,400,1000,2,12.3223
freq,400,1000,3,15.0549
freq,400,1000,4,13.9860
freq,500,100,0,13.1607
freq,500,100,1,13.2919
freq,500,100,2,11.8439
freq,500,100,3,11.8279
freq,500,100,4,12.2486
freq,500,200,0,14.2858
freq,500,200,1,12.4883
freq,500,200,2,12.4658
freq,500,200,3,14.3152
freq,500,200,4,14.7842
freq,500,300,0,11.6531
freq,500,300,1,12.7059
freq,500,300,2,12.3336
freq,500,300,3,14.3599
freq,500,300,4,12.5236
freq,500,400,0,15.2203
freq,500,400,1,12.4352
freq,500,400,2,12.2410
freq,500,400,3,14.5240
freq,500,400,4,13.2776
freq,500,500,0,1.0360
freq,500,500,1,0.7380
freq,500,500,2,0.8627
freq,500,500,3,1.0015
freq,500,500,4,1.0280
freq,500,600,0,14.9827
freq,500,600,1,14.5768
freq,500,600,2,12.2661
freq,500,600,3,12.5128
freq,500,600,4,14.9935
freq,500,700,0,14.9507
freq,500,700,1,14.4738
freq,500,700,2,15.7055
freq,500,700,3,15.3602
freq,500,700,4,14.6979
freq,500,800,0,12.4216
freq,500,800,1,13.2150
freq,500,800,2,15.0435
freq,500,800,3,15.1783
freq,500,800,4,15.3040
freq,500,900,0,15.3209
freq,500,900,1,9.3938
freq,500,900,2,9.3176
freq,500,900,3,9.4861
freq,500,900,4,9.4215
freq,500,1000,0,13.6632
freq,500,1000,1,11.9125
freq,500,1000,2,12.9115
freq,500,1000,3,15.4023
freq,500,1000,4,13.8632
freq,600,100,0,13.3187
freq,600,100,1,12.3583
freq,600,100,2,14.1201
freq,600,100,3,13.3070
freq,600,100,4,13.0337
freq,600,200,0,13.9146
freq,600,200,1,13.6505
freq,600,200,2,15.3690
freq,600,200,3,10.1561
freq,600,200,4,9.8131
freq,600,300,0,9.3075
freq,600,300,1,9.3444
freq,600,300,2,12.4008
freq,600,300,3,11.5674
freq,600,300,4,10.2235
freq,600,400,0,10.7914
freq,600,400,1,9.5000
freq,600,400,2,9.6317
freq,600,400,3,9.5795
freq,600,400,4,9.3160
freq,600,500,0,9.4853
freq,600,500,1,9.5755
freq,600,500,2,9.2943
freq,600,500,3,9.3333
freq,600,500,4,9.3268
freq,600,600,0,0.5430
freq,600,600,1,0.5167
freq,600,600,2,0.5379
freq,600,600,3,0.5347
freq,600,600,4,0.5331
freq,600,700,0,9.3453
freq,600,700,1,10.1420
freq,600,700,2,9.6009
freq,600,700,3,10.2296
freq,600,700,4,9.0792
freq,600,800,0,9.3501
freq,600,800,1,10.5440
freq,600,800,2,10.0085
freq,600,800,3,10.5192
freq,600,800,4,12.6704
freq,600,900,0,14.2014
freq,600,900,1,9.4166
freq,600,900,2,9.6996
freq,600,900,3,9.5832
freq,600,900,4,10.3420
freq,600,1000,0,9.6481
freq,600,1000,1,10.1011
freq,600,1000,2,10.8837
freq,600,1000,3,10.8222
freq,600,1000,4,11.0401
freq,700,100,0,11.3820
freq,700,100,1,14.7882
freq,700,100,2,12.2067
freq,700,100,3,12.6995
freq,700,100,4,12.1782
freq,700,200,0,14.5717
freq,700,200,1,12.9442
freq,700,200,2,14.7472
freq,700,200,3,14.8127
freq,700,200,4,13.2123
freq,700,300,0,13.0762
freq,700,300,1,12.9987
freq,700,300,2,13.4128
freq,700,300,3,13.4893
freq,700,300,4,14.6326
freq,700,400,0,15.0545
freq,700,400,1,13.8997
freq,700,400,2,14.2851
freq,700,400,3,12.2287
freq,700,400,4,14.0406
freq,700,500,0,10.8162
freq,700,500,1,13.1521
freq,700,500,2,14.6249
freq,700,500,3,12.3365
freq,700,500,4,13.4495
freq,700,600,0,13.1626
freq,700,600,1,12.0877
freq,700,600,2,11.7916
freq,700,600,3,12.2549
freq,700,600,4,14.4847
freq,700,700,0,11.9612
freq,700,700,1,9.3389
freq,700,700,2,9.3552
freq,700,700,3,9.7728
freq,700,700,4,9.9921
freq,700,800,0,11.3820
freq,700,800,1,12.8872
freq,700,800,2,14.8501
freq,700,800,3,12.1260
freq,700,800,4,12.2433
freq,700,900,0,13.1576
freq,700,900,1,11.7286
freq,700,900,2,11.5048
freq,700,900,3,13.8424
freq,700,900,4,12.6236
freq,700,1000,0,12.3261
freq,700,1000,1,12.3657
freq,700,1000,2,12.3324
freq,700,1000,3,12.3849
freq,700,1000,4,14.2672
freq,800,100,0,12.3340
freq,800,100,1,14.3860
freq,800,100,2,15.2224
freq,800,100,3,11.0269
freq,800,100,4,11.3293
freq,800,200,0,12.3200
freq,800,200,1,11.7989
freq,800,200,2,11.4602
freq,800,200,3,12.2428
freq,800,200,4,11.5297
freq,800,300,0,16.3380
freq,800,300,1,11.4661
freq,800,300,2,12.6549
freq,800,300,3,12.3846
freq,800,300,4,14.6223
freq,800,400,0,14.9903
freq,800,400,1,13.1543
freq,800,400,2,12.4107
freq,800,400,3,12.7979
freq,800,400,4,14.3089
freq,800,500,0,12.1173
freq,800,500,1,14.0448
freq,800,500,2,12.3416
freq,800,500,3,13.1798
freq,800,500,4,12.7976
freq,800,600,0,13.0555
freq,800,600,1,12.1797
freq,800,600,2,14.3384
freq,800,600,3,12.5078
freq,800,600,4,14.6100
freq,800,700,0,13.6435
freq,800,700,1,15.5247
freq,800,700,2,12.4704
freq,800,700,3,15.0812
freq,800,700,4,15.3211
freq,800,800,0,0.7103
freq,800,800,1,0.7645
freq,800,800,2,0.7518
freq,800,800,3,0.7710
freq,800,800,4,1.1340
freq,800,900,0,15.8695
freq,800,900,1,12.1402
freq,800,900,2,11.9988
freq,800,900,3,12.5895
freq,800,900,4,12.4117
freq,800,1000,0,12.4251
freq,800,1000,1,12.3269
freq,800,1000,2,16.1513
freq,800,1000,3,12.5166
freq,800,1000,4,12.7069
freq,900,100,0,12.5591
freq,900,100,1,14.3348
freq,900,100,2,11.5371
freq,900,100,3,11.7760
freq,900,100,4,12.3760
freq,900,200,0,12.8269
freq,900,200,1,12.2513
freq,900,200,2,13.9460
freq,900,200,3,12.2084
freq,900,200,4,13.6403
freq,900,300,0,11.8154
freq,900,300,1,11.8576
freq,900,300,2,11.7375
freq,900,300,3,11.6983
freq,900,300,4,12.4606
freq,900,400,0,13.3283
freq,900,400,1,14.5942
freq,900,400,2,14.5859
freq,900,400,3,14.5280
freq,900,400,4,12.3349
freq,900,500,0,12.1095
freq,900,500,1,12.2510
freq,900,500,2,11.8805
freq,900,500,3,11.5692
freq,900,500,4,11.7758
freq,900,600,0,11.5145
freq,900,600,1,12.3938
freq,900,600,2,11.0994
freq,900,600,3,13.6928
freq,900,600,4,12.9391
freq,900,700,0,15.1341
freq,900,700,1,12.2012
freq,900,700,2,15.2714
freq,900,700,3,12.2658
freq,900,700,4,12.1814
freq,900,800,0,14.6656
freq,900,800,1,14.5554
freq,900,800,2,15.6907
freq,900,800,3,12.2662
freq,900,800,4,14.2207
freq,900,900,0,0.8558
freq,900,900,1,0.9127
freq,900,900,2,0.9022
freq,900,900,3,0.7699
freq,900,900,4,0.7522
freq,900,1000,0,13.2058
freq,900,1000,1,15.1035
freq,900,1000,2,15.7368
freq,900,1000,3,15.3571
freq,900,1000,4,13.9623
freq,1000,100,0,14.3657
freq,1000,100,1,13.6071
freq,1000,100,2,12.4626
freq,1000,100,3,14.3646
freq,1000,100,4,12.0486
freq,1000,200,0,13.8249
freq,1000,200,1,14.8212
freq,1000,200,2,12.1733
freq,1000,200,3,12.7301
freq,1000,200,4,13.5064
freq,1000,300,0,14.3803
freq,1000,300,1,12.2712
freq,1000,300,2,13.5241
freq,1000,300,3,14.5627
freq,1000,300,4,17.0096
freq,1000,400,0,12.3650
freq,1000,400,1,16.4631
freq,1000,400,2,12.3427
freq,1000,400,3,11.2546
freq,1000,400,4,11.4623
freq,1000,500,0,13.0146
freq,1000,500,1,12.6200
freq,1000,500,2,16.1430
freq,1000,500,3,12.0205
freq,1000,500,4,12.2880
freq,1000,600,0,15.4690
freq,1000,600,1,15.3816
freq,1000,600,2,12.1220
freq,1000,600,3,15.6541
freq,1000,600,4,15.2056
freq,1000,700,0,12.2668
freq,1000,700,1,14.8313
freq,1000,700,2,10.8659
freq,1000,700,3,13.8528
freq,1000,700,4,14.4193
freq,1000,800,0,13.9582
freq,1000,800,1,13.4472
freq,1000,800,2,14.6496
freq,1000,800,3,12.5827
freq,1000,800,4,13.3857
freq,1000,900,0,12.8366
freq,1000,900,1,13.0341
freq,1000,900,2,12.6374
freq,1000,900,3,13.9572
freq,1000,900,4,14.1130
freq,1000,1000,0,0.9426
freq,1000,1000,1,0.8548
freq,1000,1000,2,0.7088
freq,1000,1000,3,0.7514
freq,1000,1000,4,0.7743
