method,test,from,to,run,time_ms
set_frequency,freq,0,0,0,11.6420
schedule_retune,freq,0,0,0,1.2178
set_frequency,freq,0,0,1,11.5007
schedule_retune,freq,0,0,1,0.3440
set_frequency,freq,0,0,2,11.8283
schedule_retune,freq,0,0,2,0.3444
set_frequency,freq,0,0,3,10.7053
schedule_retune,freq,0,0,3,0.3489
set_frequency,freq,0,0,4,11.1302
schedule_retune,freq,0,0,4,0.3048
set_frequency,freq,0,0,5,11.6599
schedule_retune,freq,0,0,5,0.3148
set_frequency,freq,0,0,6,11.3865
schedule_retune,freq,0,0,6,0.3504
set_frequency,freq,0,0,7,11.0491
schedule_retune,freq,0,0,7,0.3570
set_frequency,freq,0,0,8,11.4163
schedule_retune,freq,0,0,8,0.3529
set_frequency,freq,0,0,9,11.9747
schedule_retune,freq,0,0,9,0.3528
set_frequency,freq,0,0,10,11.4685
schedule_retune,freq,0,0,10,0.3448
set_frequency,freq,0,0,11,11.8042
schedule_retune,freq,0,0,11,0.3508
set_frequency,freq,0,0,12,12.8572
schedule_retune,freq,0,0,12,0.3354
set_frequency,freq,0,0,13,12.0744
schedule_retune,freq,0,0,13,0.3405
set_frequency,freq,0,0,14,12.1213
schedule_retune,freq,0,0,14,0.3450
set_frequency,freq,0,0,15,13.7732
schedule_retune,freq,0,0,15,0.3067
set_frequency,freq,0,0,16,12.5927
schedule_retune,freq,0,0,16,0.3159
set_frequency,freq,0,0,17,11.7564
schedule_retune,freq,0,0,17,0.3036
set_frequency,freq,0,0,18,13.5413
schedule_retune,freq,0,0,18,0.3206
set_frequency,freq,0,0,19,13.8510
schedule_retune,freq,0,0,19,0.3547
set_frequency,freq_noop,0,0,0,0.6917
schedule_retune,freq_noop,0,0,0,0.3056
set_frequency,freq_noop,0,0,1,0.6340
schedule_retune,freq_noop,0,0,1,0.3457
set_frequency,freq_noop,0,0,2,0.7681
schedule_retune,freq_noop,0,0,2,0.3046
set_frequency,freq_noop,0,0,3,0.7535
schedule_retune,freq_noop,0,0,3,0.3108
set_frequency,freq_noop,0,0,4,0.6744
schedule_retune,freq_noop,0,0,4,0.3437
set_frequency,freq_noop,0,0,5,0.6333
schedule_retune,freq_noop,0,0,5,0.3050
set_frequency,freq_noop,0,0,6,0.6308
schedule_retune,freq_noop,0,0,6,0.3060
set_frequency,freq_noop,0,0,7,0.6540
schedule_retune,freq_noop,0,0,7,0.2953
set_frequency,freq_noop,0,0,8,0.7114
schedule_retune,freq_noop,0,0,8,0.3091
set_frequency,freq_noop,0,0,9,0.6759
schedule_retune,freq_noop,0,0,9,0.3443
set_frequency,freq_noop,0,0,10,0.6710
schedule_retune,freq_noop,0,0,10,0.3107
set_frequency,freq_noop,0,0,11,0.6316
schedule_retune,freq_noop,0,0,11,0.3438
set_frequency,freq_noop,0,0,12,0.6710
schedule_retune,freq_noop,0,0,12,0.3445
set_frequency,freq_noop,0,0,13,0.7966
schedule_retune,freq_noop,0,0,13,0.3382
set_frequency,freq_noop,0,0,14,1.0046
schedule_retune,freq_noop,0,0,14,0.3453
set_frequency,freq_noop,0,0,15,0.8735
schedule_retune,freq_noop,0,0,15,0.3449
set_frequency,freq_noop,0,0,16,0.7794
schedule_retune,freq_noop,0,0,16,0.3068
set_frequency,freq_noop,0,0,17,0.7486
schedule_retune,freq_noop,0,0,17,0.3228
set_frequency,freq_noop,0,0,18,0.6832
schedule_retune,freq_noop,0,0,18,0.3474
set_frequency,freq_noop,0,0,19,0.6884
schedule_retune,freq_noop,0,0,19,0.3081
set_frequency,freq_1mhz,0,0,0,0.7193
schedule_retune,freq_1mhz,0,0,0,1.2240
set_frequency,freq_1mhz,0,0,1,11.3197
schedule_retune,freq_1mhz,0,0,1,1.2231
set_frequency,freq_1mhz,0,0,2,13.1761
schedule_retune,freq_1mhz,0,0,2,1.2259
set_frequency,freq_1mhz,0,0,3,12.0388
schedule_retune,freq_1mhz,0,0,3,1.1899
set_frequency,freq_1mhz,0,0,4,14.4161
schedule_retune,freq_1mhz,0,0,4,1.2102
set_frequency,freq_1mhz,0,0,5,14.9146
schedule_retune,freq_1mhz,0,0,5,0.3444
set_frequency,freq_1mhz,0,0,6,14.1386
schedule_retune,freq_1mhz,0,0,6,0.3451
set_frequency,freq_1mhz,0,0,7,14.0981
schedule_retune,freq_1mhz,0,0,7,0.3081
set_frequency,freq_1mhz,0,0,8,14.0380
schedule_retune,freq_1mhz,0,0,8,0.3432
set_frequency,freq_1mhz,0,0,9,14.5963
schedule_retune,freq_1mhz,0,0,9,0.3081
set_frequency,freq_1mhz,0,0,10,11.4858
schedule_retune,freq_1mhz,0,0,10,0.3069
set_frequency,freq_1mhz,0,0,11,11.3011
schedule_retune,freq_1mhz,0,0,11,0.3341
set_frequency,freq_1mhz,0,0,12,11.2988
schedule_retune,freq_1mhz,0,0,12,0.3273
set_frequency,freq_1mhz,0,0,13,11.5778
schedule_retune,freq_1mhz,0,0,13,0.3343
set_frequency,freq_1mhz,0,0,14,11.8861
schedule_retune,freq_1mhz,0,0,14,0.3474
set_frequency,freq_1mhz,0,0,15,11.7066
schedule_retune,freq_1mhz,0,0,15,0.3431
set_frequency,freq_1mhz,0,0,16,11.7393
schedule_retune,freq_1mhz,0,0,16,0.3094
set_frequency,freq_1mhz,0,0,17,11.6572
schedule_retune,freq_1mhz,0,0,17,0.3450
set_frequency,freq_1mhz,0,0,18,11.2485
schedule_retune,freq_1mhz,0,0,18,0.3065
set_frequency,freq_1mhz,0,0,19,11.1189
schedule_retune,freq_1mhz,0,0,19,0.3355
set_frequency,grid,100,100,0,0.6121
set_frequency,grid,100,100,1,0.6027
set_frequency,grid,100,100,2,0.5962
set_frequency,grid,100,100,3,0.5981
set_frequency,grid,100,100,4,0.5959
set_frequency,grid,100,200,0,10.4890
set_frequency,grid,100,200,1,11.8713
set_frequency,grid,100,200,2,11.2190
set_frequency,grid,100,200,3,13.7504
set_frequency,grid,100,200,4,14.5806
set_frequency,grid,100,300,0,12.2753
set_frequency,grid,100,300,1,12.4458
set_frequency,grid,100,300,2,13.5717
set_frequency,grid,100,300,3,14.6921
set_frequency,grid,100,300,4,12.0133
set_frequency,grid,100,400,0,12.8363
set_frequency,grid,100,400,1,11.3441
set_frequency,grid,100,400,2,12.3021
set_frequency,grid,100,400,3,12.2292
set_frequency,grid,100,400,4,9.2922
set_frequency,grid,100,500,0,9.2898
set_frequency,grid,100,500,1,9.3067
set_frequency,grid,100,500,2,9.6208
set_frequency,grid,100,500,3,15.1574
set_frequency,grid,100,500,4,15.3800
set_frequency,grid,100,600,0,11.6201
set_frequency,grid,100,600,1,11.7701
set_frequency,grid,100,600,2,15.9864
set_frequency,grid,100,600,3,11.6314
set_frequency,grid,100,600,4,11.9860
set_frequency,grid,100,700,0,12.1233
set_frequency,grid,100,700,1,12.2249
set_frequency,grid,100,700,2,13.9463
set_frequency,grid,100,700,3,13.2394
set_frequency,grid,100,700,4,12.2314
set_frequency,grid,100,800,0,12.0620
set_frequency,grid,100,800,1,11.4497
set_frequency,grid,100,800,2,11.8495
set_frequency,grid,100,800,3,11.3448
set_frequency,grid,100,800,4,11.4823
set_frequency,grid,100,900,0,11.6282
set_frequency,grid,100,900,1,11.0371
set_frequency,grid,100,900,2,9.7073
set_frequency,grid,100,900,3,11.4283
set_frequency,grid,100,900,4,12.0023
set_frequency,grid,100,1000,0,11.3946
set_frequency,grid,100,1000,1,11.7914
set_frequency,grid,100,1000,2,11.3239
set_frequency,grid,100,1000,3,11.6631
set_frequency,grid,100,1000,4,11.2527
set_frequency,grid,200,100,0,11.4236
set_frequency,grid,200,100,1,10.2892
set_frequency,grid,200,100,2,9.1972
set_frequency,grid,200,100,3,9.0836
set_frequency,grid,200,100,4,9.1764
set_frequency,grid,200,200,0,0.7279
set_frequency,grid,200,200,1,0.6909
set_frequency,grid,200,200,2,0.6780
set_frequency,grid,200,200,3,0.7204
set_frequency,grid,200,200,4,0.5654
set_frequency,grid,200,300,0,11.4552
set_frequency,grid,200,300,1,11.6209
set_frequency,grid,200,300,2,11.7245
set_frequency,grid,200,300,3,11.9216
set_frequency,grid,200,300,4,10.8896
set_frequency,grid,200,400,0,11.7159
set_frequency,grid,200,400,1,11.0532
set_frequency,grid,200,400,2,11.9065
set_frequency,grid,200,400,3,11.5345
set_frequency,grid,200,400,4,11.3180
set_frequency,grid,200,500,0,11.3748
set_frequency,grid,200,500,1,11.1058
set_frequency,grid,200,500,2,12.0444
set_frequency,grid,200,500,3,11.4416
set_frequency,grid,200,500,4,11.3948
set_frequency,grid,200,600,0,11.6866
set_frequency,grid,200,600,1,11.9845
set_frequency,grid,200,600,2,11.0251
set_frequency,grid,200,600,3,11.5787
set_frequency,grid,200,600,4,11.7436
set_frequency,grid,200,700,0,11.5656
set_frequency,grid,200,700,1,10.9390
set_frequency,grid,200,700,2,11.4318
set_frequency,grid,200,700,3,11.6568
set_frequency,grid,200,700,4,11.4114
set_frequency,grid,200,800,0,11.4625
set_frequency,grid,200,800,1,11.5782
set_frequency,grid,200,800,2,11.4179
set_frequency,grid,200,800,3,11.3258
set_frequency,grid,200,800,4,12.1363
set_frequency,grid,200,900,0,11.6117
set_frequency,grid,200,900,1,12.1144
set_frequency,grid,200,900,2,11.8448
set_frequency,grid,200,900,3,11.1754
set_frequency,grid,200,900,4,14.7927
set_frequency,grid,200,1000,0,12.5028
set_frequency,grid,200,1000,1,11.8937
set_frequency,grid,200,1000,2,11.6425
set_frequency,grid,200,1000,3,12.1439
set_frequency,grid,200,1000,4,11.5945
set_frequency,grid,300,100,0,11.6472
set_frequency,grid,300,100,1,11.6183
set_frequency,grid,300,100,2,10.7663
set_frequency,grid,300,100,3,11.7367
set_frequency,grid,300,100,4,11.6280
set_frequency,grid,300,200,0,9.0882
set_frequency,grid,300,200,1,9.1197
set_frequency,grid,300,200,2,9.9086
set_frequency,grid,300,200,3,15.0594
set_frequency,grid,300,200,4,11.7851
set_frequency,grid,300,300,0,0.6773
set_frequency,grid,300,300,1,0.6612
set_frequency,grid,300,300,2,0.6897
set_frequency,grid,300,300,3,0.7034
set_frequency,grid,300,300,4,0.6827
set_frequency,grid,300,400,0,11.2454
set_frequency,grid,300,400,1,9.1768
set_frequency,grid,300,400,2,9.6351
set_frequency,grid,300,400,3,9.0113
set_frequency,grid,300,400,4,9.9565
set_frequency,grid,300,500,0,11.6598
set_frequency,grid,300,500,1,11.7642
set_frequency,grid,300,500,2,11.3331
set_frequency,grid,300,500,3,13.3062
set_frequency,grid,300,500,4,11.2440
set_frequency,grid,300,600,0,11.7182
set_frequency,grid,300,600,1,11.3461
set_frequency,grid,300,600,2,12.0088
set_frequency,grid,300,600,3,11.5893
set_frequency,grid,300,600,4,10.9656
set_frequency,grid,300,700,0,10.9132
set_frequency,grid,300,700,1,11.6523
set_frequency,grid,300,700,2,12.1122
set_frequency,grid,300,700,3,11.6617
set_frequency,grid,300,700,4,11.3297
set_frequency,grid,300,800,0,14.0161
set_frequency,grid,300,800,1,11.1789
set_frequency,grid,300,800,2,11.8535
set_frequency,grid,300,800,3,11.5769
set_frequency,grid,300,800,4,11.7989
set_frequency,grid,300,900,0,11.5494
set_frequency,grid,300,900,1,11.1591
set_frequency,grid,300,900,2,11.6669
set_frequency,grid,300,900,3,10.9241
set_frequency,grid,300,900,4,13.0768
set_frequency,grid,300,1000,0,11.2994
set_frequency,grid,300,1000,1,11.4205
set_frequency,grid,300,1000,2,11.2672
set_frequency,grid,300,1000,3,11.1959
set_frequency,grid,300,1000,4,10.8025
set_frequency,grid,400,100,0,10.6198
set_frequency,grid,400,100,1,10.6082
set_frequency,grid,400,100,2,10.6853
set_frequency,grid,400,100,3,10.3513
set_frequency,grid,400,100,4,10.2473
set_frequency,grid,400,200,0,8.5879
set_frequency,grid,400,200,1,8.5203
set_frequency,grid,400,200,2,8.5395
set_frequency,grid,400,200,3,8.5385
set_frequency,grid,400,200,4,10.2874
set_frequency,grid,400,300,0,10.2081
set_frequency,grid,400,300,1,10.4493
set_frequency,grid,400,300,2,10.7474
set_frequency,grid,400,300,3,10.5596
set_frequency,grid,400,300,4,10.7775
set_frequency,grid,400,400,0,0.5961
set_frequency,grid,400,400,1,0.5975
set_frequency,grid,400,400,2,0.5947
set_frequency,grid,400,400,3,0.6283
set_frequency,grid,400,400,4,0.6062
set_frequency,grid,400,500,0,10.3669
set_frequency,grid,400,500,1,10.9112
set_frequency,grid,400,500,2,10.7918
set_frequency,grid,400,500,3,9.9616
set_frequency,grid,400,500,4,9.0401
set_frequency,grid,400,600,0,8.7063
set_frequency,grid,400,600,1,8.6368
set_frequency,grid,400,600,2,10.5813
set_frequency,grid,400,600,3,10.6114
set_frequency,grid,400,600,4,11.8262
set_frequency,grid,400,700,0,11.1080
set_frequency,grid,400,700,1,11.4352
set_frequency,grid,400,700,2,11.6575
set_frequency,grid,400,700,3,11.3994
set_frequency,grid,400,700,4,10.6423
set_frequency,grid,400,800,0,9.2457
set_frequency,grid,400,800,1,9.1399
set_frequency,grid,400,800,2,9.2130
set_frequency,grid,400,800,3,9.1373
set_frequency,grid,400,800,4,9.0897
set_frequency,grid,400,900,0,9.0408
set_frequency,grid,400,900,1,8.9612
set_frequency,grid,400,900,2,9.0781
set_frequency,grid,400,900,3,9.0681
set_frequency,grid,400,900,4,11.0793
set_frequency,grid,400,1000,0,11.7766
set_frequency,grid,400,1000,1,12.4337
set_frequency,grid,400,1000,2,12.0876
set_frequency,grid,400,1000,3,11.6763
set_frequency,grid,400,1000,4,11.7572
set_frequency,grid,500,100,0,11.5260
set_frequency,grid,500,100,1,11.5818
set_frequency,grid,500,100,2,11.9131
set_frequency,grid,500,100,3,11.4852
set_frequency,grid,500,100,4,11.4250
set_frequency,grid,500,200,0,14.3943
set_frequency,grid,500,200,1,11.4719
set_frequency,grid,500,200,2,11.3435
set_frequency,grid,500,200,3,13.0279
set_frequency,grid,500,200,4,11.8114
set_frequency,grid,500,300,0,11.5112
set_frequency,grid,500,300,1,10.9241
set_frequency,grid,500,300,2,11.1872
set_frequency,grid,500,300,3,11.7899
set_frequency,grid,500,300,4,11.8315
set_frequency,grid,500,400,0,11.3548
set_frequency,grid,500,400,1,10.8263
set_frequency,grid,500,400,2,12.0643
set_frequency,grid,500,400,3,13.9965
set_frequency,grid,500,400,4,12.3898
set_frequency,grid,500,500,0,0.5666
set_frequency,grid,500,500,1,0.6925
set_frequency,grid,500,500,2,1.0065
set_frequency,grid,500,500,3,0.8083
set_frequency,grid,500,500,4,0.9323
set_frequency,grid,500,600,0,14.7125
set_frequency,grid,500,600,1,11.7446
set_frequency,grid,500,600,2,12.1425
set_frequency,grid,500,600,3,11.4713
set_frequency,grid,500,600,4,11.9428
set_frequency,grid,500,700,0,11.7652
set_frequency,grid,500,700,1,11.7541
set_frequency,grid,500,700,2,11.6770
set_frequency,grid,500,700,3,11.7066
set_frequency,grid,500,700,4,11.6805
set_frequency,grid,500,800,0,11.0410
set_frequency,grid,500,800,1,11.6561
set_frequency,grid,500,800,2,11.1383
set_frequency,grid,500,800,3,11.7369
set_frequency,grid,500,800,4,11.2402
set_frequency,grid,500,900,0,10.8083
set_frequency,grid,500,900,1,11.7753
set_frequency,grid,500,900,2,11.2972
set_frequency,grid,500,900,3,10.5896
set_frequency,grid,500,900,4,10.3532
set_frequency,grid,500,1000,0,10.8632
set_frequency,grid,500,1000,1,12.1219
set_frequency,grid,500,1000,2,13.4053
set_frequency,grid,500,1000,3,11.7815
set_frequency,grid,500,1000,4,11.6416
set_frequency,grid,600,100,0,11.0711
set_frequency,grid,600,100,1,11.6780
set_frequency,grid,600,100,2,11.8127
set_frequency,grid,600,100,3,11.7622
set_frequency,grid,600,100,4,14.8162
set_frequency,grid,600,200,0,12.4348
set_frequency,grid,600,200,1,13.5203
set_frequency,grid,600,200,2,13.6572
set_frequency,grid,600,200,3,12.1275
set_frequency,grid,600,200,4,15.2459
set_frequency,grid,600,300,0,12.0596
set_frequency,grid,600,300,1,11.9907
set_frequency,grid,600,300,2,13.7701
set_frequency,grid,600,300,3,11.6601
set_frequency,grid,600,300,4,11.6100
set_frequency,grid,600,400,0,11.6238
set_frequency,grid,600,400,1,11.3092
set_frequency,grid,600,400,2,11.8261
set_frequency,grid,600,400,3,11.6704
set_frequency,grid,600,400,4,11.3913
set_frequency,grid,600,500,0,11.3982
set_frequency,grid,600,500,1,11.0935
set_frequency,grid,600,500,2,11.5589
set_frequency,grid,600,500,3,13.4192
set_frequency,grid,600,500,4,11.9508
set_frequency,grid,600,600,0,0.6419
set_frequency,grid,600,600,1,0.7350
set_frequency,grid,600,600,2,0.7029
set_frequency,grid,600,600,3,0.6281
set_frequency,grid,600,600,4,0.5904
set_frequency,grid,600,700,0,11.6438
set_frequency,grid,600,700,1,11.9613
set_frequency,grid,600,700,2,11.4701
set_frequency,grid,600,700,3,11.3940
set_frequency,grid,600,700,4,11.2896
set_frequency,grid,600,800,0,11.4466
set_frequency,grid,600,800,1,11.9247
set_frequency,grid,600,800,2,11.4520
set_frequency,grid,600,800,3,11.2698
set_frequency,grid,600,800,4,11.1108
set_frequency,grid,600,900,0,11.1846
set_frequency,grid,600,900,1,11.6836
set_frequency,grid,600,900,2,12.3634
set_frequency,grid,600,900,3,10.8586
set_frequency,grid,600,900,4,11.5309
set_frequency,grid,600,1000,0,11.8328
set_frequency,grid,600,1000,1,11.3450
set_frequency,grid,600,1000,2,11.5140
set_frequency,grid,600,1000,3,11.0889
set_frequency,grid,600,1000,4,11.5014
set_frequency,grid,700,100,0,11.2283
set_frequency,grid,700,100,1,11.6724
set_frequency,grid,700,100,2,11.7125
set_frequency,grid,700,100,3,12.0630
set_frequency,grid,700,100,4,14.8150
set_frequency,grid,700,200,0,13.1707
set_frequency,grid,700,200,1,10.6412
set_frequency,grid,700,200,2,11.4898
set_frequency,grid,700,200,3,11.5510
set_frequency,grid,700,200,4,11.4266
set_frequency,grid,700,300,0,11.9980
set_frequency,grid,700,300,1,12.5905
set_frequency,grid,700,300,2,11.4317
set_frequency,grid,700,300,3,13.7198
set_frequency,grid,700,300,4,11.4019
set_frequency,grid,700,400,0,11.1238
set_frequency,grid,700,400,1,11.3231
set_frequency,grid,700,400,2,10.9721
set_frequency,grid,700,400,3,11.6949
set_frequency,grid,700,400,4,14.6524
set_frequency,grid,700,500,0,11.8882
set_frequency,grid,700,500,1,10.9003
set_frequency,grid,700,500,2,11.4537
set_frequency,grid,700,500,3,11.4250
set_frequency,grid,700,500,4,11.4555
set_frequency,grid,700,600,0,11.4940
set_frequency,grid,700,600,1,11.7998
set_frequency,grid,700,600,2,11.4386
set_frequency,grid,700,600,3,11.8507
set_frequency,grid,700,600,4,11.1577
set_frequency,grid,700,700,0,11.1465
set_frequency,grid,700,700,1,11.2005
set_frequency,grid,700,700,2,11.1850
set_frequency,grid,700,700,3,10.7715
set_frequency,grid,700,700,4,11.0102
set_frequency,grid,700,800,0,10.9550
set_frequency,grid,700,800,1,11.3988
set_frequency,grid,700,800,2,16.2459
set_frequency,grid,700,800,3,11.6475
set_frequency,grid,700,800,4,11.7543
set_frequency,grid,700,900,0,11.6443
set_frequency,grid,700,900,1,11.7685
set_frequency,grid,700,900,2,11.8209
set_frequency,grid,700,900,3,14.6625
set_frequency,grid,700,900,4,11.7554
set_frequency,grid,700,1000,0,11.7576
set_frequency,grid,700,1000,1,11.3937
set_frequency,grid,700,1000,2,14.8899
set_frequency,grid,700,1000,3,11.8349
set_frequency,grid,700,1000,4,11.7312
set_frequency,grid,800,100,0,11.7951
set_frequency,grid,800,100,1,11.3127
set_frequency,grid,800,100,2,11.6608
set_frequency,grid,800,100,3,11.4132
set_frequency,grid,800,100,4,11.5971
set_frequency,grid,800,200,0,12.0232
set_frequency,grid,800,200,1,11.9094
set_frequency,grid,800,200,2,11.7296
set_frequency,grid,800,200,3,11.7202
set_frequency,grid,800,200,4,13.8121
set_frequency,grid,800,300,0,15.2675
set_frequency,grid,800,300,1,11.7014
set_frequency,grid,800,300,2,11.8348
set_frequency,grid,800,300,3,11.8871
set_frequency,grid,800,300,4,11.7586
set_frequency,grid,800,400,0,11.2076
set_frequency,grid,800,400,1,12.6907
set_frequency,grid,800,400,2,12.0029
set_frequency,grid,800,400,3,11.8691
set_frequency,grid,800,400,4,12.0392
set_frequency,grid,800,500,0,11.8462
set_frequency,grid,800,500,1,11.9035
set_frequency,grid,800,500,2,11.7322
set_frequency,grid,800,500,3,12.0801
set_frequency,grid,800,500,4,11.9567
set_frequency,grid,800,600,0,11.8599
set_frequency,grid,800,600,1,12.1124
set_frequency,grid,800,600,2,11.8797
set_frequency,grid,800,600,3,11.7281
set_frequency,grid,800,600,4,11.6022
set_frequency,grid,800,700,0,12.0126
set_frequency,grid,800,700,1,11.3860
set_frequency,grid,800,700,2,11.9647
set_frequency,grid,800,700,3,11.9194
set_frequency,grid,800,700,4,12.1764
set_frequency,grid,800,800,0,0.7454
set_frequency,grid,800,800,1,0.7399
set_frequency,grid,800,800,2,0.6923
set_frequency,grid,800,800,3,0.7101
set_frequency,grid,800,800,4,0.7169
set_frequency,grid,800,900,0,12.0987
set_frequency,grid,800,900,1,11.9696
set_frequency,grid,800,900,2,11.9537
set_frequency,grid,800,900,3,12.0314
set_frequency,grid,800,900,4,12.0118
set_frequency,grid,800,1000,0,9.8104
set_frequency,grid,800,1000,1,9.2548
set_frequency,grid,800,1000,2,9.2751
set_frequency,grid,800,1000,3,9.2938
set_frequency,grid,800,1000,4,11.8874
set_frequency,grid,900,100,0,12.1829
set_frequency,grid,900,100,1,11.7941
set_frequency,grid,900,100,2,11.6663
set_frequency,grid,900,100,3,11.8346
set_frequency,grid,900,100,4,11.8360
set_frequency,grid,900,200,0,11.8173
set_frequency,grid,900,200,1,11.5591
set_frequency,grid,900,200,2,11.6378
set_frequency,grid,900,200,3,11.5113
set_frequency,grid,900,200,4,12.0774
set_frequency,grid,900,300,0,12.0625
set_frequency,grid,900,300,1,11.6153
set_frequency,grid,900,300,2,11.2774
set_frequency,grid,900,300,3,11.9958
set_frequency,grid,900,300,4,12.1433
set_frequency,grid,900,400,0,11.7572
set_frequency,grid,900,400,1,11.8283
set_frequency,grid,900,400,2,11.3201
set_frequency,grid,900,400,3,9.3189
set_frequency,grid,900,400,4,9.2439
set_frequency,grid,900,500,0,9.8393
set_frequency,grid,900,500,1,15.5909
set_frequency,grid,900,500,2,13.9170
set_frequency,grid,900,500,3,11.9426
set_frequency,grid,900,500,4,11.7095
set_frequency,grid,900,600,0,12.0508
set_frequency,grid,900,600,1,16.4217
set_frequency,grid,900,600,2,11.4859
set_frequency,grid,900,600,3,11.1028
set_frequency,grid,900,600,4,11.2659
set_frequency,grid,900,700,0,11.3525
set_frequency,grid,900,700,1,11.1022
set_frequency,grid,900,700,2,11.2880
set_frequency,grid,900,700,3,13.5452
set_frequency,grid,900,700,4,11.7686
set_frequency,grid,900,800,0,10.9460
set_frequency,grid,900,800,1,10.8981
set_frequency,grid,900,800,2,11.9269
set_frequency,grid,900,800,3,15.5071
set_frequency,grid,900,800,4,11.9123
set_frequency,grid,900,900,0,0.7139
set_frequency,grid,900,900,1,0.7004
set_frequency,grid,900,900,2,0.6231
set_frequency,grid,900,900,3,0.6634
set_frequency,grid,900,900,4,0.6111
set_frequency,grid,900,1000,0,11.7405
set_frequency,grid,900,1000,1,11.4530
set_frequency,grid,900,1000,2,10.9564
set_frequency,grid,900,1000,3,11.8926
set_frequency,grid,900,1000,4,11.4469
set_frequency,grid,1000,100,0,11.6791
set_frequency,grid,1000,100,1,11.9061
set_frequency,grid,1000,100,2,11.9868
set_frequency,grid,1000,100,3,10.9925
set_frequency,grid,1000,100,4,11.5753
set_frequency,grid,1000,200,0,12.4648
set_frequency,grid,1000,200,1,10.9460
set_frequency,grid,1000,200,2,11.6150
set_frequency,grid,1000,200,3,10.8946
set_frequency,grid,1000,200,4,11.1049
set_frequency,grid,1000,300,0,14.3943
set_frequency,grid,1000,300,1,11.4805
set_frequency,grid,1000,300,2,11.4619
set_frequency,grid,1000,300,3,12.7091
set_frequency,grid,1000,300,4,11.8865
set_frequency,grid,1000,400,0,11.3561
set_frequency,grid,1000,400,1,14.5708
set_frequency,grid,1000,400,2,12.2370
set_frequency,grid,1000,400,3,12.7944
set_frequency,grid,1000,400,4,11.0758
set_frequency,grid,1000,500,0,11.5819
set_frequency,grid,1000,500,1,11.4340
set_frequency,grid,1000,500,2,11.4892
set_frequency,grid,1000,500,3,13.2211
set_frequency,grid,1000,500,4,12.0661
set_frequency,grid,1000,600,0,11.6781
set_frequency,grid,1000,600,1,10.6054
set_frequency,grid,1000,600,2,11.9166
set_frequency,grid,1000,600,3,10.6473
set_frequency,grid,1000,600,4,11.4279
set_frequency,grid,1000,700,0,13.0301
set_frequency,grid,1000,700,1,12.0691
set_frequency,grid,1000,700,2,11.4164
set_frequency,grid,1000,700,3,11.3041
set_frequency,grid,1000,700,4,11.6082
set_frequency,grid,1000,800,0,11.3701
set_frequency,grid,1000,800,1,12.1200
set_frequency,grid,1000,800,2,10.3695
set_frequency,grid,1000,800,3,9.2349
set_frequency,grid,1000,800,4,9.1088
set_frequency,grid,1000,900,0,9.1554
set_frequency,grid,1000,900,1,10.0864
set_frequency,grid,1000,900,2,11.5858
set_frequency,grid,1000,900,3,11.4967
set_frequency,grid,1000,900,4,11.2370
set_frequency,grid,1000,1000,0,0.7212
set_frequency,grid,1000,1000,1,0.7107
set_frequency,grid,1000,1000,2,0.6963
set_frequency,grid,1000,1000,3,0.6912
set_frequency,grid,1000,1000,4,0.7216
schedule_retune,grid,100,100,0,0.3538
schedule_retune,grid,100,100,1,0.3470
schedule_retune,grid,100,100,2,0.3436
schedule_retune,grid,100,100,3,0.3460
schedule_retune,grid,100,100,4,0.3490
schedule_retune,grid,100,200,0,1.3150
schedule_retune,grid,100,200,1,0.3473
schedule_retune,grid,100,200,2,0.3529
schedule_retune,grid,100,200,3,0.3489
schedule_retune,grid,100,200,4,0.3602
schedule_retune,grid,100,300,0,1.2245
schedule_retune,grid,100,300,1,0.3845
schedule_retune,grid,100,300,2,0.3500
schedule_retune,grid,100,300,3,0.3546
schedule_retune,grid,100,300,4,0.3450
schedule_retune,grid,100,400,0,1.2144
schedule_retune,grid,100,400,1,0.3593
schedule_retune,grid,100,400,2,0.3475
schedule_retune,grid,100,400,3,0.3467
schedule_retune,grid,100,400,4,0.3469
schedule_retune,grid,100,500,0,1.1870
schedule_retune,grid,100,500,1,0.3481
schedule_retune,grid,100,500,2,0.3490
schedule_retune,grid,100,500,3,0.3455
schedule_retune,grid,100,500,4,0.3467
schedule_retune,grid,100,600,0,1.2254
schedule_retune,grid,100,600,1,0.3477
schedule_retune,grid,100,600,2,0.3540
schedule_retune,grid,100,600,3,0.3556
schedule_retune,grid,100,600,4,0.3535
schedule_retune,grid,100,700,0,1.2210
schedule_retune,grid,100,700,1,0.3534
schedule_retune,grid,100,700,2,0.3622
schedule_retune,grid,100,700,3,0.3597
schedule_retune,grid,100,700,4,0.3574
schedule_retune,grid,100,800,0,1.2214
schedule_retune,grid,100,800,1,0.3457
schedule_retune,grid,100,800,2,0.3458
schedule_retune,grid,100,800,3,0.3209
schedule_retune,grid,100,800,4,0.3390
schedule_retune,grid,100,900,0,1.2124
schedule_retune,grid,100,900,1,1.4475
schedule_retune,grid,100,900,2,1.4379
schedule_retune,grid,100,900,3,1.2523
schedule_retune,grid,100,900,4,1.4399
schedule_retune,grid,100,1000,0,1.4790
schedule_retune,grid,100,1000,1,0.5391
schedule_retune,grid,100,1000,2,0.5586
schedule_retune,grid,100,1000,3,0.4264
schedule_retune,grid,100,1000,4,0.5401
schedule_retune,grid,200,100,0,0.5160
schedule_retune,grid,200,100,1,0.4977
schedule_retune,grid,200,100,2,0.4246
schedule_retune,grid,200,100,3,0.3630
schedule_retune,grid,200,100,4,0.4332
schedule_retune,grid,200,200,0,0.4474
schedule_retune,grid,200,200,1,0.4014
schedule_retune,grid,200,200,2,0.4588
schedule_retune,grid,200,200,3,0.4909
schedule_retune,grid,200,200,4,0.4601
schedule_retune,grid,200,300,0,0.3424
schedule_retune,grid,200,300,1,0.3980
schedule_retune,grid,200,300,2,0.4501
schedule_retune,grid,200,300,3,0.4593
schedule_retune,grid,200,300,4,0.4525
schedule_retune,grid,200,400,0,0.4544
schedule_retune,grid,200,400,1,0.4469
schedule_retune,grid,200,400,2,0.4534
schedule_retune,grid,200,400,3,0.4370
schedule_retune,grid,200,400,4,0.5350
schedule_retune,grid,200,500,0,0.4340
schedule_retune,grid,200,500,1,0.4463
schedule_retune,grid,200,500,2,0.4394
schedule_retune,grid,200,500,3,0.4658
schedule_retune,grid,200,500,4,0.4587
schedule_retune,grid,200,600,0,0.3572
schedule_retune,grid,200,600,1,0.4357
schedule_retune,grid,200,600,2,0.3306
schedule_retune,grid,200,600,3,0.4168
schedule_retune,grid,200,600,4,0.4113
schedule_retune,grid,200,700,0,0.3818
schedule_retune,grid,200,700,1,0.3644
schedule_retune,grid,200,700,2,0.4862
schedule_retune,grid,200,700,3,0.4541
schedule_retune,grid,200,700,4,0.3685
schedule_retune,grid,200,800,0,0.3548
schedule_retune,grid,200,800,1,0.3357
schedule_retune,grid,200,800,2,0.3086
schedule_retune,grid,200,800,3,0.3076
schedule_retune,grid,200,800,4,0.3089
schedule_retune,grid,200,900,0,1.1730
schedule_retune,grid,200,900,1,0.3820
schedule_retune,grid,200,900,2,0.4385
schedule_retune,grid,200,900,3,0.4155
schedule_retune,grid,200,900,4,0.4426
schedule_retune,grid,200,1000,0,1.4623
schedule_retune,grid,200,1000,1,1.3838
schedule_retune,grid,200,1000,2,1.4135
schedule_retune,grid,200,1000,3,1.4276
schedule_retune,grid,200,1000,4,1.4462
schedule_retune,grid,300,100,0,1.4342
schedule_retune,grid,300,100,1,0.5685
schedule_retune,grid,300,100,2,0.5289
schedule_retune,grid,300,100,3,0.5972
schedule_retune,grid,300,100,4,0.4103
schedule_retune,grid,300,200,0,1.4194
schedule_retune,grid,300,200,1,0.4358
schedule_retune,grid,300,200,2,0.4424
schedule_retune,grid,300,200,3,0.4424
schedule_retune,grid,300,200,4,0.3588
schedule_retune,grid,300,300,0,0.3649
schedule_retune,grid,300,300,1,0.4692
schedule_retune,grid,300,300,2,0.3975
schedule_retune,grid,300,300,3,0.4516
schedule_retune,grid,300,300,4,0.4665
schedule_retune,grid,300,400,0,0.4355
schedule_retune,grid,300,400,1,0.4399
schedule_retune,grid,300,400,2,0.4749
schedule_retune,grid,300,400,3,0.4817
schedule_retune,grid,300,400,4,0.5184
schedule_retune,grid,300,500,0,0.3668
schedule_retune,grid,300,500,1,0.4265
schedule_retune,grid,300,500,2,0.4382
schedule_retune,grid,300,500,3,0.4278
schedule_retune,grid,300,500,4,0.4367
schedule_retune,grid,300,600,0,0.4580
schedule_retune,grid,300,600,1,0.4418
schedule_retune,grid,300,600,2,0.4636
schedule_retune,grid,300,600,3,0.3817
schedule_retune,grid,300,600,4,0.4318
schedule_retune,grid,300,700,0,0.4269
schedule_retune,grid,300,700,1,0.4289
schedule_retune,grid,300,700,2,0.4193
schedule_retune,grid,300,700,3,0.4375
schedule_retune,grid,300,700,4,0.4424
schedule_retune,grid,300,800,0,0.4631
schedule_retune,grid,300,800,1,0.4566
schedule_retune,grid,300,800,2,0.4954
schedule_retune,grid,300,800,3,0.3686
schedule_retune,grid,300,800,4,0.3903
schedule_retune,grid,300,900,0,1.3353
schedule_retune,grid,300,900,1,0.4551
schedule_retune,grid,300,900,2,0.4487
schedule_retune,grid,300,900,3,0.4990
schedule_retune,grid,300,900,4,0.3714
schedule_retune,grid,300,1000,0,1.4125
schedule_retune,grid,300,1000,1,0.4016
schedule_retune,grid,300,1000,2,0.4615
schedule_retune,grid,300,1000,3,0.4623
schedule_retune,grid,300,1000,4,0.4348
schedule_retune,grid,400,100,0,1.3230
schedule_retune,grid,400,100,1,0.4539
schedule_retune,grid,400,100,2,0.4484
schedule_retune,grid,400,100,3,0.4609
schedule_retune,grid,400,100,4,0.4170
schedule_retune,grid,400,200,0,1.4153
schedule_retune,grid,400,200,1,0.4235
schedule_retune,grid,400,200,2,0.4328
schedule_retune,grid,400,200,3,0.4318
schedule_retune,grid,400,200,4,0.4565
schedule_retune,grid,400,300,0,0.4564
schedule_retune,grid,400,300,1,0.3658
schedule_retune,grid,400,300,2,0.3447
schedule_retune,grid,400,300,3,0.3642
schedule_retune,grid,400,300,4,0.4418
schedule_retune,grid,400,400,0,0.4294
schedule_retune,grid,400,400,1,0.3538
schedule_retune,grid,400,400,2,0.4431
schedule_retune,grid,400,400,3,0.4561
schedule_retune,grid,400,400,4,0.4770
schedule_retune,grid,400,500,0,0.3522
schedule_retune,grid,400,500,1,0.4590
schedule_retune,grid,400,500,2,0.4369
schedule_retune,grid,400,500,3,0.5110
schedule_retune,grid,400,500,4,0.3718
schedule_retune,grid,400,600,0,0.4677
schedule_retune,grid,400,600,1,0.3794
schedule_retune,grid,400,600,2,0.4566
schedule_retune,grid,400,600,3,0.4334
schedule_retune,grid,400,600,4,0.4348
schedule_retune,grid,400,700,0,0.4991
schedule_retune,grid,400,700,1,0.4040
schedule_retune,grid,400,700,2,0.4592
schedule_retune,grid,400,700,3,0.4657
schedule_retune,grid,400,700,4,0.4597
schedule_retune,grid,400,800,0,0.4829
schedule_retune,grid,400,800,1,0.4686
schedule_retune,grid,400,800,2,0.4283
schedule_retune,grid,400,800,3,0.4387
schedule_retune,grid,400,800,4,0.4726
schedule_retune,grid,400,900,0,1.2201
schedule_retune,grid,400,900,1,0.4672
schedule_retune,grid,400,900,2,0.4542
schedule_retune,grid,400,900,3,0.4264
schedule_retune,grid,400,900,4,0.4545
schedule_retune,grid,400,1000,0,1.3987
schedule_retune,grid,400,1000,1,0.4782
schedule_retune,grid,400,1000,2,0.3553
schedule_retune,grid,400,1000,3,0.4521
schedule_retune,grid,400,1000,4,0.4523
schedule_retune,grid,500,100,0,1.2261
schedule_retune,grid,500,100,1,0.4696
schedule_retune,grid,500,100,2,0.4503
schedule_retune,grid,500,100,3,0.4053
schedule_retune,grid,500,100,4,0.3712
schedule_retune,grid,500,200,0,1.4284
schedule_retune,grid,500,200,1,0.4514
schedule_retune,grid,500,200,2,0.4376
schedule_retune,grid,500,200,3,0.4284
schedule_retune,grid,500,200,4,0.4393
schedule_retune,grid,500,300,0,0.4286
schedule_retune,grid,500,300,1,0.3793
schedule_retune,grid,500,300,2,0.3471
schedule_retune,grid,500,300,3,0.3099
schedule_retune,grid,500,300,4,0.3067
schedule_retune,grid,500,400,0,0.3060
schedule_retune,grid,500,400,1,0.3040
schedule_retune,grid,500,400,2,0.3066
schedule_retune,grid,500,400,3,0.3435
schedule_retune,grid,500,400,4,0.3080
schedule_retune,grid,500,500,0,0.3056
schedule_retune,grid,500,500,1,0.3046
schedule_retune,grid,500,500,2,0.3071
schedule_retune,grid,500,500,3,0.3447
schedule_retune,grid,500,500,4,0.3503
schedule_retune,grid,500,600,0,0.3513
schedule_retune,grid,500,600,1,0.3173
schedule_retune,grid,500,600,2,0.3459
schedule_retune,grid,500,600,3,0.3083
schedule_retune,grid,500,600,4,0.3103
schedule_retune,grid,500,700,0,0.3437
schedule_retune,grid,500,700,1,0.3033
schedule_retune,grid,500,700,2,0.3055
schedule_retune,grid,500,700,3,0.3424
schedule_retune,grid,500,700,4,0.3463
schedule_retune,grid,500,800,0,0.3559
schedule_retune,grid,500,800,1,0.3517
schedule_retune,grid,500,800,2,0.3088
schedule_retune,grid,500,800,3,0.3076
schedule_retune,grid,500,800,4,0.3452
schedule_retune,grid,500,900,0,1.2241
schedule_retune,grid,500,900,1,0.3548
schedule_retune,grid,500,900,2,0.3547
schedule_retune,grid,500,900,3,0.3561
schedule_retune,grid,500,900,4,0.3450
schedule_retune,grid,500,1000,0,1.3187
schedule_retune,grid,500,1000,1,0.3548
schedule_retune,grid,500,1000,2,0.3225
schedule_retune,grid,500,1000,3,0.3533
schedule_retune,grid,500,1000,4,0.3482
schedule_retune,grid,600,100,0,1.2080
schedule_retune,grid,600,100,1,0.3629
schedule_retune,grid,600,100,2,0.3533
schedule_retune,grid,600,100,3,0.3560
schedule_retune,grid,600,100,4,0.3447
schedule_retune,grid,600,200,0,1.3250
schedule_retune,grid,600,200,1,0.3562
schedule_retune,grid,600,200,2,0.3443
schedule_retune,grid,600,200,3,0.3454
schedule_retune,grid,600,200,4,0.3261
schedule_retune,grid,600,300,0,0.3500
schedule_retune,grid,600,300,1,0.3485
schedule_retune,grid,600,300,2,0.3471
schedule_retune,grid,600,300,3,0.3469
schedule_retune,grid,600,300,4,0.3438
schedule_retune,grid,600,400,0,0.3483
schedule_retune,grid,600,400,1,0.3061
schedule_retune,grid,600,400,2,0.3231
schedule_retune,grid,600,400,3,0.3384
schedule_retune,grid,600,400,4,0.3374
schedule_retune,grid,600,500,0,0.3461
schedule_retune,grid,600,500,1,0.3447
schedule_retune,grid,600,500,2,0.3439
schedule_retune,grid,600,500,3,0.3575
schedule_retune,grid,600,500,4,0.3523
schedule_retune,grid,600,600,0,0.3350
schedule_retune,grid,600,600,1,0.3072
schedule_retune,grid,600,600,2,0.3524
schedule_retune,grid,600,600,3,0.3460
schedule_retune,grid,600,600,4,0.3417
schedule_retune,grid,600,700,0,0.3047
schedule_retune,grid,600,700,1,0.3454
schedule_retune,grid,600,700,2,0.3449
schedule_retune,grid,600,700,3,0.3433
schedule_retune,grid,600,700,4,0.3523
schedule_retune,grid,600,800,0,0.3493
schedule_retune,grid,600,800,1,0.3463
schedule_retune,grid,600,800,2,0.3459
schedule_retune,grid,600,800,3,0.3470
schedule_retune,grid,600,800,4,0.3572
schedule_retune,grid,600,900,0,1.2092
schedule_retune,grid,600,900,1,0.3580
schedule_retune,grid,600,900,2,0.3586
schedule_retune,grid,600,900,3,0.3431
schedule_retune,grid,600,900,4,0.3216
schedule_retune,grid,600,1000,0,1.3146
schedule_retune,grid,600,1000,1,0.3417
schedule_retune,grid,600,1000,2,0.3061
schedule_retune,grid,600,1000,3,0.3058
schedule_retune,grid,600,1000,4,0.3097
schedule_retune,grid,700,100,0,1.1924
schedule_retune,grid,700,100,1,0.3323
schedule_retune,grid,700,100,2,0.3160
schedule_retune,grid,700,100,3,0.3074
schedule_retune,grid,700,100,4,0.3473
schedule_retune,grid,700,200,0,1.3107
schedule_retune,grid,700,200,1,0.3440
schedule_retune,grid,700,200,2,0.3061
schedule_retune,grid,700,200,3,0.3092
schedule_retune,grid,700,200,4,0.3063
schedule_retune,grid,700,300,0,0.3440
schedule_retune,grid,700,300,1,0.3595
schedule_retune,grid,700,300,2,0.3519
schedule_retune,grid,700,300,3,0.3344
schedule_retune,grid,700,300,4,0.3458
schedule_retune,grid,700,400,0,0.3084
schedule_retune,grid,700,400,1,0.3430
schedule_retune,grid,700,400,2,0.3552
schedule_retune,grid,700,400,3,0.3483
schedule_retune,grid,700,400,4,0.3358
schedule_retune,grid,700,500,0,0.3197
schedule_retune,grid,700,500,1,0.3045
schedule_retune,grid,700,500,2,0.3055
schedule_retune,grid,700,500,3,0.3596
schedule_retune,grid,700,500,4,0.3184
schedule_retune,grid,700,600,0,0.3478
schedule_retune,grid,700,600,1,0.3523
schedule_retune,grid,700,600,2,0.3447
schedule_retune,grid,700,600,3,0.3114
schedule_retune,grid,700,600,4,0.3056
schedule_retune,grid,700,700,0,0.3453
schedule_retune,grid,700,700,1,0.3085
schedule_retune,grid,700,700,2,0.3091
schedule_retune,grid,700,700,3,0.3101
schedule_retune,grid,700,700,4,0.3064
schedule_retune,grid,700,800,0,0.3421
schedule_retune,grid,700,800,1,0.3097
schedule_retune,grid,700,800,2,0.3565
schedule_retune,grid,700,800,3,0.3439
schedule_retune,grid,700,800,4,0.3105
schedule_retune,grid,700,900,0,1.1774
schedule_retune,grid,700,900,1,0.3463
schedule_retune,grid,700,900,2,0.3446
schedule_retune,grid,700,900,3,0.3077
schedule_retune,grid,700,900,4,0.3442
schedule_retune,grid,700,1000,0,1.3149
schedule_retune,grid,700,1000,1,0.3442
schedule_retune,grid,700,1000,2,0.3533
schedule_retune,grid,700,1000,3,0.3484
schedule_retune,grid,700,1000,4,0.3565
schedule_retune,grid,800,100,0,1.2022
schedule_retune,grid,800,100,1,0.3462
schedule_retune,grid,800,100,2,0.3227
schedule_retune,grid,800,100,3,0.3537
schedule_retune,grid,800,100,4,0.3561
schedule_retune,grid,800,200,0,1.3189
schedule_retune,grid,800,200,1,0.3467
schedule_retune,grid,800,200,2,0.3500
schedule_retune,grid,800,200,3,0.3454
schedule_retune,grid,800,200,4,0.3344
schedule_retune,grid,800,300,0,0.3463
schedule_retune,grid,800,300,1,0.3214
schedule_retune,grid,800,300,2,0.3176
schedule_retune,grid,800,300,3,0.3480
schedule_retune,grid,800,300,4,0.3560
schedule_retune,grid,800,400,0,0.3444
schedule_retune,grid,800,400,1,0.3499
schedule_retune,grid,800,400,2,0.3497
schedule_retune,grid,800,400,3,0.3447
schedule_retune,grid,800,400,4,0.3536
schedule_retune,grid,800,500,0,0.3458
schedule_retune,grid,800,500,1,0.3480
schedule_retune,grid,800,500,2,0.3543
schedule_retune,grid,800,500,3,0.3257
schedule_retune,grid,800,500,4,0.3470
schedule_retune,grid,800,600,0,0.3501
schedule_retune,grid,800,600,1,0.3428
schedule_retune,grid,800,600,2,0.3551
schedule_retune,grid,800,600,3,0.3106
schedule_retune,grid,800,600,4,0.3500
schedule_retune,grid,800,700,0,0.3094
schedule_retune,grid,800,700,1,0.3090
schedule_retune,grid,800,700,2,0.3420
schedule_retune,grid,800,700,3,0.3079
schedule_retune,grid,800,700,4,0.3066
schedule_retune,grid,800,800,0,0.3136
schedule_retune,grid,800,800,1,0.3447
schedule_retune,grid,800,800,2,0.3452
schedule_retune,grid,800,800,3,0.3427
schedule_retune,grid,800,800,4,0.3506
schedule_retune,grid,800,900,0,1.2139
schedule_retune,grid,800,900,1,0.3417
schedule_retune,grid,800,900,2,0.3459
schedule_retune,grid,800,900,3,0.3440
schedule_retune,grid,800,900,4,0.3428
schedule_retune,grid,800,1000,0,1.3125
schedule_retune,grid,800,1000,1,0.3493
schedule_retune,grid,800,1000,2,0.3587
schedule_retune,grid,800,1000,3,0.3458
schedule_retune,grid,800,1000,4,0.3364
schedule_retune,grid,900,100,0,1.2131
schedule_retune,grid,900,100,1,1.2157
schedule_retune,grid,900,100,2,1.2291
schedule_retune,grid,900,100,3,1.3521
schedule_retune,grid,900,100,4,1.3659
schedule_retune,grid,900,200,0,1.4719
schedule_retune,grid,900,200,1,0.4878
schedule_retune,grid,900,200,2,0.4735
schedule_retune,grid,900,200,3,0.5053
schedule_retune,grid,900,200,4,0.3621
schedule_retune,grid,900,300,0,0.5273
schedule_retune,grid,900,300,1,0.4471
schedule_retune,grid,900,300,2,0.3501
schedule_retune,grid,900,300,3,0.3441
schedule_retune,grid,900,300,4,0.4827
schedule_retune,grid,900,400,0,0.5068
schedule_retune,grid,900,400,1,0.3870
schedule_retune,grid,900,400,2,0.4433
schedule_retune,grid,900,400,3,0.4589
schedule_retune,grid,900,400,4,0.4676
schedule_retune,grid,900,500,0,0.4669
schedule_retune,grid,900,500,1,0.3285
schedule_retune,grid,900,500,2,0.4925
schedule_retune,grid,900,500,3,0.4992
schedule_retune,grid,900,500,4,0.4962
schedule_retune,grid,900,600,0,0.4927
schedule_retune,grid,900,600,1,0.5399
schedule_retune,grid,900,600,2,0.3852
schedule_retune,grid,900,600,3,0.3596
schedule_retune,grid,900,600,4,0.4723
schedule_retune,grid,900,700,0,0.4374
schedule_retune,grid,900,700,1,0.4728
schedule_retune,grid,900,700,2,0.4842
schedule_retune,grid,900,700,3,0.3567
schedule_retune,grid,900,700,4,0.4778
schedule_retune,grid,900,800,0,0.4670
schedule_retune,grid,900,800,1,0.5136
schedule_retune,grid,900,800,2,0.3639
schedule_retune,grid,900,800,3,0.3531
schedule_retune,grid,900,800,4,0.3352
schedule_retune,grid,900,900,0,0.3561
schedule_retune,grid,900,900,1,0.3577
schedule_retune,grid,900,900,2,0.3479
schedule_retune,grid,900,900,3,0.4896
schedule_retune,grid,900,900,4,0.4925
schedule_retune,grid,900,1000,0,1.4538
schedule_retune,grid,900,1000,1,0.3958
schedule_retune,grid,900,1000,2,0.4885
schedule_retune,grid,900,1000,3,0.4826
schedule_retune,grid,900,1000,4,0.4757
schedule_retune,grid,1000,100,0,1.2794
schedule_retune,grid,1000,100,1,0.5212
schedule_retune,grid,1000,100,2,0.4828
schedule_retune,grid,1000,100,3,0.3809
schedule_retune,grid,1000,100,4,0.3562
schedule_retune,grid,1000,200,0,1.3324
schedule_retune,grid,1000,200,1,1.4313
schedule_retune,grid,1000,200,2,1.4932
schedule_retune,grid,1000,200,3,1.4940
schedule_retune,grid,1000,200,4,1.4775
schedule_retune,grid,1000,300,0,0.5068
schedule_retune,grid,1000,300,1,0.4714
schedule_retune,grid,1000,300,2,0.4323
schedule_retune,grid,1000,300,3,0.3434
schedule_retune,grid,1000,300,4,0.4469
schedule_retune,grid,1000,400,0,0.5127
schedule_retune,grid,1000,400,1,0.5050
schedule_retune,grid,1000,400,2,0.3665
schedule_retune,grid,1000,400,3,0.3863
schedule_retune,grid,1000,400,4,0.3734
schedule_retune,grid,1000,500,0,0.3564
schedule_retune,grid,1000,500,1,0.3593
schedule_retune,grid,1000,500,2,0.3234
schedule_retune,grid,1000,500,3,0.4014
schedule_retune,grid,1000,500,4,0.4811
schedule_retune,grid,1000,600,0,0.3710
schedule_retune,grid,1000,600,1,0.5057
schedule_retune,grid,1000,600,2,0.4001
schedule_retune,grid,1000,600,3,0.3612
schedule_retune,grid,1000,600,4,0.3595
schedule_retune,grid,1000,700,0,0.4765
schedule_retune,grid,1000,700,1,0.3806
schedule_retune,grid,1000,700,2,0.5642
schedule_retune,grid,1000,700,3,0.4514
schedule_retune,grid,1000,700,4,0.4977
schedule_retune,grid,1000,800,0,0.4277
schedule_retune,grid,1000,800,1,0.4511
schedule_retune,grid,1000,800,2,0.4856
schedule_retune,grid,1000,800,3,0.4903
schedule_retune,grid,1000,800,4,0.3666
schedule_retune,grid,1000,900,0,1.3799
schedule_retune,grid,1000,900,1,0.3581
schedule_retune,grid,1000,900,2,0.4765
schedule_retune,grid,1000,900,3,0.4829
schedule_retune,grid,1000,900,4,0.5067
schedule_retune,grid,1000,1000,0,0.4601
schedule_retune,grid,1000,1000,1,0.5040
schedule_retune,grid,1000,1000,2,0.4633
schedule_retune,grid,1000,1000,3,0.4824
schedule_retune,grid,1000,1000,4,0.4959
