method,iteration,from_hz,to_hz,time_us
set_frequency,0,3411827000,620997000,110273.6
set_frequency,1,620997000,4011215000,110719.8
set_frequency,2,4011215000,1754514000,111190.5
set_frequency,3,1754514000,1467424000,9614.9
set_frequency,4,1467424000,2644974000,9692.4
set_frequency,5,2644974000,1574304000,9666.5
set_frequency,6,1574304000,1583826000,9770.4
set_frequency,7,1583826000,4011215000,110846.2
set_frequency,8,4011215000,5448508000,9645.7
set_frequency,9,5448508000,1062723000,111085.5
set_frequency,10,1062723000,2302280000,110768.3
set_frequency,11,2302280000,4807297000,111028.1
set_frequency,12,4807297000,5171258000,9695.5
set_frequency,13,5171258000,4425628000,9864.7
set_frequency,14,4425628000,5105528000,9715.2
set_frequency,15,5105528000,5842242000,9504.1
set_frequency,16,5842242000,5814421000,9747.8
set_frequency,17,5814421000,5706659000,9725.0
set_frequency,18,5706659000,4991286000,9554.1
set_frequency,19,4991286000,983086000,110542.1
set_frequency,20,983086000,1122627000,9922.0
set_frequency,21,1122627000,5787608000,110700.4
set_frequency,22,5787608000,4774337000,9627.3
set_frequency,23,4774337000,313545000,110526.9
set_frequency,24,313545000,806707000,9480.4
set_frequency,25,806707000,1932929000,110732.6
set_frequency,26,1932929000,3229131000,9539.8
set_frequency,27,3229131000,1917874000,9534.7
set_frequency,28,1917874000,851165000,110307.6
set_frequency,29,851165000,5382210000,111249.1
set_frequency,30,5382210000,4699472000,9537.8
set_frequency,31,4699472000,4378593000,9688.1
set_frequency,32,4378593000,5542715000,9591.6
set_frequency,33,5542715000,4531932000,9510.4
set_frequency,34,4531932000,4659832000,9502.8
set_frequency,35,4659832000,4656072000,9464.2
set_frequency,36,4656072000,4659832000,9484.0
set_frequency,37,4659832000,3940934000,110579.6
set_frequency,38,3940934000,614649000,110580.3
set_frequency,39,614649000,1299175000,9725.1
set_frequency,40,1299175000,368276000,9508.7
set_frequency,41,368276000,5051130000,110762.4
set_frequency,42,5051130000,5171258000,9686.2
set_frequency,43,5171258000,851165000,110793.0
set_frequency,44,851165000,4908324000,110453.2
set_frequency,45,4908324000,4287726000,9558.0
set_frequency,46,4287726000,2724711000,112077.9
set_frequency,47,2724711000,4179709000,112437.1
set_frequency,48,4179709000,529042000,112000.1
set_frequency,49,529042000,1127358000,9765.8
set_frequency,50,1127358000,3438316000,112624.0
set_frequency,51,3438316000,4860929000,109599.4
set_frequency,52,4860929000,5171258000,9531.2
set_frequency,53,5171258000,1754514000,113055.4
set_frequency,54,1754514000,3204829000,9576.2
set_frequency,55,3204829000,1182628000,111134.9
set_frequency,56,1182628000,368276000,9538.7
set_frequency,57,368276000,2817336000,110743.0
set_frequency,58,2817336000,4253769000,110602.8
set_frequency,59,4253769000,5448508000,9708.3
set_frequency,60,5448508000,5814421000,10010.1
set_frequency,61,5814421000,4125715000,9702.9
set_frequency,62,4125715000,1932929000,111473.2
set_frequency,63,1932929000,2618457000,9534.4
set_frequency,64,2618457000,1090209000,109578.1
set_frequency,65,1090209000,2587436000,109071.1
set_frequency,66,2587436000,2123070000,9391.4
set_frequency,67,2123070000,4539510000,108035.7
set_frequency,68,4539510000,2132462000,110903.8
set_frequency,69,2132462000,5842242000,110595.3
set_frequency,70,5842242000,2144882000,110274.6
set_frequency,71,2144882000,3768479000,9753.1
set_frequency,72,3768479000,529042000,110898.8
set_frequency,73,529042000,5784106000,111339.7
set_frequency,74,5784106000,4011215000,9747.2
set_frequency,75,4011215000,362614000,110453.0
set_frequency,76,362614000,2524718000,111219.9
set_frequency,77,2524718000,3971465000,9629.5
set_frequency,78,3971465000,607623000,110993.8
set_frequency,79,607623000,5814421000,111046.6
set_frequency,80,5814421000,2440844000,112394.4
set_frequency,81,2440844000,1127358000,111296.0
set_frequency,82,1127358000,5515396000,111138.3
set_frequency,83,5515396000,3926289000,110913.9
set_frequency,84,3926289000,1754514000,9676.4
set_frequency,85,1754514000,983086000,111402.0
set_frequency,86,983086000,4991756000,110990.2
set_frequency,87,4991756000,5767270000,9621.1
set_frequency,88,5767270000,1244897000,110681.1
set_frequency,89,1244897000,3868688000,111376.0
set_frequency,90,3868688000,2899354000,9519.4
set_frequency,91,2899354000,1850231000,9990.2
set_frequency,92,1850231000,4729186000,112037.7
set_frequency,93,4729186000,5792931000,9704.6
set_frequency,94,5792931000,806707000,112535.2
set_frequency,95,806707000,4531932000,111171.0
set_frequency,96,4531932000,1062723000,111316.8
set_frequency,97,1062723000,3961329000,110603.1
set_frequency,98,3961329000,4919121000,110688.0
set_frequency,99,4919121000,5649354000,9607.9
set_frequency,100,5649354000,734421000,111032.0
set_frequency,101,734421000,3961329000,111023.1
set_frequency,102,3961329000,669176000,110828.5
set_frequency,103,669176000,5850838000,111594.9
set_frequency,104,5850838000,5809728000,9556.8
set_frequency,105,5809728000,1122627000,111131.0
set_frequency,106,1122627000,3768479000,110699.7
set_frequency,107,3768479000,466319000,111944.7
set_frequency,108,466319000,4991286000,110121.2
set_frequency,109,4991286000,1090209000,109972.9
set_frequency,110,1090209000,2414232000,111840.2
set_frequency,111,2414232000,250861000,109519.4
set_frequency,112,250861000,5152480000,109825.9
set_frequency,113,5152480000,3114789000,109554.9
set_frequency,114,3114789000,5171258000,109030.5
set_frequency,115,5171258000,3190659000,109734.5
set_frequency,116,3190659000,2427898000,9450.5
set_frequency,117,2427898000,5136735000,109120.9
set_frequency,118,5136735000,1467424000,109878.4
set_frequency,119,1467424000,620997000,110535.0
set_frequency,120,620997000,5809728000,110570.7
set_frequency,121,5809728000,1725416000,110344.7
set_frequency,122,1725416000,2178758000,9559.2
set_frequency,123,2178758000,2977964000,9766.3
set_frequency,124,2977964000,2036015000,9487.3
set_frequency,125,2036015000,409259000,110257.0
set_frequency,126,409259000,5767270000,110792.5
set_frequency,127,5767270000,4287726000,9519.1
set_frequency,128,4287726000,3090770000,111213.2
set_frequency,129,3090770000,4659832000,111171.2
set_frequency,130,4659832000,851165000,110504.3
set_frequency,131,851165000,2724711000,110786.1
set_frequency,132,2724711000,3208934000,9517.6
set_frequency,133,3208934000,2977964000,9926.5
set_frequency,134,2977964000,4659832000,111455.5
set_frequency,135,4659832000,3327586000,110228.5
set_frequency,136,3327586000,5517124000,109787.4
set_frequency,137,5517124000,514438000,110827.6
set_frequency,138,514438000,5615894000,111583.6
set_frequency,139,5615894000,4179709000,9634.1
set_frequency,140,4179709000,1754514000,111510.6
set_frequency,141,1754514000,2123070000,9933.2
set_frequency,142,2123070000,3962145000,10153.1
set_frequency,143,3962145000,3190659000,9701.1
set_frequency,144,3190659000,2849492000,9732.3
set_frequency,145,2849492000,1260099000,110898.6
set_frequency,146,1260099000,2302280000,111062.7
set_frequency,147,2302280000,2048526000,9529.3
set_frequency,148,2048526000,1392849000,9582.3
set_frequency,149,1392849000,5850838000,111391.6
set_frequency,150,5850838000,4125715000,9633.9
set_frequency,151,4125715000,4560226000,9805.5
set_frequency,152,4560226000,5814421000,9921.8
set_frequency,153,5814421000,4930301000,9699.7
set_frequency,154,4930301000,2132462000,110270.8
set_frequency,155,2132462000,409259000,110003.3
set_frequency,156,409259000,2144882000,110499.2
set_frequency,157,2144882000,3940934000,9678.4
set_frequency,158,3940934000,1574304000,9680.4
set_frequency,159,1574304000,2123070000,9730.3
set_frequency,160,2123070000,806707000,109701.7
set_frequency,161,806707000,5731408000,110826.5
set_frequency,162,5731408000,983086000,111830.0
set_frequency,163,983086000,5517124000,111249.7
set_frequency,164,5517124000,1602023000,110580.0
set_frequency,165,1602023000,4908324000,110918.9
set_frequency,166,4908324000,5542715000,9526.1
set_frequency,167,5542715000,669176000,110405.1
set_frequency,168,669176000,1186102000,9489.2
set_frequency,169,1186102000,4300454000,110959.2
set_frequency,170,4300454000,1186102000,110366.7
set_frequency,171,1186102000,5515396000,111245.8
set_frequency,172,5515396000,3411827000,110516.3
set_frequency,173,3411827000,1495794000,9497.0
set_frequency,174,1495794000,466319000,110684.5
set_frequency,175,466319000,2526819000,110241.1
set_frequency,176,2526819000,88156000,110115.3
set_frequency,177,88156000,1754514000,110091.0
set_frequency,178,1754514000,1917874000,9648.4
set_frequency,179,1917874000,2552053000,9529.6
set_frequency,180,2552053000,1186102000,110488.3
set_frequency,181,1186102000,3089419000,109423.7
set_frequency,182,3089419000,5156896000,109885.5
set_frequency,183,5156896000,5787608000,9530.3
set_frequency,184,5787608000,3940934000,110321.9
set_frequency,185,3940934000,409259000,110733.8
set_frequency,186,409259000,3075075000,111263.7
set_frequency,187,3075075000,1186102000,111003.6
set_frequency,188,1186102000,3689979000,110075.8
set_frequency,189,3689979000,2152277000,9744.6
set_frequency,190,2152277000,3114789000,9608.6
set_frequency,191,3114789000,2440844000,9640.1
set_frequency,192,2440844000,2144882000,9578.1
set_frequency,193,2144882000,2977964000,9581.1
set_frequency,194,2977964000,2526819000,9492.8
set_frequency,195,2526819000,3613525000,9503.2
set_frequency,196,3613525000,734421000,111100.3
set_frequency,197,734421000,2301890000,110303.0
set_frequency,198,2301890000,5051130000,111317.2
set_frequency,199,5051130000,2123070000,109887.9
set_frequency,200,2123070000,2048526000,9728.5
set_frequency,201,2048526000,2552053000,9684.1
set_frequency,202,2552053000,3210724000,9611.3
set_frequency,203,3210724000,4173784000,110929.4
set_frequency,204,4173784000,1754514000,110946.5
set_frequency,205,1754514000,1048568000,111345.6
set_frequency,206,1048568000,4860929000,110943.4
set_frequency,207,4860929000,5515396000,9705.7
set_frequency,208,5515396000,2117446000,110984.2
set_frequency,209,2117446000,2123070000,9814.4
set_frequency,210,2123070000,4526622000,110817.5
set_frequency,211,4526622000,3926289000,110886.4
set_frequency,212,3926289000,215643000,110820.4
set_frequency,213,215643000,1127358000,9746.7
set_frequency,214,1127358000,1459521000,109839.7
set_frequency,215,1459521000,620997000,110121.8
set_frequency,216,620997000,4699472000,110573.0
set_frequency,217,4699472000,313545000,110998.7
set_frequency,218,313545000,4325987000,110952.7
set_frequency,219,4325987000,5784106000,9721.8
set_frequency,220,5784106000,4531932000,9671.3
set_frequency,221,4531932000,5787608000,9480.5
set_frequency,222,5787608000,1122627000,109716.6
set_frequency,223,1122627000,2524718000,110616.4
set_frequency,224,2524718000,5004415000,111470.9
set_frequency,225,5004415000,3961329000,111009.9
set_frequency,226,3961329000,694714000,110985.1
set_frequency,227,694714000,5382210000,111171.3
set_frequency,228,5382210000,4287726000,9744.3
set_frequency,229,4287726000,466319000,110462.0
set_frequency,230,466319000,4699472000,109823.7
set_frequency,231,4699472000,2132462000,110825.3
set_frequency,232,2132462000,2280495000,10029.8
set_frequency,233,2280495000,5152480000,110319.1
set_frequency,234,5152480000,2522568000,111004.2
set_frequency,235,2522568000,3411827000,9747.8
set_frequency,236,3411827000,2414232000,9722.2
set_frequency,237,2414232000,250861000,111594.1
set_frequency,238,250861000,5784106000,110697.9
set_frequency,239,5784106000,5820560000,9667.5
set_frequency,240,5820560000,851165000,111517.7
set_frequency,241,851165000,4919121000,110071.9
set_frequency,242,4919121000,2152277000,109286.9
set_frequency,243,2152277000,1090209000,109690.4
set_frequency,244,1090209000,4011215000,110817.0
set_frequency,245,4011215000,2618457000,112244.1
set_frequency,246,2618457000,3204829000,9876.1
set_frequency,247,3204829000,5767270000,110373.4
set_frequency,248,5767270000,5784106000,9725.3
set_frequency,249,5784106000,313545000,110869.0
set_frequency,250,313545000,5517124000,110609.6
set_frequency,251,5517124000,4656072000,9640.0
set_frequency,252,4656072000,2440844000,111434.5
set_frequency,253,2440844000,3411827000,9675.9
set_frequency,254,3411827000,2152277000,9782.5
set_frequency,255,2152277000,3953671000,9696.6
set_frequency,256,3953671000,5115680000,110153.7
set_frequency,257,5115680000,1574304000,110277.8
set_frequency,258,1574304000,3411827000,10132.9
set_frequency,259,3411827000,3190659000,9709.3
set_frequency,260,3190659000,3090770000,9754.8
set_frequency,261,3090770000,4469431000,110663.9
set_frequency,262,4469431000,2144882000,111603.6
set_frequency,263,2144882000,3971465000,9605.9
set_frequency,264,3971465000,2389036000,9716.1
set_frequency,265,2389036000,2849492000,9688.6
set_frequency,266,2849492000,4179709000,110536.5
set_frequency,267,4179709000,3940934000,110053.7
set_frequency,268,3940934000,1541234000,9555.4
set_frequency,269,1541234000,3940934000,9689.8
set_frequency,270,3940934000,588060000,110583.7
set_frequency,271,588060000,4774337000,111189.2
set_frequency,272,4774337000,5731408000,9725.1
set_frequency,273,5731408000,669176000,110868.3
set_frequency,274,669176000,2552053000,110963.0
set_frequency,275,2552053000,5711844000,110712.9
set_frequency,276,5711844000,851165000,111328.5
set_frequency,277,851165000,3210724000,111451.3
set_frequency,278,3210724000,3613525000,9607.2
set_frequency,279,3613525000,1725416000,9529.0
set_frequency,280,1725416000,4469431000,111153.0
set_frequency,281,4469431000,3944584000,110353.0
set_frequency,282,3944584000,5649354000,109838.6
set_frequency,283,5649354000,3089419000,111907.0
set_frequency,284,3089419000,4991286000,109531.1
set_frequency,285,4991286000,4560226000,9557.6
set_frequency,286,4560226000,5143823000,9519.6
set_frequency,287,5143823000,1495794000,108812.8
set_frequency,288,1495794000,5382210000,110362.1
set_frequency,289,5382210000,5814421000,9635.6
set_frequency,290,5814421000,3689979000,110424.6
set_frequency,291,3689979000,3190659000,9909.6
set_frequency,292,3190659000,2226246000,9650.7
set_frequency,293,2226246000,2280495000,9659.0
set_frequency,294,2280495000,2552053000,9466.2
set_frequency,295,2552053000,656173000,110274.0
set_frequency,296,656173000,1486299000,111422.0
set_frequency,297,1486299000,3153248000,10050.8
set_frequency,298,3153248000,2544704000,9511.4
set_frequency,299,2544704000,5814421000,111977.4
set_frequency,300,5814421000,1486299000,110748.5
set_frequency,301,1486299000,3117175000,9598.3
set_frequency,302,3117175000,5267371000,110357.0
set_frequency,303,5267371000,529042000,110750.1
set_frequency,304,529042000,4699472000,111970.3
set_frequency,305,4699472000,5483667000,9733.9
set_frequency,306,5483667000,4011215000,9672.0
set_frequency,307,4011215000,2178758000,110300.7
set_frequency,308,2178758000,1341552000,9677.1
set_frequency,309,1341552000,2132462000,9726.3
set_frequency,310,2132462000,2226246000,9610.0
set_frequency,311,2226246000,529042000,110533.1
set_frequency,312,529042000,2257958000,111199.7
set_frequency,313,2257958000,1307818000,9647.4
set_frequency,314,1307818000,5649354000,110565.0
set_frequency,315,5649354000,2067051000,110946.3
set_frequency,316,2067051000,5787608000,111505.4
set_frequency,317,5787608000,510425000,110647.4
set_frequency,318,510425000,4659832000,111226.5
set_frequency,319,4659832000,1307818000,111504.7
set_frequency,320,1307818000,4919121000,111084.1
set_frequency,321,4919121000,1260099000,111051.8
set_frequency,322,1260099000,4919121000,110309.0
set_frequency,323,4919121000,4300454000,9605.7
set_frequency,324,4300454000,3689979000,110609.9
set_frequency,325,3689979000,1583826000,9675.2
set_frequency,326,1583826000,588060000,110545.7
set_frequency,327,588060000,5517124000,111150.6
set_frequency,328,5517124000,1541234000,110218.6
set_frequency,329,1541234000,3117175000,9538.1
set_frequency,330,3117175000,5275991000,110871.7
set_frequency,331,5275991000,1917874000,111496.8
set_frequency,332,1917874000,2899354000,9672.9
set_frequency,333,2899354000,3438316000,9620.7
set_frequency,334,3438316000,3114789000,9570.8
set_frequency,335,3114789000,5517124000,111026.6
set_frequency,336,5517124000,5792931000,9665.9
set_frequency,337,5792931000,4774337000,9719.0
set_frequency,338,4774337000,5126046000,9661.3
set_frequency,339,5126046000,2017544000,110327.3
set_frequency,340,2017544000,5842242000,111034.8
set_frequency,341,5842242000,5842242000,1587.8
set_frequency,342,5842242000,1392849000,110104.6
set_frequency,343,1392849000,4151623000,109816.4
set_frequency,344,4151623000,5483667000,9585.8
set_frequency,345,5483667000,4774337000,9522.6
set_frequency,346,4774337000,3075075000,109565.2
set_frequency,347,3075075000,2389036000,9542.2
set_frequency,348,2389036000,5126046000,110221.9
set_frequency,349,5126046000,1917874000,109955.8
set_frequency,350,1917874000,4860929000,110014.1
set_frequency,351,4860929000,313545000,109786.8
set_frequency,352,313545000,4860929000,110464.7
set_frequency,353,4860929000,2152277000,110819.6
set_frequency,354,2152277000,2931943000,9645.0
set_frequency,355,2931943000,1392849000,9582.6
set_frequency,356,1392849000,4991756000,110614.4
set_frequency,357,4991756000,4876252000,9735.1
set_frequency,358,4876252000,3089419000,109270.2
set_frequency,359,3089419000,694714000,109393.9
set_frequency,360,694714000,131695000,9560.8
set_frequency,361,131695000,4876252000,110820.2
set_frequency,362,4876252000,4659832000,9501.4
set_frequency,363,4659832000,1917874000,109283.5
set_frequency,364,1917874000,2017544000,9554.8
set_frequency,365,2017544000,4287726000,110166.2
set_frequency,366,4287726000,362614000,110090.5
set_frequency,367,362614000,5448508000,109454.0
set_frequency,368,5448508000,5814421000,9542.9
set_frequency,369,5814421000,5731408000,9539.4
set_frequency,370,5731408000,5171258000,9541.9
set_frequency,371,5171258000,3190659000,110141.7
set_frequency,372,3190659000,2036015000,9521.0
set_frequency,373,2036015000,3962145000,9523.4
set_frequency,374,3962145000,5711844000,109634.0
set_frequency,375,5711844000,1486299000,109521.9
set_frequency,376,1486299000,5787608000,109453.8
set_frequency,377,5787608000,2552053000,109434.4
set_frequency,378,2552053000,5515396000,109935.3
set_frequency,379,5515396000,2117446000,109206.6
set_frequency,380,2117446000,2849492000,9539.5
set_frequency,381,2849492000,4173784000,109837.8
set_frequency,382,4173784000,553659000,110280.9
set_frequency,383,553659000,4011215000,110864.9
set_frequency,384,4011215000,5691104000,9728.4
set_frequency,385,5691104000,3153248000,110621.3
set_frequency,386,3153248000,919575000,109305.7
set_frequency,387,919575000,4151623000,109444.0
set_frequency,388,4151623000,2526819000,109092.2
set_frequency,389,2526819000,5820560000,109348.3
set_frequency,390,5820560000,1725416000,110131.4
set_frequency,391,1725416000,2146569000,9756.7
set_frequency,392,2146569000,1583826000,9725.9
set_frequency,393,1583826000,2414232000,9621.2
set_frequency,394,2414232000,3961329000,9578.0
set_frequency,395,3961329000,1122627000,111046.7
set_frequency,396,1122627000,5381882000,111205.8
set_frequency,397,5381882000,4919121000,9570.2
set_frequency,398,4919121000,3190659000,109505.7
set_frequency,399,3190659000,4531932000,109914.4
set_frequency,400,4531932000,5711844000,9540.5
set_frequency,401,5711844000,5731408000,9561.9
set_frequency,402,5731408000,2226246000,110457.9
set_frequency,403,2226246000,3438316000,9539.8
set_frequency,404,3438316000,3624944000,9640.6
set_frequency,405,3624944000,1725416000,9551.2
set_frequency,406,1725416000,1956218000,9630.6
set_frequency,407,1956218000,2146569000,9542.8
set_frequency,408,2146569000,1260099000,109337.3
set_frequency,409,1260099000,2427898000,110083.7
set_frequency,410,2427898000,620997000,109030.7
set_frequency,411,620997000,2522568000,109571.7
set_frequency,412,2522568000,4378593000,109689.9
set_frequency,413,4378593000,607623000,109514.2
set_frequency,414,607623000,1048568000,9491.9
set_frequency,415,1048568000,5571280000,109977.2
set_frequency,416,5571280000,131695000,109394.4
set_frequency,417,131695000,3114789000,109296.6
set_frequency,418,3114789000,4908324000,111189.7
set_frequency,419,4908324000,2849492000,109601.8
set_frequency,420,2849492000,3090770000,9506.4
set_frequency,421,3090770000,771620000,111772.3
set_frequency,422,771620000,1725416000,110454.3
set_frequency,423,1725416000,2389036000,9561.3
set_frequency,424,2389036000,806707000,110718.5
set_frequency,425,806707000,1574304000,109305.5
set_frequency,426,1574304000,2644974000,9518.6
set_frequency,427,2644974000,1467424000,9552.9
set_frequency,428,1467424000,5706659000,109484.5
set_frequency,429,5706659000,5571280000,9511.4
set_frequency,430,5571280000,3868688000,109879.4
set_frequency,431,3868688000,2117446000,9685.9
set_frequency,432,2117446000,5105528000,112781.1
set_frequency,433,5105528000,2301890000,111931.4
set_frequency,434,2301890000,368276000,110678.1
set_frequency,435,368276000,1090209000,9537.8
set_frequency,436,1090209000,734421000,9542.1
set_frequency,437,734421000,4287726000,109467.1
set_frequency,438,4287726000,741030000,111013.3
set_frequency,439,741030000,1956218000,110090.9
set_frequency,440,1956218000,2552053000,9764.3
set_frequency,441,2552053000,466319000,110919.1
set_frequency,442,466319000,5156896000,110261.4
set_frequency,443,5156896000,3624944000,110973.2
set_frequency,444,3624944000,1048568000,110591.5
set_frequency,445,1048568000,5275991000,109738.0
set_frequency,446,5275991000,3089419000,109855.9
set_frequency,447,3089419000,4526622000,109569.8
set_frequency,448,4526622000,1459521000,111309.5
set_frequency,449,1459521000,5515396000,109864.8
set_frequency,450,5515396000,2552053000,109425.4
set_frequency,451,2552053000,2017544000,9596.7
set_frequency,452,2017544000,2427898000,9461.8
set_frequency,453,2427898000,2152277000,9640.2
set_frequency,454,2152277000,5051130000,109343.4
set_frequency,455,5051130000,3204829000,110926.0
set_frequency,456,3204829000,3166335000,9459.5
set_frequency,457,3166335000,2489392000,9679.9
set_frequency,458,2489392000,2036015000,9650.7
set_frequency,459,2036015000,5731408000,110292.4
set_frequency,460,5731408000,5382210000,9560.2
set_frequency,461,5382210000,2146569000,110639.1
set_frequency,462,2146569000,466319000,109972.9
set_frequency,463,466319000,3624944000,110277.2
set_frequency,464,3624944000,620997000,110829.9
set_frequency,465,620997000,2618457000,111729.9
set_frequency,466,2618457000,669176000,111925.2
set_frequency,467,669176000,2302280000,111132.7
set_frequency,468,2302280000,131695000,111106.2
set_frequency,469,131695000,983086000,9594.9
set_frequency,470,983086000,5711844000,110688.6
set_frequency,471,5711844000,4941757000,9620.5
set_frequency,472,4941757000,1467424000,111396.4
set_frequency,473,1467424000,2117446000,10040.1
set_frequency,474,2117446000,694714000,110542.6
set_frequency,475,694714000,250861000,9479.6
set_frequency,476,250861000,131695000,9503.2
set_frequency,477,131695000,3961329000,109763.7
set_frequency,478,3961329000,1932929000,9636.4
set_frequency,479,1932929000,3438316000,9520.5
set_frequency,480,3438316000,5143823000,111654.7
set_frequency,481,5143823000,983086000,110327.2
set_frequency,482,983086000,313545000,9489.9
set_frequency,483,313545000,88156000,9523.2
set_frequency,484,88156000,4930301000,110507.6
set_frequency,485,4930301000,3208934000,110670.5
set_frequency,486,3208934000,215643000,110621.6
set_frequency,487,215643000,5792931000,110554.9
set_frequency,488,5792931000,553659000,111415.7
set_frequency,489,553659000,1754514000,110493.2
set_frequency,490,1754514000,1541234000,9916.2
set_frequency,491,1541234000,2117446000,9576.0
set_frequency,492,2117446000,5382210000,111380.1
set_frequency,493,5382210000,4287726000,9722.5
set_frequency,494,4287726000,2389036000,110348.1
set_frequency,495,2389036000,5809728000,109834.2
set_frequency,496,5809728000,131695000,110621.9
set_frequency,497,131695000,4807297000,111033.1
set_frequency,498,4807297000,1090209000,110434.5
set_frequency,499,1090209000,3204829000,111169.2
set_frequency,500,3204829000,3208934000,9567.3
set_frequency,501,3208934000,5143823000,110445.5
set_frequency,502,5143823000,4287726000,9528.7
set_frequency,503,4287726000,4526622000,9513.4
set_frequency,504,4526622000,5382210000,9483.5
set_frequency,505,5382210000,2178758000,108292.3
set_frequency,506,2178758000,1932929000,9397.5
set_frequency,507,1932929000,2618457000,9425.4
set_frequency,508,2618457000,3411827000,9474.4
set_frequency,509,3411827000,2977964000,9483.6
set_frequency,510,2977964000,2036015000,9484.3
set_frequency,511,2036015000,1122627000,109300.6
set_frequency,512,1122627000,1127358000,9558.6
set_frequency,513,1127358000,851165000,9523.3
set_frequency,514,851165000,5275991000,111182.5
set_frequency,515,5275991000,694714000,108916.5
set_frequency,516,694714000,510425000,9413.4
set_frequency,517,510425000,1541234000,110100.7
set_frequency,518,1541234000,2544704000,10405.6
set_frequency,519,2544704000,5842242000,110892.9
set_frequency,520,5842242000,1849473000,110302.8
set_frequency,521,1849473000,1062723000,109603.5
set_frequency,522,1062723000,1048568000,9705.4
set_frequency,523,1048568000,2544704000,110340.9
set_frequency,524,2544704000,5814421000,109736.8
set_frequency,525,5814421000,5842242000,9863.6
set_frequency,526,5842242000,2489392000,110225.5
set_frequency,527,2489392000,514438000,111011.4
set_frequency,528,514438000,5571280000,110128.6
set_frequency,529,5571280000,5711844000,9785.3
set_frequency,530,5711844000,1459521000,111035.2
set_frequency,531,1459521000,5814421000,109964.0
set_frequency,532,5814421000,2301890000,110685.5
set_frequency,533,2301890000,2144882000,9588.2
set_frequency,534,2144882000,3962145000,9561.5
set_frequency,535,3962145000,5267371000,110252.3
set_frequency,536,5267371000,5820560000,9705.2
set_frequency,537,5820560000,4991756000,9675.8
set_frequency,538,4991756000,1182628000,110390.1
set_frequency,539,1182628000,5809728000,110332.8
set_frequency,540,5809728000,3153248000,108782.9
set_frequency,541,3153248000,4531932000,108662.6
set_frequency,542,4531932000,614649000,109430.8
set_frequency,543,614649000,5267371000,110888.3
set_frequency,544,5267371000,694714000,110328.2
set_frequency,545,694714000,741030000,9617.9
set_frequency,546,741030000,2427898000,109810.8
set_frequency,547,2427898000,4807297000,110553.7
set_frequency,548,4807297000,215643000,111255.5
set_frequency,549,215643000,4656072000,109600.4
set_frequency,550,4656072000,5571280000,9529.7
set_frequency,551,5571280000,4656072000,9581.7
set_frequency,552,4656072000,5706659000,9493.9
set_frequency,553,5706659000,2048526000,110271.0
set_frequency,554,2048526000,3953671000,9521.6
set_frequency,555,3953671000,694714000,110468.1
set_frequency,556,694714000,1299175000,9757.4
set_frequency,557,1299175000,4090387000,110713.1
set_frequency,558,4090387000,4300454000,9522.9
set_frequency,559,4300454000,3210724000,111427.6
set_frequency,560,3210724000,2389036000,9502.1
set_frequency,561,2389036000,5462635000,110810.0
set_frequency,562,5462635000,620997000,109591.0
set_frequency,563,620997000,3962145000,110739.2
set_frequency,564,3962145000,5105528000,110522.8
set_frequency,565,5105528000,5136735000,9538.3
set_frequency,566,5136735000,5820560000,9707.1
set_frequency,567,5820560000,2526819000,111221.5
set_frequency,568,2526819000,5706659000,111336.6
set_frequency,569,5706659000,4469431000,9491.3
set_frequency,570,4469431000,4526622000,9541.5
set_frequency,571,4526622000,5448508000,9521.7
set_frequency,572,5448508000,4941757000,9868.0
set_frequency,573,4941757000,3961329000,111063.0
set_frequency,574,3961329000,5381882000,111286.3
set_frequency,575,5381882000,3940934000,110139.8
set_frequency,576,3940934000,3940934000,9689.5
set_frequency,577,3940934000,2017544000,9726.0
set_frequency,578,2017544000,514438000,109721.0
set_frequency,579,514438000,5731408000,110608.0
set_frequency,580,5731408000,4325987000,9678.4
set_frequency,581,4325987000,2849492000,110670.7
set_frequency,582,2849492000,2414232000,9490.3
set_frequency,583,2414232000,741030000,110370.0
set_frequency,584,741030000,5143823000,110523.3
set_frequency,585,5143823000,3064951000,111405.8
set_frequency,586,3064951000,2036015000,9835.0
set_frequency,587,2036015000,5267371000,111219.3
set_frequency,588,5267371000,5462635000,9687.4
set_frequency,589,5462635000,2301890000,110600.9
set_frequency,590,2301890000,131695000,111251.2
set_frequency,591,131695000,3210724000,111117.6
set_frequency,592,3210724000,1307018000,9706.6
set_frequency,593,1307018000,2389036000,9745.3
set_frequency,594,2389036000,2257958000,9911.8
set_frequency,595,2257958000,3327586000,9709.2
set_frequency,596,3327586000,5850838000,111792.3
set_frequency,597,5850838000,1392849000,111544.2
set_frequency,598,1392849000,4090387000,111415.1
set_frequency,599,4090387000,2440844000,110811.7
set_frequency,600,2440844000,5267371000,111094.1
set_frequency,601,5267371000,620997000,111207.4
set_frequency,602,620997000,2977964000,109766.5
set_frequency,603,2977964000,3962145000,9519.2
set_frequency,604,3962145000,5462635000,110752.2
set_frequency,605,5462635000,4659832000,9617.9
set_frequency,606,4659832000,4287726000,9687.6
set_frequency,607,4287726000,3064951000,111146.0
set_frequency,608,3064951000,5814421000,111974.9
set_frequency,609,5814421000,788751000,110975.8
set_frequency,610,788751000,2905112000,110385.4
set_frequency,611,2905112000,4908324000,110729.4
set_frequency,612,4908324000,4253769000,9520.8
set_frequency,613,4253769000,2067051000,110311.1
set_frequency,614,2067051000,5731408000,109896.2
set_frequency,615,5731408000,3961329000,110554.3
set_frequency,616,3961329000,4425628000,110807.7
set_frequency,617,4425628000,3090770000,112111.2
set_frequency,618,3090770000,1244897000,110789.6
set_frequency,619,1244897000,5792931000,111394.9
set_frequency,620,5792931000,2931943000,109871.6
set_frequency,621,2931943000,1849473000,9487.7
set_frequency,622,1849473000,510425000,110688.1
set_frequency,623,510425000,5814421000,111078.5
set_frequency,624,5814421000,5784106000,9717.5
set_frequency,625,5784106000,5515396000,9898.8
set_frequency,626,5515396000,1341552000,110533.6
set_frequency,627,1341552000,2146569000,9695.6
set_frequency,628,2146569000,2301890000,9538.6
set_frequency,629,2301890000,3190659000,9523.0
set_frequency,630,3190659000,4179709000,111143.6
set_frequency,631,4179709000,1850231000,110646.5
set_frequency,632,1850231000,2544704000,9673.3
set_frequency,633,2544704000,4876252000,111225.0
set_frequency,634,4876252000,4531932000,9545.8
set_frequency,635,4531932000,3704037000,111389.8
set_frequency,636,3704037000,2724711000,9676.5
set_frequency,637,2724711000,5483667000,110732.2
set_frequency,638,5483667000,5126046000,9558.5
set_frequency,639,5126046000,5792931000,9758.4
set_frequency,640,5792931000,3075075000,110594.2
set_frequency,641,3075075000,4300454000,111033.2
set_frequency,642,4300454000,1541234000,110114.0
set_frequency,643,1541234000,3868688000,9685.0
set_frequency,644,3868688000,5171258000,110702.1
set_frequency,645,5171258000,919575000,109854.9
set_frequency,646,919575000,3944584000,111109.7
set_frequency,647,3944584000,4876252000,110954.1
set_frequency,648,4876252000,2644974000,109767.3
set_frequency,649,2644974000,313255000,110630.6
set_frequency,650,313255000,771620000,9923.9
set_frequency,651,771620000,771620000,1603.2
set_frequency,652,771620000,4941757000,110601.6
set_frequency,653,4941757000,4860929000,9479.9
set_frequency,654,4860929000,2280495000,109289.9
set_frequency,655,2280495000,607623000,108952.7
set_frequency,656,607623000,4173784000,109215.7
set_frequency,657,4173784000,4531932000,9746.0
set_frequency,658,4531932000,5448508000,9543.5
set_frequency,659,5448508000,5286163000,9725.0
set_frequency,660,5286163000,2226246000,111335.2
set_frequency,661,2226246000,1754514000,9546.5
set_frequency,662,1754514000,5105528000,110601.4
set_frequency,663,5105528000,5171258000,9643.5
set_frequency,664,5171258000,3624944000,110904.5
set_frequency,665,3624944000,5004415000,110542.7
set_frequency,666,5004415000,694714000,110620.4
set_frequency,667,694714000,510425000,9704.8
set_frequency,668,510425000,4300454000,111329.4
set_frequency,669,4300454000,5152480000,9724.8
set_frequency,670,5152480000,4179709000,9601.6
set_frequency,671,4179709000,4378593000,10052.2
set_frequency,672,4378593000,1932929000,109884.5
set_frequency,673,1932929000,5691104000,109080.4
set_frequency,674,5691104000,3166335000,110717.7
set_frequency,675,3166335000,5126046000,111301.6
set_frequency,676,5126046000,1467424000,110775.5
set_frequency,677,1467424000,1048568000,110285.5
set_frequency,678,1048568000,1467424000,110532.8
set_frequency,679,1467424000,5706659000,111280.5
set_frequency,680,5706659000,514438000,111049.5
set_frequency,681,514438000,5136735000,110659.7
set_frequency,682,5136735000,3953671000,111170.7
set_frequency,683,3953671000,3190659000,9734.8
set_frequency,684,3190659000,5192343000,111189.1
set_frequency,685,5192343000,3438316000,110764.6
set_frequency,686,3438316000,2036015000,10066.2
set_frequency,687,2036015000,3208934000,9637.7
set_frequency,688,3208934000,3111369000,9685.8
set_frequency,689,3111369000,4757506000,109646.1
set_frequency,690,4757506000,2146569000,110611.5
set_frequency,691,2146569000,215643000,110325.3
set_frequency,692,215643000,2931943000,110289.1
set_frequency,693,2931943000,313255000,110456.4
set_frequency,694,313255000,250861000,9745.9
set_frequency,695,250861000,5838655000,110338.3
set_frequency,696,5838655000,1127358000,110163.4
set_frequency,697,1127358000,771620000,9656.7
set_frequency,698,771620000,2144882000,110614.8
set_frequency,699,2144882000,409259000,110936.7
set_frequency,700,409259000,5004415000,110668.7
set_frequency,701,5004415000,5571280000,9522.8
set_frequency,702,5571280000,4560226000,9500.4
set_frequency,703,4560226000,4300454000,9503.9
set_frequency,704,4300454000,3704037000,110606.6
set_frequency,705,3704037000,1850231000,9607.9
set_frequency,706,1850231000,5286163000,109467.3
set_frequency,707,5286163000,5105528000,9518.2
set_frequency,708,5105528000,3758097000,110300.0
set_frequency,709,3758097000,2817336000,9695.9
set_frequency,710,2817336000,5275991000,110083.7
set_frequency,711,5275991000,5792931000,9498.9
set_frequency,712,5792931000,1725416000,110565.9
set_frequency,713,1725416000,4729186000,110229.6
set_frequency,714,4729186000,607623000,109885.2
set_frequency,715,607623000,3208934000,110397.7
set_frequency,716,3208934000,4908324000,109503.3
set_frequency,717,4908324000,4151623000,9696.5
set_frequency,718,4151623000,3210724000,112239.0
set_frequency,719,3210724000,2117446000,9608.6
set_frequency,720,2117446000,669176000,111279.2
set_frequency,721,669176000,2257958000,110365.5
set_frequency,722,2257958000,3940934000,9753.7
set_frequency,723,3940934000,1182628000,110566.0
set_frequency,724,1182628000,445889000,9607.5
set_frequency,725,445889000,131695000,9590.6
set_frequency,726,131695000,3210724000,110556.6
set_frequency,727,3210724000,215643000,110707.9
set_frequency,728,215643000,734421000,10159.0
set_frequency,729,734421000,5842242000,110115.5
set_frequency,730,5842242000,2552053000,110223.0
set_frequency,731,2552053000,4151623000,110288.5
set_frequency,732,4151623000,5267371000,9790.6
set_frequency,733,5267371000,5156896000,9647.6
set_frequency,734,5156896000,5571280000,9796.3
set_frequency,735,5571280000,2017544000,109660.7
set_frequency,736,2017544000,4930301000,111111.5
set_frequency,737,4930301000,5171258000,9735.3
set_frequency,738,5171258000,669176000,109868.6
set_frequency,739,669176000,2036015000,111759.7
set_frequency,740,2036015000,2724711000,9667.8
set_frequency,741,2724711000,614649000,111456.1
set_frequency,742,614649000,4173784000,110287.9
set_frequency,743,4173784000,5286163000,9769.6
set_frequency,744,5286163000,5462635000,9676.2
set_frequency,745,5462635000,3111369000,111224.1
set_frequency,746,3111369000,2146569000,9713.9
set_frequency,747,2146569000,5767270000,110599.2
set_frequency,748,5767270000,2302280000,110360.6
set_frequency,749,2302280000,2257958000,9882.1
set_frequency,750,2257958000,4325987000,111047.2
set_frequency,751,4325987000,1956218000,110236.5
set_frequency,752,1956218000,4090387000,110074.0
set_frequency,753,4090387000,2427898000,110758.7
set_frequency,754,2427898000,1127358000,109423.8
set_frequency,755,1127358000,1299175000,9558.0
set_frequency,756,1299175000,3075075000,110506.1
set_frequency,757,3075075000,5711844000,110370.7
set_frequency,758,5711844000,4757506000,9679.7
set_frequency,759,4757506000,1917874000,111026.2
set_frequency,760,1917874000,4125715000,110022.9
set_frequency,761,4125715000,734421000,110500.0
set_frequency,762,734421000,2132462000,110170.8
set_frequency,763,2132462000,405342000,111181.0
set_frequency,764,405342000,405342000,1588.2
set_frequency,765,405342000,5814421000,108980.3
set_frequency,766,5814421000,1467424000,110927.6
set_frequency,767,1467424000,1917874000,9634.3
set_frequency,768,1917874000,4860929000,111307.8
set_frequency,769,4860929000,4930301000,9723.2
set_frequency,770,4930301000,409259000,110507.5
set_frequency,771,409259000,1122627000,9625.4
set_frequency,772,1122627000,5105528000,110113.3
set_frequency,773,5105528000,3926289000,112005.6
set_frequency,774,3926289000,1182628000,111160.8
set_frequency,775,1182628000,771620000,9684.4
set_frequency,776,771620000,5156896000,111124.1
set_frequency,777,5156896000,313255000,110918.6
set_frequency,778,313255000,3411827000,110732.7
set_frequency,779,3411827000,4941757000,109738.0
set_frequency,780,4941757000,215643000,110301.5
set_frequency,781,215643000,4325987000,109472.2
set_frequency,782,4325987000,2117446000,110327.1
set_frequency,783,2117446000,466319000,108500.4
set_frequency,784,466319000,5175534000,109459.2
set_frequency,785,5175534000,614649000,109359.5
set_frequency,786,614649000,2301890000,109875.0
set_frequency,787,2301890000,5784106000,110788.3
set_frequency,788,5784106000,5192343000,9528.7
set_frequency,789,5192343000,215643000,110157.9
set_frequency,790,215643000,5706659000,111878.1
set_frequency,791,5706659000,5515396000,9715.4
set_frequency,792,5515396000,983086000,111206.6
set_frequency,793,983086000,2526819000,111764.2
set_frequency,794,2526819000,4757506000,110950.1
set_frequency,795,4757506000,2440844000,110924.7
set_frequency,796,2440844000,4325987000,110985.6
set_frequency,797,4325987000,3438316000,110269.1
set_frequency,798,3438316000,669176000,110259.3
set_frequency,799,669176000,3962145000,111563.6
set_frequency,800,3962145000,2427898000,9509.2
set_frequency,801,2427898000,4908324000,112946.1
set_frequency,802,4908324000,3940934000,111789.1
set_frequency,803,3940934000,1467424000,9547.8
set_frequency,804,1467424000,5115680000,111321.0
set_frequency,805,5115680000,1725416000,110285.0
set_frequency,806,1725416000,3190659000,9879.5
set_frequency,807,3190659000,131695000,111861.0
set_frequency,808,131695000,2522568000,110846.7
set_frequency,809,2522568000,3190659000,9567.4
set_frequency,810,3190659000,4729186000,112054.7
set_frequency,811,4729186000,2226246000,111587.5
set_frequency,812,2226246000,983086000,110944.0
set_frequency,813,983086000,5462635000,111866.6
set_frequency,814,5462635000,5649354000,9706.3
set_frequency,815,5649354000,4919121000,9716.6
set_frequency,816,4919121000,4011215000,9472.1
set_frequency,817,4011215000,2067051000,111164.1
set_frequency,818,2067051000,2644974000,9519.1
set_frequency,819,2644974000,5731408000,111701.2
set_frequency,820,5731408000,2544704000,111828.6
set_frequency,821,2544704000,1090209000,110602.4
set_frequency,822,1090209000,3204829000,110974.8
set_frequency,823,3204829000,4539510000,110444.5
set_frequency,824,4539510000,1127358000,110752.7
set_frequency,825,1127358000,5814421000,110768.6
set_frequency,826,5814421000,553659000,111451.1
set_frequency,827,553659000,4325987000,110130.1
set_frequency,828,4325987000,5515396000,10093.8
set_frequency,829,5515396000,5814421000,9808.7
set_frequency,830,5814421000,2067051000,110650.5
set_frequency,831,2067051000,588060000,111266.2
set_frequency,832,588060000,4179709000,110267.6
set_frequency,833,4179709000,1956218000,110667.0
set_frequency,834,1956218000,3704037000,9577.4
set_frequency,835,3704037000,2427898000,9580.7
set_frequency,836,2427898000,3940934000,9704.8
set_frequency,837,3940934000,5381882000,110434.3
set_frequency,838,5381882000,2817336000,111592.6
set_frequency,839,2817336000,5711844000,111594.0
set_frequency,840,5711844000,2017544000,111758.3
set_frequency,841,2017544000,3090770000,9661.9
set_frequency,842,3090770000,4173784000,111895.4
set_frequency,843,4173784000,3758097000,110939.3
set_frequency,844,3758097000,4656072000,110702.0
set_frequency,845,4656072000,1299175000,112107.1
set_frequency,846,1299175000,1307018000,111150.4
set_frequency,847,1307018000,2117446000,9822.7
set_frequency,848,2117446000,405342000,111312.0
set_frequency,849,405342000,2849492000,110528.8
set_frequency,850,2849492000,2389036000,9479.6
set_frequency,851,2389036000,5838655000,110992.0
set_frequency,852,5838655000,5784106000,9702.4
set_frequency,853,5784106000,4807297000,9640.3
set_frequency,854,4807297000,3758097000,110997.4
set_frequency,855,3758097000,2152277000,9949.9
set_frequency,856,2152277000,1917874000,9805.8
set_frequency,857,1917874000,1541234000,9592.4
set_frequency,858,1541234000,4919121000,110779.4
set_frequency,859,4919121000,2048526000,110345.2
set_frequency,860,2048526000,3411827000,9480.0
set_frequency,861,3411827000,3613525000,9492.5
set_frequency,862,3613525000,1602023000,9483.6
set_frequency,863,1602023000,4179709000,110870.4
set_frequency,864,4179709000,445889000,111072.9
set_frequency,865,445889000,1392849000,110187.6
set_frequency,866,1392849000,1182628000,109992.6
set_frequency,867,1182628000,5126046000,109257.1
set_frequency,868,5126046000,2977964000,111370.6
set_frequency,869,2977964000,2931943000,10074.5
set_frequency,870,2931943000,1048568000,110307.8
set_frequency,871,1048568000,4860929000,110598.6
set_frequency,872,4860929000,919575000,110933.1
set_frequency,873,919575000,2152277000,111013.4
set_frequency,874,2152277000,5820560000,110535.3
set_frequency,875,5820560000,4539510000,9545.5
set_frequency,876,4539510000,3944584000,111221.1
set_frequency,877,3944584000,3411827000,9668.1
set_frequency,878,3411827000,1260099000,110789.4
set_frequency,879,1260099000,4179709000,110356.5
set_frequency,880,4179709000,2849492000,111334.5
set_frequency,881,2849492000,620997000,111319.1
set_frequency,882,620997000,4011215000,110395.3
set_frequency,883,4011215000,788751000,109726.3
set_frequency,884,788751000,5126046000,110995.3
set_frequency,885,5126046000,4011215000,9725.6
set_frequency,886,4011215000,1260099000,110788.9
set_frequency,887,1260099000,2414232000,110960.5
set_frequency,888,2414232000,1932929000,9818.4
set_frequency,889,1932929000,1541234000,9720.1
set_frequency,890,1541234000,3089419000,9630.8
set_frequency,891,3089419000,1932929000,9569.2
set_frequency,892,1932929000,3944584000,9714.3
set_frequency,893,3944584000,4539510000,111823.3
set_frequency,894,4539510000,2067051000,110641.9
set_frequency,895,2067051000,1459521000,9694.8
set_frequency,896,1459521000,409259000,111213.5
set_frequency,897,409259000,4151623000,110506.3
set_frequency,898,4151623000,1122627000,110886.0
set_frequency,899,1122627000,5143823000,111160.8
set_frequency,900,5143823000,3613525000,109786.8
set_frequency,901,3613525000,2146569000,10072.9
set_frequency,902,2146569000,2123070000,9525.8
set_frequency,903,2123070000,5784106000,109535.1
set_frequency,904,5784106000,3411827000,109855.7
set_frequency,905,3411827000,5051130000,109699.8
set_frequency,906,5051130000,4991286000,9497.2
set_frequency,907,4991286000,529042000,110542.3
set_frequency,908,529042000,2048526000,111187.0
set_frequency,909,2048526000,588060000,111717.8
set_frequency,910,588060000,2644974000,110681.2
set_frequency,911,2644974000,5143823000,110183.8
set_frequency,912,5143823000,5275991000,9519.6
set_frequency,913,5275991000,362614000,109270.7
set_frequency,914,362614000,2440844000,111301.8
set_frequency,915,2440844000,3624944000,9637.5
set_frequency,916,3624944000,1495794000,9709.8
set_frequency,917,1495794000,445889000,111104.4
set_frequency,918,445889000,215643000,9738.8
set_frequency,919,215643000,3953671000,109849.6
set_frequency,920,3953671000,2526819000,9921.6
set_frequency,921,2526819000,3613525000,9651.6
set_frequency,922,3613525000,3166335000,9649.7
set_frequency,923,3166335000,5126046000,111417.6
set_frequency,924,5126046000,1307818000,110504.6
set_frequency,925,1307818000,5820560000,111229.3
set_frequency,926,5820560000,1122627000,112134.4
set_frequency,927,1122627000,3971465000,110245.5
set_frequency,928,3971465000,3704037000,9533.4
set_frequency,929,3704037000,3704037000,9520.3
set_frequency,930,3704037000,3204829000,9573.2
set_frequency,931,3204829000,5136735000,110230.6
set_frequency,932,5136735000,1299175000,110170.4
set_frequency,933,1299175000,2036015000,110485.0
set_frequency,934,2036015000,4539510000,111753.4
set_frequency,935,4539510000,1299175000,110107.0
set_frequency,936,1299175000,1260099000,9508.0
set_frequency,937,1260099000,5381882000,109986.8
set_frequency,938,5381882000,3204829000,110897.0
set_frequency,939,3204829000,4173784000,109491.4
set_frequency,940,4173784000,466319000,110239.2
set_frequency,941,466319000,514438000,9502.7
set_frequency,942,514438000,5842242000,111145.5
set_frequency,943,5842242000,620997000,110702.0
set_frequency,944,620997000,5814421000,110688.5
set_frequency,945,5814421000,4659832000,9824.6
set_frequency,946,4659832000,4699472000,9942.8
set_frequency,947,4699472000,5275991000,9558.7
set_frequency,948,5275991000,1182628000,111712.4
set_frequency,949,1182628000,2552053000,110916.9
set_frequency,950,2552053000,4729186000,110234.0
set_frequency,951,4729186000,3704037000,110674.7
set_frequency,952,3704037000,2389036000,9499.7
set_frequency,953,2389036000,1122627000,111037.1
set_frequency,954,1122627000,1244897000,9629.3
set_frequency,955,1244897000,5156896000,110644.4
set_frequency,956,5156896000,1849473000,111033.0
set_frequency,957,1849473000,5615894000,111517.4
set_frequency,958,5615894000,2117446000,111092.1
set_frequency,959,2117446000,1341552000,9697.6
set_frequency,960,1341552000,5691104000,110908.3
set_frequency,961,5691104000,5171258000,9645.2
set_frequency,962,5171258000,5542715000,9866.1
set_frequency,963,5542715000,4699472000,9811.7
set_frequency,964,4699472000,3953671000,113494.5
set_frequency,965,3953671000,5784106000,111078.3
set_frequency,966,5784106000,3190659000,110832.4
set_frequency,967,3190659000,4729186000,110163.0
set_frequency,968,4729186000,741030000,110534.0
set_frequency,969,741030000,788751000,9852.3
set_frequency,970,788751000,3204829000,110801.0
set_frequency,971,3204829000,1299175000,111261.4
set_frequency,972,1299175000,4179709000,110049.6
set_frequency,973,4179709000,2226246000,109434.7
set_frequency,974,2226246000,4908324000,110627.2
set_frequency,975,4908324000,5126046000,9644.5
set_frequency,976,5126046000,5542715000,9490.4
set_frequency,977,5542715000,3768479000,110055.8
set_frequency,978,3768479000,3624944000,9520.6
set_frequency,979,3624944000,607623000,111586.4
set_frequency,980,607623000,5787608000,111622.5
set_frequency,981,5787608000,2036015000,110416.9
set_frequency,982,2036015000,4757506000,110243.2
set_frequency,983,4757506000,5126046000,9499.9
set_frequency,984,5126046000,3768479000,110006.9
set_frequency,985,3768479000,1459521000,9705.6
set_frequency,986,1459521000,4378593000,110449.8
set_frequency,987,4378593000,3229131000,111318.5
set_frequency,988,3229131000,3689979000,9601.1
set_frequency,989,3689979000,3114789000,9624.3
set_frequency,990,3114789000,1467424000,9750.8
set_frequency,991,1467424000,741030000,110692.5
set_frequency,992,741030000,4659832000,110168.9
set_frequency,993,4659832000,656173000,111629.3
set_frequency,994,656173000,2849492000,109613.5
set_frequency,995,2849492000,5784106000,111132.0
set_frequency,996,5784106000,405342000,111289.4
set_frequency,997,405342000,5615894000,111120.7
set_frequency,998,5615894000,4179709000,9626.3
set_frequency,999,4179709000,1048568000,110309.9
schedule_retune,0,3411827000,620997000,1147.8
schedule_retune,1,620997000,4011215000,1148.5
schedule_retune,2,4011215000,1754514000,1148.2
schedule_retune,3,1754514000,1467424000,1162.7
schedule_retune,4,1467424000,2644974000,1152.2
schedule_retune,5,2644974000,1574304000,1143.2
schedule_retune,6,1574304000,1583826000,1150.0
schedule_retune,7,1583826000,4011215000,1154.2
schedule_retune,8,4011215000,5448508000,1156.3
schedule_retune,9,5448508000,1062723000,1244.0
schedule_retune,10,1062723000,2302280000,1138.5
schedule_retune,11,2302280000,4807297000,1155.0
schedule_retune,12,4807297000,5171258000,1133.6
schedule_retune,13,5171258000,4425628000,1138.6
schedule_retune,14,4425628000,5105528000,1153.7
schedule_retune,15,5105528000,5842242000,1143.3
schedule_retune,16,5842242000,5814421000,1149.5
schedule_retune,17,5814421000,5706659000,1134.0
schedule_retune,18,5706659000,4991286000,1138.9
schedule_retune,19,4991286000,983086000,1147.8
schedule_retune,20,983086000,1122627000,1147.4
schedule_retune,21,1122627000,5787608000,1152.6
schedule_retune,22,5787608000,4774337000,1152.6
schedule_retune,23,4774337000,313545000,1147.0
schedule_retune,24,313545000,806707000,1131.7
schedule_retune,25,806707000,1932929000,1125.6
schedule_retune,26,1932929000,3229131000,1141.0
schedule_retune,27,3229131000,1917874000,1142.1
schedule_retune,28,1917874000,851165000,1144.8
schedule_retune,29,851165000,5382210000,1163.2
schedule_retune,30,5382210000,4699472000,1132.3
schedule_retune,31,4699472000,4378593000,1127.5
schedule_retune,32,4378593000,5542715000,1142.2
schedule_retune,33,5542715000,4531932000,1167.4
schedule_retune,34,4531932000,4659832000,1139.4
schedule_retune,35,4659832000,4656072000,1245.5
schedule_retune,36,4656072000,4659832000,269.2
schedule_retune,37,4659832000,3940934000,1145.4
schedule_retune,38,3940934000,614649000,1154.9
schedule_retune,39,614649000,1299175000,1165.8
schedule_retune,40,1299175000,368276000,1156.8
schedule_retune,41,368276000,5051130000,1246.0
schedule_retune,42,5051130000,5171258000,1153.3
schedule_retune,43,5171258000,851165000,1152.2
schedule_retune,44,851165000,4908324000,1135.7
schedule_retune,45,4908324000,4287726000,1141.0
schedule_retune,46,4287726000,2724711000,1145.8
schedule_retune,47,2724711000,4179709000,1142.8
schedule_retune,48,4179709000,529042000,1135.5
schedule_retune,49,529042000,1127358000,1234.5
schedule_retune,50,1127358000,3438316000,1142.5
schedule_retune,51,3438316000,4860929000,1149.9
schedule_retune,52,4860929000,5171258000,1157.2
schedule_retune,53,5171258000,1754514000,1147.4
schedule_retune,54,1754514000,3204829000,1167.8
schedule_retune,55,3204829000,1182628000,1227.4
schedule_retune,56,1182628000,368276000,1144.7
schedule_retune,57,368276000,2817336000,1154.9
schedule_retune,58,2817336000,4253769000,1152.5
schedule_retune,59,4253769000,5448508000,1148.0
schedule_retune,60,5448508000,5814421000,1136.0
schedule_retune,61,5814421000,4125715000,1128.9
schedule_retune,62,4125715000,1932929000,1139.4
schedule_retune,63,1932929000,2618457000,1138.3
schedule_retune,64,2618457000,1090209000,1138.9
schedule_retune,65,1090209000,2587436000,1250.6
schedule_retune,66,2587436000,2123070000,1142.0
schedule_retune,67,2123070000,4539510000,1128.9
schedule_retune,68,4539510000,2132462000,1134.0
schedule_retune,69,2132462000,5842242000,1173.3
schedule_retune,70,5842242000,2144882000,1149.3
schedule_retune,71,2144882000,3768479000,1140.6
schedule_retune,72,3768479000,529042000,1167.1
schedule_retune,73,529042000,5784106000,1134.5
schedule_retune,74,5784106000,4011215000,1142.3
schedule_retune,75,4011215000,362614000,1145.9
schedule_retune,76,362614000,2524718000,1238.8
schedule_retune,77,2524718000,3971465000,1148.1
schedule_retune,78,3971465000,607623000,1147.4
schedule_retune,79,607623000,5814421000,1145.2
schedule_retune,80,5814421000,2440844000,1133.3
schedule_retune,81,2440844000,1127358000,1223.0
schedule_retune,82,1127358000,5515396000,1156.3
schedule_retune,83,5515396000,3926289000,1157.3
schedule_retune,84,3926289000,1754514000,1152.2
schedule_retune,85,1754514000,983086000,1136.1
schedule_retune,86,983086000,4991756000,1134.2
schedule_retune,87,4991756000,5767270000,1218.8
schedule_retune,88,5767270000,1244897000,1158.5
schedule_retune,89,1244897000,3868688000,1147.2
schedule_retune,90,3868688000,2899354000,1128.7
schedule_retune,91,2899354000,1850231000,1208.2
schedule_retune,92,1850231000,4729186000,1139.1
schedule_retune,93,4729186000,5792931000,1144.8
schedule_retune,94,5792931000,806707000,1145.2
schedule_retune,95,806707000,4531932000,1157.2
schedule_retune,96,4531932000,1062723000,1232.8
schedule_retune,97,1062723000,3961329000,1150.1
schedule_retune,98,3961329000,4919121000,1140.2
schedule_retune,99,4919121000,5649354000,1130.0
schedule_retune,100,5649354000,734421000,1144.4
schedule_retune,101,734421000,3961329000,278.1
schedule_retune,102,3961329000,669176000,1155.9
schedule_retune,103,669176000,5850838000,1223.0
schedule_retune,104,5850838000,5809728000,1132.7
schedule_retune,105,5809728000,1122627000,1145.4
schedule_retune,106,1122627000,3768479000,1134.3
schedule_retune,107,3768479000,466319000,1140.0
schedule_retune,108,466319000,4991286000,1152.0
schedule_retune,109,4991286000,1090209000,1156.5
schedule_retune,110,1090209000,2414232000,1149.3
schedule_retune,111,2414232000,250861000,1158.0
schedule_retune,112,250861000,5152480000,1337.0
schedule_retune,113,5152480000,3114789000,1328.2
schedule_retune,114,3114789000,5171258000,1246.7
schedule_retune,115,5171258000,3190659000,1237.5
schedule_retune,116,3190659000,2427898000,1232.2
schedule_retune,117,2427898000,5136735000,1286.2
schedule_retune,118,5136735000,1467424000,1221.5
schedule_retune,119,1467424000,620997000,1290.3
schedule_retune,120,620997000,5809728000,1274.9
schedule_retune,121,5809728000,1725416000,1243.8
schedule_retune,122,1725416000,2178758000,1176.9
schedule_retune,123,2178758000,2977964000,1255.4
schedule_retune,124,2977964000,2036015000,1230.5
schedule_retune,125,2036015000,409259000,1250.4
schedule_retune,126,409259000,5767270000,1279.2
schedule_retune,127,5767270000,4287726000,1252.5
schedule_retune,128,4287726000,3090770000,1177.9
schedule_retune,129,3090770000,4659832000,1270.9
schedule_retune,130,4659832000,851165000,1233.8
schedule_retune,131,851165000,2724711000,1234.4
schedule_retune,132,2724711000,3208934000,1159.2
schedule_retune,133,3208934000,2977964000,277.9
schedule_retune,134,2977964000,4659832000,1147.2
schedule_retune,135,4659832000,3327586000,1208.1
schedule_retune,136,3327586000,5517124000,1136.4
schedule_retune,137,5517124000,514438000,1226.9
schedule_retune,138,514438000,5615894000,1143.6
schedule_retune,139,5615894000,4179709000,1135.3
schedule_retune,140,4179709000,1754514000,1156.0
schedule_retune,141,1754514000,2123070000,1135.8
schedule_retune,142,2123070000,3962145000,1215.6
schedule_retune,143,3962145000,3190659000,1160.2
schedule_retune,144,3190659000,2849492000,1158.4
schedule_retune,145,2849492000,1260099000,1159.6
schedule_retune,146,1260099000,2302280000,1142.0
schedule_retune,147,2302280000,2048526000,1206.7
schedule_retune,148,2048526000,1392849000,1141.4
schedule_retune,149,1392849000,5850838000,1218.1
schedule_retune,150,5850838000,4125715000,1155.7
schedule_retune,151,4125715000,4560226000,1152.5
schedule_retune,152,4560226000,5814421000,1149.5
schedule_retune,153,5814421000,4930301000,1158.3
schedule_retune,154,4930301000,2132462000,1164.3
schedule_retune,155,2132462000,409259000,1156.2
schedule_retune,156,409259000,2144882000,1159.7
schedule_retune,157,2144882000,3940934000,1158.2
schedule_retune,158,3940934000,1574304000,1157.2
schedule_retune,159,1574304000,2123070000,1137.5
schedule_retune,160,2123070000,806707000,1150.2
schedule_retune,161,806707000,5731408000,1155.1
schedule_retune,162,5731408000,983086000,1155.9
schedule_retune,163,983086000,5517124000,1155.7
schedule_retune,164,5517124000,1602023000,1157.0
schedule_retune,165,1602023000,4908324000,1143.3
schedule_retune,166,4908324000,5542715000,1134.3
schedule_retune,167,5542715000,669176000,1146.6
schedule_retune,168,669176000,1186102000,1155.7
schedule_retune,169,1186102000,4300454000,1136.9
schedule_retune,170,4300454000,1186102000,262.8
schedule_retune,171,1186102000,5515396000,1126.7
schedule_retune,172,5515396000,3411827000,1213.4
schedule_retune,173,3411827000,1495794000,1138.8
schedule_retune,174,1495794000,466319000,1143.0
schedule_retune,175,466319000,2526819000,1158.1
schedule_retune,176,2526819000,88156000,1200.8
schedule_retune,177,88156000,1754514000,1135.4
schedule_retune,178,1754514000,1917874000,1167.4
schedule_retune,179,1917874000,2552053000,1159.3
schedule_retune,180,2552053000,1186102000,1151.5
schedule_retune,181,1186102000,3089419000,1159.9
schedule_retune,182,3089419000,5156896000,1152.3
schedule_retune,183,5156896000,5787608000,1159.9
schedule_retune,184,5787608000,3940934000,1159.8
schedule_retune,185,3940934000,409259000,1145.3
schedule_retune,186,409259000,3075075000,1154.5
schedule_retune,187,3075075000,1186102000,1150.8
schedule_retune,188,1186102000,3689979000,1137.5
schedule_retune,189,3689979000,2152277000,1201.4
schedule_retune,190,2152277000,3114789000,1152.9
schedule_retune,191,3114789000,2440844000,1150.7
schedule_retune,192,2440844000,2144882000,1149.5
schedule_retune,193,2144882000,2977964000,1150.6
schedule_retune,194,2977964000,2526819000,1160.6
schedule_retune,195,2526819000,3613525000,1146.3
schedule_retune,196,3613525000,734421000,1144.9
schedule_retune,197,734421000,2301890000,1139.8
schedule_retune,198,2301890000,5051130000,1202.1
schedule_retune,199,5051130000,2123070000,1153.3
schedule_retune,200,2123070000,2048526000,1217.6
schedule_retune,201,2048526000,2552053000,1164.6
schedule_retune,202,2552053000,3210724000,1138.8
schedule_retune,203,3210724000,4173784000,1132.8
schedule_retune,204,4173784000,1754514000,1147.1
schedule_retune,205,1754514000,1048568000,1160.8
schedule_retune,206,1048568000,4860929000,1149.4
schedule_retune,207,4860929000,5515396000,1159.2
schedule_retune,208,5515396000,2117446000,1136.4
schedule_retune,209,2117446000,2123070000,1132.7
schedule_retune,210,2123070000,4526622000,1132.1
schedule_retune,211,4526622000,3926289000,1148.3
schedule_retune,212,3926289000,215643000,1162.6
schedule_retune,213,215643000,1127358000,1212.3
schedule_retune,214,1127358000,1459521000,1145.9
schedule_retune,215,1459521000,620997000,1132.9
schedule_retune,216,620997000,4699472000,1131.8
schedule_retune,217,4699472000,313545000,1145.5
schedule_retune,218,313545000,4325987000,1162.7
schedule_retune,219,4325987000,5784106000,1154.4
schedule_retune,220,5784106000,4531932000,1136.9
schedule_retune,221,4531932000,5787608000,1157.1
schedule_retune,222,5787608000,1122627000,1165.8
schedule_retune,223,1122627000,2524718000,1215.4
schedule_retune,224,2524718000,5004415000,1197.2
schedule_retune,225,5004415000,3961329000,1146.6
schedule_retune,226,3961329000,694714000,1134.7
schedule_retune,227,694714000,5382210000,1145.8
schedule_retune,228,5382210000,4287726000,1136.5
schedule_retune,229,4287726000,466319000,1132.1
schedule_retune,230,466319000,4699472000,1146.7
schedule_retune,231,4699472000,2132462000,1150.4
schedule_retune,232,2132462000,2280495000,1150.9
schedule_retune,233,2280495000,5152480000,1153.1
schedule_retune,234,5152480000,2522568000,1150.2
schedule_retune,235,2522568000,3411827000,1210.6
schedule_retune,236,3411827000,2414232000,1137.3
schedule_retune,237,2414232000,250861000,1149.9
schedule_retune,238,250861000,5784106000,1159.1
schedule_retune,239,5784106000,5820560000,1150.5
schedule_retune,240,5820560000,851165000,1151.7
schedule_retune,241,851165000,4919121000,1137.3
schedule_retune,242,4919121000,2152277000,1198.0
schedule_retune,243,2152277000,1090209000,1147.1
schedule_retune,244,1090209000,4011215000,1146.4
schedule_retune,245,4011215000,2618457000,1133.0
schedule_retune,246,2618457000,3204829000,1153.2
schedule_retune,247,3204829000,5767270000,1195.6
schedule_retune,248,5767270000,5784106000,266.4
schedule_retune,249,5784106000,313545000,1149.7
schedule_retune,250,313545000,5517124000,1159.6
schedule_retune,251,5517124000,4656072000,1201.5
schedule_retune,252,4656072000,2440844000,1150.6
schedule_retune,253,2440844000,3411827000,1188.9
schedule_retune,254,3411827000,2152277000,1186.9
schedule_retune,255,2152277000,3953671000,1147.2
schedule_retune,256,3953671000,5115680000,1161.8
schedule_retune,257,5115680000,1574304000,1158.8
schedule_retune,258,1574304000,3411827000,1187.1
schedule_retune,259,3411827000,3190659000,1134.0
schedule_retune,260,3190659000,3090770000,1132.7
schedule_retune,261,3090770000,4469431000,1148.1
schedule_retune,262,4469431000,2144882000,1149.8
schedule_retune,263,2144882000,3971465000,1153.6
schedule_retune,264,3971465000,2389036000,1159.0
schedule_retune,265,2389036000,2849492000,1137.8
schedule_retune,266,2849492000,4179709000,1133.8
schedule_retune,267,4179709000,3940934000,1147.5
schedule_retune,268,3940934000,1541234000,1150.6
schedule_retune,269,1541234000,3940934000,275.2
schedule_retune,270,3940934000,588060000,1163.3
schedule_retune,271,588060000,4774337000,1137.2
schedule_retune,272,4774337000,5731408000,1132.2
schedule_retune,273,5731408000,669176000,1149.3
schedule_retune,274,669176000,2552053000,1154.1
schedule_retune,275,2552053000,5711844000,1160.2
schedule_retune,276,5711844000,851165000,1161.4
schedule_retune,277,851165000,3210724000,1147.8
schedule_retune,278,3210724000,3613525000,1139.9
schedule_retune,279,3613525000,1725416000,1141.3
schedule_retune,280,1725416000,4469431000,1159.5
schedule_retune,281,4469431000,3944584000,1155.8
schedule_retune,282,3944584000,5649354000,1137.9
schedule_retune,283,5649354000,3089419000,1149.2
schedule_retune,284,3089419000,4991286000,1144.7
schedule_retune,285,4991286000,4560226000,1136.2
schedule_retune,286,4560226000,5143823000,1132.0
schedule_retune,287,5143823000,1495794000,1133.3
schedule_retune,288,1495794000,5382210000,1145.5
schedule_retune,289,5382210000,5814421000,1152.4
schedule_retune,290,5814421000,3689979000,1139.0
schedule_retune,291,3689979000,3190659000,266.2
schedule_retune,292,3190659000,2226246000,1132.7
schedule_retune,293,2226246000,2280495000,1150.1
schedule_retune,294,2280495000,2552053000,1159.7
schedule_retune,295,2552053000,656173000,1139.6
schedule_retune,296,656173000,1486299000,1146.2
schedule_retune,297,1486299000,3153248000,1138.5
schedule_retune,298,3153248000,2544704000,1136.8
schedule_retune,299,2544704000,5814421000,1136.1
schedule_retune,300,5814421000,1486299000,263.8
schedule_retune,301,1486299000,3117175000,1148.3
schedule_retune,302,3117175000,5267371000,1169.6
schedule_retune,303,5267371000,529042000,1164.0
schedule_retune,304,529042000,4699472000,1146.5
schedule_retune,305,4699472000,5483667000,1163.5
schedule_retune,306,5483667000,4011215000,1159.9
schedule_retune,307,4011215000,2178758000,1155.8
schedule_retune,308,2178758000,1341552000,1156.7
schedule_retune,309,1341552000,2132462000,1139.5
schedule_retune,310,2132462000,2226246000,1131.3
schedule_retune,311,2226246000,529042000,1149.2
schedule_retune,312,529042000,2257958000,1138.4
schedule_retune,313,2257958000,1307818000,1196.6
schedule_retune,314,1307818000,5649354000,1241.3
schedule_retune,315,5649354000,2067051000,1269.8
schedule_retune,316,2067051000,5787608000,1260.3
schedule_retune,317,5787608000,510425000,1242.2
schedule_retune,318,510425000,4659832000,1262.3
schedule_retune,319,4659832000,1307818000,320.7
schedule_retune,320,1307818000,4919121000,1242.9
schedule_retune,321,4919121000,1260099000,1255.8
schedule_retune,322,1260099000,4919121000,276.0
schedule_retune,323,4919121000,4300454000,1146.7
schedule_retune,324,4300454000,3689979000,271.6
schedule_retune,325,3689979000,1583826000,1151.9
schedule_retune,326,1583826000,588060000,1150.4
schedule_retune,327,588060000,5517124000,1159.5
schedule_retune,328,5517124000,1541234000,1144.5
schedule_retune,329,1541234000,3117175000,1141.9
schedule_retune,330,3117175000,5275991000,1155.9
schedule_retune,331,5275991000,1917874000,1163.2
schedule_retune,332,1917874000,2899354000,1152.8
schedule_retune,333,2899354000,3438316000,1149.9
schedule_retune,334,3438316000,3114789000,1150.7
schedule_retune,335,3114789000,5517124000,271.7
schedule_retune,336,5517124000,5792931000,1143.5
schedule_retune,337,5792931000,4774337000,1155.6
schedule_retune,338,4774337000,5126046000,1156.6
schedule_retune,339,5126046000,2017544000,1165.3
schedule_retune,340,2017544000,5842242000,1150.9
schedule_retune,341,5842242000,5842242000,272.9
schedule_retune,342,5842242000,1392849000,1150.8
schedule_retune,343,1392849000,4151623000,1157.0
schedule_retune,344,4151623000,5483667000,1157.4
schedule_retune,345,5483667000,4774337000,269.7
schedule_retune,346,4774337000,3075075000,1151.7
schedule_retune,347,3075075000,2389036000,1164.5
schedule_retune,348,2389036000,5126046000,1156.3
schedule_retune,349,5126046000,1917874000,1157.8
schedule_retune,350,1917874000,4860929000,1142.9
schedule_retune,351,4860929000,313545000,1146.0
schedule_retune,352,313545000,4860929000,278.3
schedule_retune,353,4860929000,2152277000,1188.2
schedule_retune,354,2152277000,2931943000,1154.3
schedule_retune,355,2931943000,1392849000,278.8
schedule_retune,356,1392849000,4991756000,1150.2
schedule_retune,357,4991756000,4876252000,1175.8
schedule_retune,358,4876252000,3089419000,1148.1
schedule_retune,359,3089419000,694714000,1153.7
schedule_retune,360,694714000,131695000,1156.7
schedule_retune,361,131695000,4876252000,275.3
schedule_retune,362,4876252000,4659832000,1149.0
schedule_retune,363,4659832000,1917874000,270.0
schedule_retune,364,1917874000,2017544000,1150.1
schedule_retune,365,2017544000,4287726000,1150.5
schedule_retune,366,4287726000,362614000,1160.1
schedule_retune,367,362614000,5448508000,1155.8
schedule_retune,368,5448508000,5814421000,1146.3
schedule_retune,369,5814421000,5731408000,1131.1
schedule_retune,370,5731408000,5171258000,1149.1
schedule_retune,371,5171258000,3190659000,1152.7
schedule_retune,372,3190659000,2036015000,1152.6
schedule_retune,373,2036015000,3962145000,1187.6
schedule_retune,374,3962145000,5711844000,1157.5
schedule_retune,375,5711844000,1486299000,1162.4
schedule_retune,376,1486299000,5787608000,1158.6
schedule_retune,377,5787608000,2552053000,1155.1
schedule_retune,378,2552053000,5515396000,1138.2
schedule_retune,379,5515396000,2117446000,1145.9
schedule_retune,380,2117446000,2849492000,1151.8
schedule_retune,381,2849492000,4173784000,1161.3
schedule_retune,382,4173784000,553659000,1154.7
schedule_retune,383,553659000,4011215000,1155.5
schedule_retune,384,4011215000,5691104000,1154.6
schedule_retune,385,5691104000,3153248000,1159.4
schedule_retune,386,3153248000,919575000,1154.2
schedule_retune,387,919575000,4151623000,1145.4
schedule_retune,388,4151623000,2526819000,1147.5
schedule_retune,389,2526819000,5820560000,1152.7
schedule_retune,390,5820560000,1725416000,1156.0
schedule_retune,391,1725416000,2146569000,1192.0
schedule_retune,392,2146569000,1583826000,1147.2
schedule_retune,393,1583826000,2414232000,1131.2
schedule_retune,394,2414232000,3961329000,1149.5
schedule_retune,395,3961329000,1122627000,1183.1
schedule_retune,396,1122627000,5381882000,1147.9
schedule_retune,397,5381882000,4919121000,1148.5
schedule_retune,398,4919121000,3190659000,1163.6
schedule_retune,399,3190659000,4531932000,1148.2
schedule_retune,400,4531932000,5711844000,1166.5
schedule_retune,401,5711844000,5731408000,1158.8
schedule_retune,402,5731408000,2226246000,1138.8
schedule_retune,403,2226246000,3438316000,1151.9
schedule_retune,404,3438316000,3624944000,1163.7
schedule_retune,405,3624944000,1725416000,1171.0
schedule_retune,406,1725416000,1956218000,1132.7
schedule_retune,407,1956218000,2146569000,263.1
schedule_retune,408,2146569000,1260099000,1135.1
schedule_retune,409,1260099000,2427898000,1149.8
schedule_retune,410,2427898000,620997000,1151.8
schedule_retune,411,620997000,2522568000,1140.9
schedule_retune,412,2522568000,4378593000,1133.7
schedule_retune,413,4378593000,607623000,1136.2
schedule_retune,414,607623000,1048568000,1148.1
schedule_retune,415,1048568000,5571280000,1153.5
schedule_retune,416,5571280000,131695000,1139.3
schedule_retune,417,131695000,3114789000,1150.0
schedule_retune,418,3114789000,4908324000,1138.3
schedule_retune,419,4908324000,2849492000,1149.8
schedule_retune,420,2849492000,3090770000,1152.5
schedule_retune,421,3090770000,771620000,1189.4
schedule_retune,422,771620000,1725416000,1165.2
schedule_retune,423,1725416000,2389036000,1161.0
schedule_retune,424,2389036000,806707000,1146.6
schedule_retune,425,806707000,1574304000,1135.7
schedule_retune,426,1574304000,2644974000,1152.3
schedule_retune,427,2644974000,1467424000,1151.2
schedule_retune,428,1467424000,5706659000,1138.7
schedule_retune,429,5706659000,5571280000,1150.6
schedule_retune,430,5571280000,3868688000,1148.2
schedule_retune,431,3868688000,2117446000,1153.3
schedule_retune,432,2117446000,5105528000,1159.1
schedule_retune,433,5105528000,2301890000,1150.5
schedule_retune,434,2301890000,368276000,1153.2
schedule_retune,435,368276000,1090209000,1153.9
schedule_retune,436,1090209000,734421000,1153.4
schedule_retune,437,734421000,4287726000,1153.7
schedule_retune,438,4287726000,741030000,1149.8
schedule_retune,439,741030000,1956218000,1149.6
schedule_retune,440,1956218000,2552053000,1138.2
schedule_retune,441,2552053000,466319000,1152.4
schedule_retune,442,466319000,5156896000,1182.2
schedule_retune,443,5156896000,3624944000,1173.2
schedule_retune,444,3624944000,1048568000,1145.9
schedule_retune,445,1048568000,5275991000,1135.1
schedule_retune,446,5275991000,3089419000,1144.4
schedule_retune,447,3089419000,4526622000,1158.3
schedule_retune,448,4526622000,1459521000,1152.4
schedule_retune,449,1459521000,5515396000,1160.0
schedule_retune,450,5515396000,2552053000,1145.3
schedule_retune,451,2552053000,2017544000,1133.3
schedule_retune,452,2017544000,2427898000,1151.0
schedule_retune,453,2427898000,2152277000,1185.4
schedule_retune,454,2152277000,5051130000,1182.2
schedule_retune,455,5051130000,3204829000,1145.9
schedule_retune,456,3204829000,3166335000,1142.6
schedule_retune,457,3166335000,2489392000,1141.3
schedule_retune,458,2489392000,2036015000,1152.2
schedule_retune,459,2036015000,5731408000,1155.2
schedule_retune,460,5731408000,5382210000,1139.5
schedule_retune,461,5382210000,2146569000,1184.0
schedule_retune,462,2146569000,466319000,276.4
schedule_retune,463,466319000,3624944000,1136.0
schedule_retune,464,3624944000,620997000,1150.5
schedule_retune,465,620997000,2618457000,1137.2
schedule_retune,466,2618457000,669176000,1152.1
schedule_retune,467,669176000,2302280000,1162.4
schedule_retune,468,2302280000,131695000,1153.7
schedule_retune,469,131695000,983086000,1157.7
schedule_retune,470,983086000,5711844000,1135.1
schedule_retune,471,5711844000,4941757000,1151.6
schedule_retune,472,4941757000,1467424000,1158.9
schedule_retune,473,1467424000,2117446000,1141.6
schedule_retune,474,2117446000,694714000,1158.0
schedule_retune,475,694714000,250861000,1143.0
schedule_retune,476,250861000,131695000,263.1
schedule_retune,477,131695000,3961329000,1136.7
schedule_retune,478,3961329000,1932929000,1147.9
schedule_retune,479,1932929000,3438316000,1160.1
schedule_retune,480,3438316000,5143823000,1142.7
schedule_retune,481,5143823000,983086000,266.1
schedule_retune,482,983086000,313545000,1135.6
schedule_retune,483,313545000,88156000,1182.5
schedule_retune,484,88156000,4930301000,1164.4
schedule_retune,485,4930301000,3208934000,1163.0
schedule_retune,486,3208934000,215643000,1173.8
schedule_retune,487,215643000,5792931000,1145.4
schedule_retune,488,5792931000,553659000,1135.1
schedule_retune,489,553659000,1754514000,1150.2
schedule_retune,490,1754514000,1541234000,1139.3
schedule_retune,491,1541234000,2117446000,1149.9
schedule_retune,492,2117446000,5382210000,1156.8
schedule_retune,493,5382210000,4287726000,1163.3
schedule_retune,494,4287726000,2389036000,1146.6
schedule_retune,495,2389036000,5809728000,1149.9
schedule_retune,496,5809728000,131695000,1163.3
schedule_retune,497,131695000,4807297000,1137.0
schedule_retune,498,4807297000,1090209000,1151.9
schedule_retune,499,1090209000,3204829000,1153.6
schedule_retune,500,3204829000,3208934000,1155.1
schedule_retune,501,3208934000,5143823000,1172.9
schedule_retune,502,5143823000,4287726000,1146.6
schedule_retune,503,4287726000,4526622000,1151.7
schedule_retune,504,4526622000,5382210000,1163.5
schedule_retune,505,5382210000,2178758000,1154.1
schedule_retune,506,2178758000,1932929000,1137.7
schedule_retune,507,1932929000,2618457000,1142.4
schedule_retune,508,2618457000,3411827000,1297.9
schedule_retune,509,3411827000,2977964000,1234.9
schedule_retune,510,2977964000,2036015000,1244.6
schedule_retune,511,2036015000,1122627000,1262.8
schedule_retune,512,1122627000,1127358000,1290.2
schedule_retune,513,1127358000,851165000,1266.2
schedule_retune,514,851165000,5275991000,1191.1
schedule_retune,515,5275991000,694714000,1259.9
schedule_retune,516,694714000,510425000,1265.1
schedule_retune,517,510425000,1541234000,1229.5
schedule_retune,518,1541234000,2544704000,1143.1
schedule_retune,519,2544704000,5842242000,1184.0
schedule_retune,520,5842242000,1849473000,1163.6
schedule_retune,521,1849473000,1062723000,1187.1
schedule_retune,522,1062723000,1048568000,1146.6
schedule_retune,523,1048568000,2544704000,1139.2
schedule_retune,524,2544704000,5814421000,1149.2
schedule_retune,525,5814421000,5842242000,1163.4
schedule_retune,526,5842242000,2489392000,1156.7
schedule_retune,527,2489392000,514438000,1177.5
schedule_retune,528,514438000,5571280000,1157.2
schedule_retune,529,5571280000,5711844000,1162.3
schedule_retune,530,5711844000,1459521000,1152.2
schedule_retune,531,1459521000,5814421000,1156.8
schedule_retune,532,5814421000,2301890000,1163.3
schedule_retune,533,2301890000,2144882000,1162.0
schedule_retune,534,2144882000,3962145000,1190.6
schedule_retune,535,3962145000,5267371000,1159.4
schedule_retune,536,5267371000,5820560000,1157.2
schedule_retune,537,5820560000,4991756000,1141.1
schedule_retune,538,4991756000,1182628000,1182.4
schedule_retune,539,1182628000,5809728000,1143.6
schedule_retune,540,5809728000,3153248000,1149.3
schedule_retune,541,3153248000,4531932000,1163.0
schedule_retune,542,4531932000,614649000,1158.6
schedule_retune,543,614649000,5267371000,1153.0
schedule_retune,544,5267371000,694714000,1141.2
schedule_retune,545,694714000,741030000,1136.1
schedule_retune,546,741030000,2427898000,1139.1
schedule_retune,547,2427898000,4807297000,1131.7
schedule_retune,548,4807297000,215643000,1136.4
schedule_retune,549,215643000,4656072000,1176.8
schedule_retune,550,4656072000,5571280000,1169.3
schedule_retune,551,5571280000,4656072000,275.3
schedule_retune,552,4656072000,5706659000,1145.7
schedule_retune,553,5706659000,2048526000,1186.4
schedule_retune,554,2048526000,3953671000,1144.1
schedule_retune,555,3953671000,694714000,265.4
schedule_retune,556,694714000,1299175000,1136.6
schedule_retune,557,1299175000,4090387000,1150.7
schedule_retune,558,4090387000,4300454000,1159.3
schedule_retune,559,4300454000,3210724000,1151.8
schedule_retune,560,3210724000,2389036000,1157.1
schedule_retune,561,2389036000,5462635000,1193.4
schedule_retune,562,5462635000,620997000,1162.7
schedule_retune,563,620997000,3962145000,1195.3
schedule_retune,564,3962145000,5105528000,1158.6
schedule_retune,565,5105528000,5136735000,1162.5
schedule_retune,566,5136735000,5820560000,1162.8
schedule_retune,567,5820560000,2526819000,1165.2
schedule_retune,568,2526819000,5706659000,276.9
schedule_retune,569,5706659000,4469431000,1154.1
schedule_retune,570,4469431000,4526622000,1162.8
schedule_retune,571,4526622000,5448508000,1164.7
schedule_retune,572,5448508000,4941757000,1165.3
schedule_retune,573,4941757000,3961329000,1156.8
schedule_retune,574,3961329000,5381882000,1156.5
schedule_retune,575,5381882000,3940934000,1151.6
schedule_retune,576,3940934000,3940934000,262.3
schedule_retune,577,3940934000,2017544000,1181.8
schedule_retune,578,2017544000,514438000,1187.0
schedule_retune,579,514438000,5731408000,1135.2
schedule_retune,580,5731408000,4325987000,1149.6
schedule_retune,581,4325987000,2849492000,1140.7
schedule_retune,582,2849492000,2414232000,1134.3
schedule_retune,583,2414232000,741030000,1135.3
schedule_retune,584,741030000,5143823000,1134.8
schedule_retune,585,5143823000,3064951000,1135.9
schedule_retune,586,3064951000,2036015000,1135.9
schedule_retune,587,2036015000,5267371000,1149.7
schedule_retune,588,5267371000,5462635000,1167.4
schedule_retune,589,5462635000,2301890000,1155.6
schedule_retune,590,2301890000,131695000,1162.8
schedule_retune,591,131695000,3210724000,1172.3
schedule_retune,592,3210724000,1307018000,1163.8
schedule_retune,593,1307018000,2389036000,1173.8
schedule_retune,594,2389036000,2257958000,1146.4
schedule_retune,595,2257958000,3327586000,1136.3
schedule_retune,596,3327586000,5850838000,1189.7
schedule_retune,597,5850838000,1392849000,1154.9
schedule_retune,598,1392849000,4090387000,1172.6
schedule_retune,599,4090387000,2440844000,1147.1
schedule_retune,600,2440844000,5267371000,1151.5
schedule_retune,601,5267371000,620997000,1163.7
schedule_retune,602,620997000,2977964000,1147.5
schedule_retune,603,2977964000,3962145000,1182.3
schedule_retune,604,3962145000,5462635000,1171.4
schedule_retune,605,5462635000,4659832000,1140.2
schedule_retune,606,4659832000,4287726000,1135.8
schedule_retune,607,4287726000,3064951000,1151.2
schedule_retune,608,3064951000,5814421000,1154.0
schedule_retune,609,5814421000,788751000,1155.1
schedule_retune,610,788751000,2905112000,1162.4
schedule_retune,611,2905112000,4908324000,1173.3
schedule_retune,612,4908324000,4253769000,1153.1
schedule_retune,613,4253769000,2067051000,1155.5
schedule_retune,614,2067051000,5731408000,1149.0
schedule_retune,615,5731408000,3961329000,1147.9
schedule_retune,616,3961329000,4425628000,1156.6
schedule_retune,617,4425628000,3090770000,1137.7
schedule_retune,618,3090770000,1244897000,1154.9
schedule_retune,619,1244897000,5792931000,1153.9
schedule_retune,620,5792931000,2931943000,1144.1
schedule_retune,621,2931943000,1849473000,1146.3
schedule_retune,622,1849473000,510425000,1137.7
schedule_retune,623,510425000,5814421000,1152.0
schedule_retune,624,5814421000,5784106000,1146.8
schedule_retune,625,5784106000,5515396000,1151.4
schedule_retune,626,5515396000,1341552000,1154.6
schedule_retune,627,1341552000,2146569000,1182.0
schedule_retune,628,2146569000,2301890000,1154.1
schedule_retune,629,2301890000,3190659000,1154.1
schedule_retune,630,3190659000,4179709000,1138.7
schedule_retune,631,4179709000,1850231000,1181.5
schedule_retune,632,1850231000,2544704000,1163.6
schedule_retune,633,2544704000,4876252000,1190.7
schedule_retune,634,4876252000,4531932000,1154.4
schedule_retune,635,4531932000,3704037000,1139.1
schedule_retune,636,3704037000,2724711000,1151.5
schedule_retune,637,2724711000,5483667000,1138.9
schedule_retune,638,5483667000,5126046000,1155.2
schedule_retune,639,5126046000,5792931000,1172.2
schedule_retune,640,5792931000,3075075000,1162.2
schedule_retune,641,3075075000,4300454000,1162.9
schedule_retune,642,4300454000,1541234000,1232.2
schedule_retune,643,1541234000,3868688000,1246.4
schedule_retune,644,3868688000,5171258000,1244.1
schedule_retune,645,5171258000,919575000,1150.0
schedule_retune,646,919575000,3944584000,1160.6
schedule_retune,647,3944584000,4876252000,268.8
schedule_retune,648,4876252000,2644974000,1151.7
schedule_retune,649,2644974000,313255000,1189.9
schedule_retune,650,313255000,771620000,1180.7
schedule_retune,651,771620000,771620000,272.3
schedule_retune,652,771620000,4941757000,1134.6
schedule_retune,653,4941757000,4860929000,1151.5
schedule_retune,654,4860929000,2280495000,1162.0
schedule_retune,655,2280495000,607623000,1154.8
schedule_retune,656,607623000,4173784000,1140.3
schedule_retune,657,4173784000,4531932000,1136.4
schedule_retune,658,4531932000,5448508000,1137.8
schedule_retune,659,5448508000,5286163000,1157.1
schedule_retune,660,5286163000,2226246000,1164.7
schedule_retune,661,2226246000,1754514000,1150.4
schedule_retune,662,1754514000,5105528000,1162.3
schedule_retune,663,5105528000,5171258000,1158.7
schedule_retune,664,5171258000,3624944000,1156.1
schedule_retune,665,3624944000,5004415000,1178.1
schedule_retune,666,5004415000,694714000,1134.3
schedule_retune,667,694714000,510425000,1146.8
schedule_retune,668,510425000,4300454000,1195.9
schedule_retune,669,4300454000,5152480000,1143.9
schedule_retune,670,5152480000,4179709000,1168.5
schedule_retune,671,4179709000,4378593000,1157.1
schedule_retune,672,4378593000,1932929000,1161.6
schedule_retune,673,1932929000,5691104000,1148.3
schedule_retune,674,5691104000,3166335000,1151.6
schedule_retune,675,3166335000,5126046000,1163.4
schedule_retune,676,5126046000,1467424000,1154.3
schedule_retune,677,1467424000,1048568000,1140.4
schedule_retune,678,1048568000,1467424000,266.1
schedule_retune,679,1467424000,5706659000,1150.8
schedule_retune,680,5706659000,514438000,1181.6
schedule_retune,681,514438000,5136735000,1153.3
schedule_retune,682,5136735000,3953671000,1140.0
schedule_retune,683,3953671000,3190659000,1136.1
schedule_retune,684,3190659000,5192343000,1163.2
schedule_retune,685,5192343000,3438316000,1170.4
schedule_retune,686,3438316000,2036015000,1152.5
schedule_retune,687,2036015000,3208934000,1165.5
schedule_retune,688,3208934000,3111369000,1141.2
schedule_retune,689,3111369000,4757506000,1151.3
schedule_retune,690,4757506000,2146569000,1191.0
schedule_retune,691,2146569000,215643000,1149.5
schedule_retune,692,215643000,2931943000,1149.0
schedule_retune,693,2931943000,313255000,1182.8
schedule_retune,694,313255000,250861000,1145.7
schedule_retune,695,250861000,5838655000,1160.6
schedule_retune,696,5838655000,1127358000,1164.4
schedule_retune,697,1127358000,771620000,1178.5
schedule_retune,698,771620000,2144882000,1164.2
schedule_retune,699,2144882000,409259000,1161.1
schedule_retune,700,409259000,5004415000,1180.6
schedule_retune,701,5004415000,5571280000,1155.0
schedule_retune,702,5571280000,4560226000,1158.8
schedule_retune,703,4560226000,4300454000,1157.6
schedule_retune,704,4300454000,3704037000,1159.5
schedule_retune,705,3704037000,1850231000,1185.3
schedule_retune,706,1850231000,5286163000,1147.4
schedule_retune,707,5286163000,5105528000,1135.7
schedule_retune,708,5105528000,3758097000,1151.5
schedule_retune,709,3758097000,2817336000,1164.2
schedule_retune,710,2817336000,5275991000,1157.9
schedule_retune,711,5275991000,5792931000,1160.9
schedule_retune,712,5792931000,1725416000,1148.7
schedule_retune,713,1725416000,4729186000,1151.3
schedule_retune,714,4729186000,607623000,1164.4
schedule_retune,715,607623000,3208934000,1163.3
schedule_retune,716,3208934000,4908324000,1164.6
schedule_retune,717,4908324000,4151623000,1164.2
schedule_retune,718,4151623000,3210724000,1148.3
schedule_retune,719,3210724000,2117446000,1135.8
schedule_retune,720,2117446000,669176000,1135.1
schedule_retune,721,669176000,2257958000,1151.1
schedule_retune,722,2257958000,3940934000,1154.3
schedule_retune,723,3940934000,1182628000,1180.0
schedule_retune,724,1182628000,445889000,1147.7
schedule_retune,725,445889000,131695000,1151.7
schedule_retune,726,131695000,3210724000,1156.7
schedule_retune,727,3210724000,215643000,1161.3
schedule_retune,728,215643000,734421000,1154.8
schedule_retune,729,734421000,5842242000,1236.2
schedule_retune,730,5842242000,2552053000,1194.8
schedule_retune,731,2552053000,4151623000,1253.0
schedule_retune,732,4151623000,5267371000,1240.9
schedule_retune,733,5267371000,5156896000,1307.5
schedule_retune,734,5156896000,5571280000,1241.4
schedule_retune,735,5571280000,2017544000,1242.0
schedule_retune,736,2017544000,4930301000,1189.6
schedule_retune,737,4930301000,5171258000,1276.2
schedule_retune,738,5171258000,669176000,1263.7
schedule_retune,739,669176000,2036015000,1241.3
schedule_retune,740,2036015000,2724711000,1241.0
schedule_retune,741,2724711000,614649000,1252.5
schedule_retune,742,614649000,4173784000,1256.8
schedule_retune,743,4173784000,5286163000,1164.2
schedule_retune,744,5286163000,5462635000,1179.4
schedule_retune,745,5462635000,3111369000,1149.8
schedule_retune,746,3111369000,2146569000,1183.4
schedule_retune,747,2146569000,5767270000,1182.7
schedule_retune,748,5767270000,2302280000,1163.2
schedule_retune,749,2302280000,2257958000,1142.6
schedule_retune,750,2257958000,4325987000,1135.8
schedule_retune,751,4325987000,1956218000,1148.5
schedule_retune,752,1956218000,4090387000,1168.2
schedule_retune,753,4090387000,2427898000,1145.3
schedule_retune,754,2427898000,1127358000,1174.6
schedule_retune,755,1127358000,1299175000,1141.0
schedule_retune,756,1299175000,3075075000,1150.1
schedule_retune,757,3075075000,5711844000,1153.2
schedule_retune,758,5711844000,4757506000,1156.9
schedule_retune,759,4757506000,1917874000,1159.2
schedule_retune,760,1917874000,4125715000,1158.3
schedule_retune,761,4125715000,734421000,1168.2
schedule_retune,762,734421000,2132462000,1149.0
schedule_retune,763,2132462000,405342000,1169.0
schedule_retune,764,405342000,405342000,272.6
schedule_retune,765,405342000,5814421000,1152.9
schedule_retune,766,5814421000,1467424000,1161.9
schedule_retune,767,1467424000,1917874000,1140.6
schedule_retune,768,1917874000,4860929000,1151.0
schedule_retune,769,4860929000,4930301000,1160.7
schedule_retune,770,4930301000,409259000,1157.7
schedule_retune,771,409259000,1122627000,1154.4
schedule_retune,772,1122627000,5105528000,1151.0
schedule_retune,773,5105528000,3926289000,1165.8
schedule_retune,774,3926289000,1182628000,1171.6
schedule_retune,775,1182628000,771620000,1175.1
schedule_retune,776,771620000,5156896000,1154.8
schedule_retune,777,5156896000,313255000,1183.0
schedule_retune,778,313255000,3411827000,1180.5
schedule_retune,779,3411827000,4941757000,1142.7
schedule_retune,780,4941757000,215643000,1132.7
schedule_retune,781,215643000,4325987000,1150.3
schedule_retune,782,4325987000,2117446000,1154.4
schedule_retune,783,2117446000,466319000,1143.4
schedule_retune,784,466319000,5175534000,1144.1
schedule_retune,785,5175534000,614649000,1158.3
schedule_retune,786,614649000,2301890000,1154.1
schedule_retune,787,2301890000,5784106000,1136.1
schedule_retune,788,5784106000,5192343000,1176.3
schedule_retune,789,5192343000,215643000,278.8
schedule_retune,790,215643000,5706659000,1151.6
schedule_retune,791,5706659000,5515396000,1154.5
schedule_retune,792,5515396000,983086000,1154.3
schedule_retune,793,983086000,2526819000,1154.2
schedule_retune,794,2526819000,4757506000,1154.6
schedule_retune,795,4757506000,2440844000,1154.7
schedule_retune,796,2440844000,4325987000,1162.4
schedule_retune,797,4325987000,3438316000,1156.2
schedule_retune,798,3438316000,669176000,1143.6
schedule_retune,799,669176000,3962145000,1188.6
schedule_retune,800,3962145000,2427898000,1147.8
schedule_retune,801,2427898000,4908324000,1163.8
schedule_retune,802,4908324000,3940934000,1153.8
schedule_retune,803,3940934000,1467424000,1154.8
schedule_retune,804,1467424000,5115680000,1143.0
schedule_retune,805,5115680000,1725416000,1139.7
schedule_retune,806,1725416000,3190659000,1154.7
schedule_retune,807,3190659000,131695000,1164.1
schedule_retune,808,131695000,2522568000,1163.0
schedule_retune,809,2522568000,3190659000,278.2
schedule_retune,810,3190659000,4729186000,1136.6
schedule_retune,811,4729186000,2226246000,1136.0
schedule_retune,812,2226246000,983086000,1170.6
schedule_retune,813,983086000,5462635000,1176.7
schedule_retune,814,5462635000,5649354000,1152.3
schedule_retune,815,5649354000,4919121000,1161.3
schedule_retune,816,4919121000,4011215000,1147.0
schedule_retune,817,4011215000,2067051000,1154.3
schedule_retune,818,2067051000,2644974000,1155.9
schedule_retune,819,2644974000,5731408000,1146.6
schedule_retune,820,5731408000,2544704000,1135.4
schedule_retune,821,2544704000,1090209000,1152.2
schedule_retune,822,1090209000,3204829000,1165.0
schedule_retune,823,3204829000,4539510000,1162.8
schedule_retune,824,4539510000,1127358000,1179.0
schedule_retune,825,1127358000,5814421000,1164.5
schedule_retune,826,5814421000,553659000,1164.1
schedule_retune,827,553659000,4325987000,1163.4
schedule_retune,828,4325987000,5515396000,1164.3
schedule_retune,829,5515396000,5814421000,268.7
schedule_retune,830,5814421000,2067051000,1153.6
schedule_retune,831,2067051000,588060000,1147.6
schedule_retune,832,588060000,4179709000,1151.9
schedule_retune,833,4179709000,1956218000,1149.0
schedule_retune,834,1956218000,3704037000,1156.8
schedule_retune,835,3704037000,2427898000,1166.1
schedule_retune,836,2427898000,3940934000,1171.7
schedule_retune,837,3940934000,5381882000,1155.5
schedule_retune,838,5381882000,2817336000,1154.6
schedule_retune,839,2817336000,5711844000,1168.4
schedule_retune,840,5711844000,2017544000,1196.0
schedule_retune,841,2017544000,3090770000,1161.4
schedule_retune,842,3090770000,4173784000,1153.8
schedule_retune,843,4173784000,3758097000,1162.7
schedule_retune,844,3758097000,4656072000,1192.4
schedule_retune,845,4656072000,1299175000,1142.7
schedule_retune,846,1299175000,1307018000,1152.0
schedule_retune,847,1307018000,2117446000,1156.6
schedule_retune,848,2117446000,405342000,1170.6
schedule_retune,849,405342000,2849492000,1136.2
schedule_retune,850,2849492000,2389036000,1151.6
schedule_retune,851,2389036000,5838655000,1156.0
schedule_retune,852,5838655000,5784106000,1175.6
schedule_retune,853,5784106000,4807297000,1154.6
schedule_retune,854,4807297000,3758097000,1162.4
schedule_retune,855,3758097000,2152277000,1188.5
schedule_retune,856,2152277000,1917874000,1166.2
schedule_retune,857,1917874000,1541234000,1162.0
schedule_retune,858,1541234000,4919121000,1164.8
schedule_retune,859,4919121000,2048526000,1187.5
schedule_retune,860,2048526000,3411827000,1178.5
schedule_retune,861,3411827000,3613525000,1161.7
schedule_retune,862,3613525000,1602023000,1163.6
schedule_retune,863,1602023000,4179709000,1154.5
schedule_retune,864,4179709000,445889000,1156.6
schedule_retune,865,445889000,1392849000,1147.0
schedule_retune,866,1392849000,1182628000,1195.7
schedule_retune,867,1182628000,5126046000,1163.8
schedule_retune,868,5126046000,2977964000,1154.1
schedule_retune,869,2977964000,2931943000,1167.0
schedule_retune,870,2931943000,1048568000,1160.4
schedule_retune,871,1048568000,4860929000,1163.4
schedule_retune,872,4860929000,919575000,1155.2
schedule_retune,873,919575000,2152277000,1188.4
schedule_retune,874,2152277000,5820560000,1154.6
schedule_retune,875,5820560000,4539510000,1163.8
schedule_retune,876,4539510000,3944584000,1155.9
schedule_retune,877,3944584000,3411827000,1172.0
schedule_retune,878,3411827000,1260099000,1155.2
schedule_retune,879,1260099000,4179709000,1161.2
schedule_retune,880,4179709000,2849492000,1154.4
schedule_retune,881,2849492000,620997000,1138.9
schedule_retune,882,620997000,4011215000,1152.4
schedule_retune,883,4011215000,788751000,1163.6
schedule_retune,884,788751000,5126046000,1154.9
schedule_retune,885,5126046000,4011215000,268.8
schedule_retune,886,4011215000,1260099000,1152.6
schedule_retune,887,1260099000,2414232000,1154.5
schedule_retune,888,2414232000,1932929000,1154.3
schedule_retune,889,1932929000,1541234000,1139.0
schedule_retune,890,1541234000,3089419000,1138.5
schedule_retune,891,3089419000,1932929000,263.8
schedule_retune,892,1932929000,3944584000,1137.2
schedule_retune,893,3944584000,4539510000,1151.9
schedule_retune,894,4539510000,2067051000,1139.2
schedule_retune,895,2067051000,1459521000,1156.4
schedule_retune,896,1459521000,409259000,1147.3
schedule_retune,897,409259000,4151623000,1149.1
schedule_retune,898,4151623000,1122627000,1168.3
schedule_retune,899,1122627000,5143823000,1246.0
schedule_retune,900,5143823000,3613525000,1274.7
schedule_retune,901,3613525000,2146569000,1214.4
schedule_retune,902,2146569000,2123070000,1164.0
schedule_retune,903,2123070000,5784106000,1162.7
schedule_retune,904,5784106000,3411827000,1188.1
schedule_retune,905,3411827000,5051130000,1173.0
schedule_retune,906,5051130000,4991286000,1135.9
schedule_retune,907,4991286000,529042000,1152.5
schedule_retune,908,529042000,2048526000,1187.8
schedule_retune,909,2048526000,588060000,1154.8
schedule_retune,910,588060000,2644974000,1153.9
schedule_retune,911,2644974000,5143823000,269.3
schedule_retune,912,5143823000,5275991000,1136.5
schedule_retune,913,5275991000,362614000,1151.8
schedule_retune,914,362614000,2440844000,1154.5
schedule_retune,915,2440844000,3624944000,1148.1
schedule_retune,916,3624944000,1495794000,1151.9
schedule_retune,917,1495794000,445889000,1158.0
schedule_retune,918,445889000,215643000,1160.3
schedule_retune,919,215643000,3953671000,1163.9
schedule_retune,920,3953671000,2526819000,1154.0
schedule_retune,921,2526819000,3613525000,1164.6
schedule_retune,922,3613525000,3166335000,1154.6
schedule_retune,923,3166335000,5126046000,1154.1
schedule_retune,924,5126046000,1307818000,1156.8
schedule_retune,925,1307818000,5820560000,1161.6
schedule_retune,926,5820560000,1122627000,1155.6
schedule_retune,927,1122627000,3971465000,1164.6
schedule_retune,928,3971465000,3704037000,1164.9
schedule_retune,929,3704037000,3704037000,277.7
schedule_retune,930,3704037000,3204829000,1136.6
schedule_retune,931,3204829000,5136735000,1148.7
schedule_retune,932,5136735000,1299175000,1142.1
schedule_retune,933,1299175000,2036015000,1136.5
schedule_retune,934,2036015000,4539510000,1153.6
schedule_retune,935,4539510000,1299175000,276.3
schedule_retune,936,1299175000,1260099000,1153.2
schedule_retune,937,1260099000,5381882000,1163.4
schedule_retune,938,5381882000,3204829000,1154.6
schedule_retune,939,3204829000,4173784000,1154.3
schedule_retune,940,4173784000,466319000,1154.8
schedule_retune,941,466319000,514438000,1178.5
schedule_retune,942,514438000,5842242000,1164.3
schedule_retune,943,5842242000,620997000,1164.1
schedule_retune,944,620997000,5814421000,1163.5
schedule_retune,945,5814421000,4659832000,1154.2
schedule_retune,946,4659832000,4699472000,1154.3
schedule_retune,947,4699472000,5275991000,1139.7
schedule_retune,948,5275991000,1182628000,1177.8
schedule_retune,949,1182628000,2552053000,1136.8
schedule_retune,950,2552053000,4729186000,1165.9
schedule_retune,951,4729186000,3704037000,1161.3
schedule_retune,952,3704037000,2389036000,1155.4
schedule_retune,953,2389036000,1122627000,1163.6
schedule_retune,954,1122627000,1244897000,1138.7
schedule_retune,955,1244897000,5156896000,1158.8
schedule_retune,956,5156896000,1849473000,1154.8
schedule_retune,957,1849473000,5615894000,1164.6
schedule_retune,958,5615894000,2117446000,1148.7
schedule_retune,959,2117446000,1341552000,1138.7
schedule_retune,960,1341552000,5691104000,1143.2
schedule_retune,961,5691104000,5171258000,1149.2
schedule_retune,962,5171258000,5542715000,1156.2
schedule_retune,963,5542715000,4699472000,1164.5
schedule_retune,964,4699472000,3953671000,1158.5
schedule_retune,965,3953671000,5784106000,1158.0
schedule_retune,966,5784106000,3190659000,1154.6
schedule_retune,967,3190659000,4729186000,1153.7
schedule_retune,968,4729186000,741030000,1154.9
schedule_retune,969,741030000,788751000,1154.7
schedule_retune,970,788751000,3204829000,1155.1
schedule_retune,971,3204829000,1299175000,1163.8
schedule_retune,972,1299175000,4179709000,1165.9
schedule_retune,973,4179709000,2226246000,1161.5
schedule_retune,974,2226246000,4908324000,1155.2
schedule_retune,975,4908324000,5126046000,1166.0
schedule_retune,976,5126046000,5542715000,1163.0
schedule_retune,977,5542715000,3768479000,1139.1
schedule_retune,978,3768479000,3624944000,1152.0
schedule_retune,979,3624944000,607623000,1139.4
schedule_retune,980,607623000,5787608000,1147.2
schedule_retune,981,5787608000,2036015000,1142.8
schedule_retune,982,2036015000,4757506000,1233.4
schedule_retune,983,4757506000,5126046000,1242.6
schedule_retune,984,5126046000,3768479000,338.3
schedule_retune,985,3768479000,1459521000,1245.5
schedule_retune,986,1459521000,4378593000,1240.5
schedule_retune,987,4378593000,3229131000,1149.0
schedule_retune,988,3229131000,3689979000,1146.4
schedule_retune,989,3689979000,3114789000,1144.4
schedule_retune,990,3114789000,1467424000,1143.8
schedule_retune,991,1467424000,741030000,1158.3
schedule_retune,992,741030000,4659832000,1154.1
schedule_retune,993,4659832000,656173000,1159.4
schedule_retune,994,656173000,2849492000,1157.3
schedule_retune,995,2849492000,5784106000,1158.2
schedule_retune,996,5784106000,405342000,1170.6
schedule_retune,997,405342000,5615894000,1147.2
schedule_retune,998,5615894000,4179709000,1159.0
schedule_retune,999,4179709000,1048568000,1163.7
