test,iteration,time_ms
tx_native_freq,0,9.9953
tx_native_freq,1,9.8748
tx_native_freq,2,10.3702
tx_native_freq,3,9.3525
tx_native_freq,4,9.3450
tx_native_freq,5,10.6485
tx_native_freq,6,9.8049
tx_native_freq,7,9.3271
tx_native_freq,8,9.3023
tx_native_freq,9,9.3321
tx_native_freq,10,9.3577
tx_native_freq,11,9.3001
tx_native_freq,12,9.3241
tx_native_freq,13,9.4021
tx_native_freq,14,9.6618
tx_native_freq,15,9.3975
tx_native_freq,16,9.3028
tx_native_freq,17,9.3345
tx_native_freq,18,9.3263
tx_native_freq,19,9.3219
tx_native_sample_rate,0,477.1920
tx_native_sample_rate,1,941.4085
tx_native_sample_rate,2,477.7958
tx_native_sample_rate,3,948.9850
tx_native_sample_rate,4,475.1689
tx_native_sample_rate,5,953.3689
tx_native_sample_rate,6,541.2091
tx_native_sample_rate,7,973.7492
tx_native_sample_rate,8,472.9659
tx_native_sample_rate,9,74.4614
tx_native_sample_rate,10,475.3643
tx_native_sample_rate,11,72.3629
tx_native_sample_rate,12,478.9560
tx_native_sample_rate,13,72.0747
tx_native_sample_rate,14,480.8408
tx_native_sample_rate,15,73.7618
tx_native_sample_rate,16,474.4301
tx_native_sample_rate,17,71.5206
tx_native_sample_rate,18,477.0868
tx_native_sample_rate,19,72.4612
tx_native_gain,0,1.6661
tx_native_gain,1,1.4404
tx_native_gain,2,1.2463
tx_native_gain,3,1.2484
tx_native_gain,4,1.2450
tx_native_gain,5,1.2375
tx_native_gain,6,1.2467
tx_native_gain,7,1.2576
tx_native_gain,8,1.2483
tx_native_gain,9,1.2460
tx_native_gain,10,1.2469
tx_native_gain,11,1.2585
tx_native_gain,12,1.2450
tx_native_gain,13,1.2377
tx_native_gain,14,1.2467
tx_native_gain,15,1.2406
tx_native_gain,16,1.2644
tx_native_gain,17,1.2479
tx_native_gain,18,1.2452
tx_native_gain,19,1.2481
tx_native_freq+rate,0,478.9265
tx_native_freq+rate,1,83.6030
tx_native_freq+rate,2,481.0143
tx_native_freq+rate,3,80.1884
tx_native_freq+rate,4,485.0801
tx_native_freq+rate,5,82.6884
tx_native_freq+rate,6,484.4158
tx_native_freq+rate,7,82.8200
tx_native_freq+rate,8,490.6317
tx_native_freq+rate,9,83.6228
tx_native_freq+rate,10,486.1001
tx_native_freq+rate,11,81.1916
tx_native_freq+rate,12,522.7041
tx_native_freq+rate,13,991.9882
tx_native_freq+rate,14,537.7638
tx_native_freq+rate,15,98.8017
tx_native_freq+rate,16,539.4104
tx_native_freq+rate,17,104.3318
tx_native_freq+rate,18,535.3839
tx_native_freq+rate,19,110.4183
tx_native_freq+rate+gain,0,536.5635
tx_native_freq+rate+gain,1,102.2493
tx_native_freq+rate+gain,2,555.7898
tx_native_freq+rate+gain,3,104.7679
tx_native_freq+rate+gain,4,558.2501
tx_native_freq+rate+gain,5,104.3649
tx_native_freq+rate+gain,6,548.8543
tx_native_freq+rate+gain,7,107.6200
tx_native_freq+rate+gain,8,555.0432
tx_native_freq+rate+gain,9,111.0552
tx_native_freq+rate+gain,10,510.5287
tx_native_freq+rate+gain,11,86.2452
tx_native_freq+rate+gain,12,493.0768
tx_native_freq+rate+gain,13,88.5002
tx_native_freq+rate+gain,14,493.4402
tx_native_freq+rate+gain,15,83.6081
tx_native_freq+rate+gain,16,493.8337
tx_native_freq+rate+gain,17,83.6612
tx_native_freq+rate+gain,18,518.2713
tx_native_freq+rate+gain,19,104.3484
tx_native_freq_noop,0,0.5409
tx_native_freq_noop,1,0.5361
tx_native_freq_noop,2,0.5355
tx_native_freq_noop,3,0.5547
tx_native_freq_noop,4,0.5341
tx_native_freq_noop,5,0.5359
tx_native_freq_noop,6,0.5365
tx_native_freq_noop,7,0.5343
tx_native_freq_noop,8,0.5340
tx_native_freq_noop,9,0.5357
tx_native_freq_noop,10,0.5365
tx_native_freq_noop,11,0.5341
tx_native_freq_noop,12,0.5374
tx_native_freq_noop,13,0.5338
tx_native_freq_noop,14,0.5350
tx_native_freq_noop,15,0.5378
tx_native_freq_noop,16,0.5357
tx_native_freq_noop,17,0.5343
tx_native_freq_noop,18,0.5351
tx_native_freq_noop,19,0.5567
tx_native_freq_1mhz,0,0.7231
tx_native_freq_1mhz,1,10.7414
tx_native_freq_1mhz,2,9.4313
tx_native_freq_1mhz,3,9.9029
tx_native_freq_1mhz,4,10.5262
tx_native_freq_1mhz,5,11.1435
tx_native_freq_1mhz,6,10.7940
tx_native_freq_1mhz,7,9.6670
tx_native_freq_1mhz,8,9.3410
tx_native_freq_1mhz,9,11.2705
tx_native_freq_1mhz,10,9.3247
tx_native_freq_1mhz,11,9.9387
tx_native_freq_1mhz,12,12.8729
tx_native_freq_1mhz,13,12.4973
tx_native_freq_1mhz,14,12.3903
tx_native_freq_1mhz,15,12.4261
tx_native_freq_1mhz,16,14.6288
tx_native_freq_1mhz,17,11.9009
tx_native_freq_1mhz,18,9.3175
tx_native_freq_1mhz,19,9.3312
rx_native_freq,0,16.0207
rx_native_freq,1,16.2259
rx_native_freq,2,14.0622
rx_native_freq,3,14.5978
rx_native_freq,4,14.0140
rx_native_freq,5,14.1151
rx_native_freq,6,13.8994
rx_native_freq,7,15.4259
rx_native_freq,8,16.6673
rx_native_freq,9,14.5577
rx_native_freq,10,13.7893
rx_native_freq,11,15.1943
rx_native_freq,12,14.4650
rx_native_freq,13,14.5200
rx_native_freq,14,16.0824
rx_native_freq,15,16.2443
rx_native_freq,16,16.5479
rx_native_freq,17,16.5064
rx_native_freq,18,10.4842
rx_native_freq,19,10.6013
rx_native_sample_rate,0,500.9829
rx_native_sample_rate,1,75.6643
rx_native_sample_rate,2,498.7694
rx_native_sample_rate,3,76.8663
rx_native_sample_rate,4,476.5406
rx_native_sample_rate,5,73.1227
rx_native_sample_rate,6,477.0773
rx_native_sample_rate,7,948.2994
rx_native_sample_rate,8,478.7943
rx_native_sample_rate,9,949.9399
rx_native_sample_rate,10,474.0313
rx_native_sample_rate,11,71.4170
rx_native_sample_rate,12,472.8952
rx_native_sample_rate,13,71.8937
rx_native_sample_rate,14,470.8057
rx_native_sample_rate,15,72.2291
rx_native_sample_rate,16,476.8346
rx_native_sample_rate,17,942.8933
rx_native_sample_rate,18,470.6055
rx_native_sample_rate,19,79.2147
rx_native_gain,0,2.2379
rx_native_gain,1,2.1997
rx_native_gain,2,2.2109
rx_native_gain,3,2.2481
rx_native_gain,4,2.2194
rx_native_gain,5,2.2191
rx_native_gain,6,2.2304
rx_native_gain,7,2.2487
rx_native_gain,8,2.2683
rx_native_gain,9,2.2288
rx_native_gain,10,2.2214
rx_native_gain,11,2.3027
rx_native_gain,12,2.2719
rx_native_gain,13,2.2817
rx_native_gain,14,2.2794
rx_native_gain,15,2.2678
rx_native_gain,16,2.2684
rx_native_gain,17,2.5471
rx_native_gain,18,2.7257
rx_native_gain,19,2.7169
rx_native_freq+rate,0,477.7914
rx_native_freq+rate,1,957.5637
rx_native_freq+rate,2,494.2699
rx_native_freq+rate,3,81.3575
rx_native_freq+rate,4,499.0624
rx_native_freq+rate,5,82.2659
rx_native_freq+rate,6,495.2346
rx_native_freq+rate,7,105.5040
rx_native_freq+rate,8,488.6304
rx_native_freq+rate,9,88.6571
rx_native_freq+rate,10,486.3402
rx_native_freq+rate,11,87.6279
rx_native_freq+rate,12,494.0523
rx_native_freq+rate,13,81.9935
rx_native_freq+rate,14,488.5539
rx_native_freq+rate,15,84.0125
rx_native_freq+rate,16,484.1769
rx_native_freq+rate,17,82.3505
rx_native_freq+rate,18,489.1570
rx_native_freq+rate,19,107.5839
rx_native_freq+rate+gain,0,490.8073
rx_native_freq+rate+gain,1,85.9960
rx_native_freq+rate+gain,2,502.5291
rx_native_freq+rate+gain,3,97.1467
rx_native_freq+rate+gain,4,508.8270
rx_native_freq+rate+gain,5,86.0518
rx_native_freq+rate+gain,6,492.0367
rx_native_freq+rate+gain,7,83.7471
rx_native_freq+rate+gain,8,489.4458
rx_native_freq+rate+gain,9,953.2592
rx_native_freq+rate+gain,10,505.5333
rx_native_freq+rate+gain,11,84.9491
rx_native_freq+rate+gain,12,484.5765
rx_native_freq+rate+gain,13,86.3510
rx_native_freq+rate+gain,14,484.9779
rx_native_freq+rate+gain,15,84.7543
rx_native_freq+rate+gain,16,485.4840
rx_native_freq+rate+gain,17,83.2386
rx_native_freq+rate+gain,18,495.2866
rx_native_freq+rate+gain,19,86.6971
rx_native_freq_noop,0,2.2127
rx_native_freq_noop,1,1.8802
rx_native_freq_noop,2,1.7454
rx_native_freq_noop,3,1.7427
rx_native_freq_noop,4,1.7493
rx_native_freq_noop,5,1.7455
rx_native_freq_noop,6,1.7459
rx_native_freq_noop,7,1.7448
rx_native_freq_noop,8,1.7472
rx_native_freq_noop,9,1.7464
rx_native_freq_noop,10,1.7464
rx_native_freq_noop,11,1.7423
rx_native_freq_noop,12,1.7598
rx_native_freq_noop,13,1.7733
rx_native_freq_noop,14,1.7424
rx_native_freq_noop,15,1.7282
rx_native_freq_noop,16,1.7476
rx_native_freq_noop,17,1.7473
rx_native_freq_noop,18,1.7506
rx_native_freq_noop,19,1.7491
rx_native_freq_1mhz,0,1.7249
rx_native_freq_1mhz,1,10.5073
rx_native_freq_1mhz,2,10.5532
rx_native_freq_1mhz,3,10.5448
rx_native_freq_1mhz,4,11.9285
rx_native_freq_1mhz,5,12.8205
rx_native_freq_1mhz,6,12.3991
rx_native_freq_1mhz,7,11.2298
rx_native_freq_1mhz,8,12.0065
rx_native_freq_1mhz,9,10.5447
rx_native_freq_1mhz,10,10.5241
rx_native_freq_1mhz,11,10.9499
rx_native_freq_1mhz,12,10.5392
rx_native_freq_1mhz,13,11.6827
rx_native_freq_1mhz,14,13.8907
rx_native_freq_1mhz,15,16.2316
rx_native_freq_1mhz,16,16.3929
rx_native_freq_1mhz,17,11.7331
rx_native_freq_1mhz,18,13.5435
rx_native_freq_1mhz,19,11.9203
