idx,t_rel_s,delta_ms,len,version,payload_prefix
1,1.453880091,NaN,99,v6,1c000000aadd9f4dc5b5687565280000
2,6.715594141,5261.714050,30,v6,88000000ffffffffffffa8dd9f4dc5b5
3,6.725906579,10.312438,30,v6,88000000ffffffffffffa8dd9f4dc5b5
4,6.736873058,10.966479,30,v6,88000000ffffffffffffa8dd9f4dc5b5
5,6.747220208,10.347150,30,v6,88000000ffffffffffffa8dd9f4dc5b5
6,6.758411014,11.190806,30,v6,88000000ffffffffffffa8dd9f4dc5b5
7,6.769774400,11.363386,30,v6,88000000ffffffffffffa8dd9f4dc5b5
8,6.779893663,10.119263,30,v6,88000000ffffffffffffa8dd9f4dc5b5
9,6.792035402,12.141739,30,v6,88000000ffffffffffffa8dd9f4dc5b5
10,6.802121526,10.086124,30,v6,88000000ffffffffffffa8dd9f4dc5b5
11,6.813447358,11.325832,30,v6,88000000ffffffffffffa8dd9f4dc5b5
12,6.823718590,10.271232,30,v6,88000000ffffffffffffa8dd9f4dc5b5
13,6.834881176,11.162586,30,v6,88000000ffffffffffffa8dd9f4dc5b5
14,6.844957113,10.075937,30,v6,88000000ffffffffffffa8dd9f4dc5b5
15,6.856262726,11.305613,30,v6,88000000ffffffffffffa8dd9f4dc5b5
16,6.866108033,9.845307,30,v6,88000000ffffffffffffa8dd9f4dc5b5
17,6.877333676,11.225643,30,v6,88000000ffffffffffffa8dd9f4dc5b5
18,6.887525484,10.191808,30,v6,88000000ffffffffffffa8dd9f4dc5b5
19,6.898796324,11.270840,30,v6,88000000ffffffffffffa8dd9f4dc5b5
20,6.909032455,10.236131,30,v6,88000000ffffffffffffa8dd9f4dc5b5
21,6.920189594,11.157139,30,v6,88000000ffffffffffffa8dd9f4dc5b5
22,6.931142857,10.953263,30,v6,88000000ffffffffffffa8dd9f4dc5b5
23,6.941437096,10.294239,30,v6,88000000ffffffffffffa8dd9f4dc5b5
24,6.952828897,11.391801,30,v6,88000000ffffffffffffa8dd9f4dc5b5
25,6.962838055,10.009158,30,v6,88000000ffffffffffffa8dd9f4dc5b5
26,6.974788696,11.950641,30,v6,88000000ffffffffffffa8dd9f4dc5b5
27,6.985139354,10.350658,30,v6,88000000ffffffffffffa8dd9f4dc5b5
28,6.996105968,10.966614,30,v6,88000000ffffffffffffa8dd9f4dc5b5
29,7.006372160,10.266192,30,v6,88000000ffffffffffffa8dd9f4dc5b5
30,7.017310169,10.938009,30,v6,88000000ffffffffffffa8dd9f4dc5b5
31,7.027744468,10.434299,30,v6,88000000ffffffffffffa8dd9f4dc5b5
32,7.039032294,11.287826,30,v6,88000000ffffffffffffa8dd9f4dc5b5
33,7.048898633,9.866339,30,v6,88000000ffffffffffffa8dd9f4dc5b5
34,7.060188033,11.289400,30,v6,88000000ffffffffffffa8dd9f4dc5b5
35,7.070205602,10.017569,30,v6,88000000ffffffffffffa8dd9f4dc5b5
36,7.081444517,11.238915,30,v6,88000000ffffffffffffa8dd9f4dc5b5
37,7.091742404,10.297887,30,v6,88000000ffffffffffffa8dd9f4dc5b5
38,7.103011353,11.268949,30,v6,88000000ffffffffffffa8dd9f4dc5b5
39,7.114193855,11.182502,30,v6,88000000ffffffffffffa8dd9f4dc5b5
40,7.125007501,10.813646,30,v6,88000000ffffffffffffa8dd9f4dc5b5
41,7.135236381,10.228880,30,v6,88000000ffffffffffffa8dd9f4dc5b5
42,7.146735251,11.498870,30,v6,88000000ffffffffffffa8dd9f4dc5b5
43,7.157892994,11.157743,30,v6,88000000ffffffffffffa8dd9f4dc5b5
44,7.168042582,10.149588,30,v6,88000000ffffffffffffa8dd9f4dc5b5
45,7.178207551,10.164969,30,v6,88000000ffffffffffffa8dd9f4dc5b5
46,7.189164963,10.957412,30,v6,88000000ffffffffffffa8dd9f4dc5b5
47,7.199344963,10.180000,30,v6,88000000ffffffffffffa8dd9f4dc5b5
48,7.210729255,11.384292,30,v6,88000000ffffffffffffa8dd9f4dc5b5
49,7.221803674,11.074419,30,v6,88000000ffffffffffffa8dd9f4dc5b5
50,7.231945973,10.142299,30,v6,88000000ffffffffffffa8dd9f4dc5b5
51,7.243114953,11.168980,30,v6,88000000ffffffffffffa8dd9f4dc5b5
52,7.253121143,10.006190,30,v6,88000000ffffffffffffa8dd9f4dc5b5
53,7.264467035,11.345892,30,v6,88000000ffffffffffffa8dd9f4dc5b5
54,7.275685746,11.218711,30,v6,88000000ffffffffffffa8dd9f4dc5b5
55,7.285835591,10.149845,30,v6,88000000ffffffffffffa8dd9f4dc5b5
56,7.296804011,10.968420,30,v6,88000000ffffffffffffa8dd9f4dc5b5
57,7.307968337,11.164326,30,v6,88000000ffffffffffffa8dd9f4dc5b5
58,7.319232695,11.264358,30,v6,88000000ffffffffffffa8dd9f4dc5b5
59,7.329501420,10.268725,30,v6,88000000ffffffffffffa8dd9f4dc5b5
60,7.340789381,11.287961,30,v6,88000000ffffffffffffa8dd9f4dc5b5
61,7.352018632,11.229251,30,v6,88000000ffffffffffffa8dd9f4dc5b5
62,7.362204673,10.186041,30,v6,88000000ffffffffffffa8dd9f4dc5b5
63,7.373210300,11.005627,30,v6,88000000ffffffffffffa8dd9f4dc5b5
64,7.383069562,9.859262,30,v6,88000000ffffffffffffa8dd9f4dc5b5
65,7.393364646,10.295084,30,v6,88000000ffffffffffffa8dd9f4dc5b5
66,7.404533995,11.169349,30,v6,88000000ffffffffffffa8dd9f4dc5b5
67,7.414549769,10.015774,30,v6,88000000ffffffffffffa8dd9f4dc5b5
68,7.426908921,12.359152,30,v6,88000000ffffffffffffa8dd9f4dc5b5
69,7.436909290,10.000369,30,v6,88000000ffffffffffffa8dd9f4dc5b5
70,7.448332254,11.422964,30,v6,88000000ffffffffffffa8dd9f4dc5b5
71,7.458346245,10.013991,30,v6,88000000ffffffffffffa8dd9f4dc5b5
72,7.468657227,10.310982,30,v6,88000000ffffffffffffa8dd9f4dc5b5
73,7.479686693,11.029466,30,v6,88000000ffffffffffffa8dd9f4dc5b5
74,7.490861428,11.174735,30,v6,88000000ffffffffffffa8dd9f4dc5b5
75,7.500968968,10.107540,30,v6,88000000ffffffffffffa8dd9f4dc5b5
76,7.511284334,10.315366,30,v6,88000000ffffffffffffa8dd9f4dc5b5
77,7.523319586,12.035252,30,v6,88000000ffffffffffffa8dd9f4dc5b5
78,7.533667008,10.347422,30,v6,88000000ffffffffffffa8dd9f4dc5b5
79,7.545902269,12.235261,30,v6,88000000ffffffffffffa8dd9f4dc5b5
80,7.555878617,9.976348,30,v6,88000000ffffffffffffa8dd9f4dc5b5
81,7.567300411,11.421794,30,v6,88000000ffffffffffffa8dd9f4dc5b5
82,7.577239920,9.939509,30,v6,88000000ffffffffffffa8dd9f4dc5b5
83,7.587523135,10.283215,30,v6,88000000ffffffffffffa8dd9f4dc5b5
84,7.598611403,11.088268,30,v6,88000000ffffffffffffa8dd9f4dc5b5
85,7.609984862,11.373459,30,v6,88000000ffffffffffffa8dd9f4dc5b5
86,7.620123591,10.138729,30,v6,88000000ffffffffffffa8dd9f4dc5b5
87,7.631329099,11.205508,30,v6,88000000ffffffffffffa8dd9f4dc5b5
88,7.641174199,9.845100,30,v6,88000000ffffffffffffa8dd9f4dc5b5
89,7.652397508,11.223309,30,v6,88000000ffffffffffffa8dd9f4dc5b5
90,7.663767923,11.370415,30,v6,88000000ffffffffffffa8dd9f4dc5b5
91,7.674783978,11.016055,30,v6,88000000ffffffffffffa8dd9f4dc5b5
92,7.684903359,10.119381,30,v6,88000000ffffffffffffa8dd9f4dc5b5
93,7.696096868,11.193509,30,v6,88000000ffffffffffffa8dd9f4dc5b5
94,7.706278157,10.181289,30,v6,88000000ffffffffffffa8dd9f4dc5b5
95,7.717310370,11.032213,30,v6,88000000ffffffffffffa8dd9f4dc5b5
96,7.727717950,10.407580,30,v6,88000000ffffffffffffa8dd9f4dc5b5
97,7.739013525,11.295575,30,v6,88000000ffffffffffffa8dd9f4dc5b5
98,7.748968631,9.955106,30,v6,88000000ffffffffffffa8dd9f4dc5b5
99,7.760046743,11.078112,30,v6,88000000ffffffffffffa8dd9f4dc5b5
100,7.770220391,10.173648,30,v6,88000000ffffffffffffa8dd9f4dc5b5
101,7.782366314,12.145923,30,v6,88000000ffffffffffffa8dd9f4dc5b5
102,7.792825305,10.458991,30,v6,88000000ffffffffffffa8dd9f4dc5b5
103,7.803727870,10.902565,30,v6,88000000ffffffffffffa8dd9f4dc5b5
104,7.813891745,10.163875,30,v6,88000000ffffffffffffa8dd9f4dc5b5
105,7.824973745,11.082000,30,v6,88000000ffffffffffffa8dd9f4dc5b5
106,7.835366143,10.392398,30,v6,88000000ffffffffffffa8dd9f4dc5b5
107,7.846481340,11.115197,30,v6,88000000ffffffffffffa8dd9f4dc5b5
108,7.856843365,10.362025,30,v6,88000000ffffffffffffa8dd9f4dc5b5
109,7.868106685,11.263320,30,v6,88000000ffffffffffffa8dd9f4dc5b5
110,7.879012327,10.905642,30,v6,88000000ffffffffffffa8dd9f4dc5b5
111,7.890201495,11.189168,30,v6,88000000ffffffffffffa8dd9f4dc5b5
112,7.900288458,10.086963,30,v6,88000000ffffffffffffa8dd9f4dc5b5
113,7.911311390,11.022932,30,v6,88000000ffffffffffffa8dd9f4dc5b5
114,7.921840534,10.529144,30,v6,88000000ffffffffffffa8dd9f4dc5b5
115,7.932779712,10.939178,30,v6,88000000ffffffffffffa8dd9f4dc5b5
116,7.942892584,10.112872,30,v6,88000000ffffffffffffa8dd9f4dc5b5
117,7.954184004,11.291420,30,v6,88000000ffffffffffffa8dd9f4dc5b5
118,7.964781307,10.597303,30,v6,88000000ffffffffffffa8dd9f4dc5b5
119,7.975599676,10.818369,30,v6,88000000ffffffffffffa8dd9f4dc5b5
120,7.985833401,10.233725,30,v6,88000000ffffffffffffa8dd9f4dc5b5
121,7.997998743,12.165342,30,v6,88000000ffffffffffffa8dd9f4dc5b5
122,8.007984476,9.985733,30,v6,88000000ffffffffffffa8dd9f4dc5b5
123,8.019053784,11.069308,30,v6,88000000ffffffffffffa8dd9f4dc5b5
124,8.029261109,10.207325,30,v6,88000000ffffffffffffa8dd9f4dc5b5
125,8.040626890,11.365781,30,v6,88000000ffffffffffffa8dd9f4dc5b5
126,8.050980677,10.353787,30,v6,88000000ffffffffffffa8dd9f4dc5b5
127,8.061970516,10.989839,30,v6,88000000ffffffffffffa8dd9f4dc5b5
128,8.072082976,10.112460,30,v6,88000000ffffffffffffa8dd9f4dc5b5
129,8.083212031,11.129055,30,v6,88000000ffffffffffffa8dd9f4dc5b5
130,8.093354623,10.142592,30,v6,88000000ffffffffffffa8dd9f4dc5b5
131,8.104716279,11.361656,30,v6,88000000ffffffffffffa8dd9f4dc5b5
132,8.114846725,10.130446,30,v6,88000000ffffffffffffa8dd9f4dc5b5
133,8.126813082,11.966357,30,v6,88000000ffffffffffffa8dd9f4dc5b5
134,8.137966822,11.153740,30,v6,88000000ffffffffffffa8dd9f4dc5b5
135,8.148089297,10.122475,30,v6,88000000ffffffffffffa8dd9f4dc5b5
136,8.159670507,11.581210,30,v6,88000000ffffffffffffa8dd9f4dc5b5
137,8.169500172,9.829665,30,v6,88000000ffffffffffffa8dd9f4dc5b5
138,8.181001485,11.501313,30,v6,88000000ffffffffffffa8dd9f4dc5b5
139,8.190934482,9.932997,30,v6,88000000ffffffffffffa8dd9f4dc5b5
140,8.202068407,11.133925,30,v6,88000000ffffffffffffa8dd9f4dc5b5
141,8.212340378,10.271971,30,v6,88000000ffffffffffffa8dd9f4dc5b5
142,8.223794162,11.453784,30,v6,88000000ffffffffffffa8dd9f4dc5b5
143,8.233650139,9.855977,30,v6,88000000ffffffffffffa8dd9f4dc5b5
144,8.244902879,11.252740,30,v6,88000000ffffffffffffa8dd9f4dc5b5
145,8.255157395,10.254516,30,v6,88000000ffffffffffffa8dd9f4dc5b5
146,8.266139583,10.982188,30,v6,88000000ffffffffffffa8dd9f4dc5b5
147,8.276216825,10.077242,30,v6,88000000ffffffffffffa8dd9f4dc5b5
148,8.287475475,11.258650,30,v6,88000000ffffffffffffa8dd9f4dc5b5
149,8.297497282,10.021807,30,v6,88000000ffffffffffffa8dd9f4dc5b5
150,8.308891654,11.394372,30,v6,88000000ffffffffffffa8dd9f4dc5b5
151,8.319917728,11.026074,30,v6,88000000ffffffffffffa8dd9f4dc5b5
152,8.330004739,10.087011,30,v6,88000000ffffffffffffa8dd9f4dc5b5
153,8.342558293,12.553554,30,v6,88000000ffffffffffffa8dd9f4dc5b5
154,8.352557055,9.998762,30,v6,88000000ffffffffffffa8dd9f4dc5b5
155,8.362651332,10.094277,30,v6,88000000ffffffffffffa8dd9f4dc5b5
156,8.373976229,11.324897,30,v6,88000000ffffffffffffa8dd9f4dc5b5
157,8.385196989,11.220760,30,v6,88000000ffffffffffffa8dd9f4dc5b5
158,8.395042560,9.845571,30,v6,88000000ffffffffffffa8dd9f4dc5b5
159,8.406247499,11.204939,30,v6,88000000ffffffffffffa8dd9f4dc5b5
160,8.416691177,10.443678,30,v6,88000000ffffffffffffa8dd9f4dc5b5
161,8.427802260,11.111083,30,v6,88000000ffffffffffffa8dd9f4dc5b5
162,8.438128573,10.326313,30,v6,88000000ffffffffffffa8dd9f4dc5b5
163,8.448974569,10.845996,30,v6,88000000ffffffffffffa8dd9f4dc5b5
164,8.459059366,10.084797,30,v6,88000000ffffffffffffa8dd9f4dc5b5
165,8.470355098,11.295732,30,v6,88000000ffffffffffffa8dd9f4dc5b5
166,8.480582263,10.227165,30,v6,88000000ffffffffffffa8dd9f4dc5b5
167,8.491857251,11.274988,30,v6,88000000ffffffffffffa8dd9f4dc5b5
168,8.501836145,9.978894,30,v6,88000000ffffffffffffa8dd9f4dc5b5
169,8.514104328,12.268183,30,v6,88000000ffffffffffffa8dd9f4dc5b5
170,8.525266718,11.162390,30,v6,88000000ffffffffffffa8dd9f4dc5b5
171,8.535619250,10.352532,30,v6,88000000ffffffffffffa8dd9f4dc5b5
172,8.546675799,11.056549,30,v6,88000000ffffffffffffa8dd9f4dc5b5
173,8.556665981,9.990182,30,v6,88000000ffffffffffffa8dd9f4dc5b5
174,8.567849440,11.183459,30,v6,88000000ffffffffffffa8dd9f4dc5b5
175,8.577975301,10.125861,30,v6,88000000ffffffffffffa8dd9f4dc5b5
176,8.589181607,11.206306,30,v6,88000000ffffffffffffa8dd9f4dc5b5
177,8.599494312,10.312705,30,v6,88000000ffffffffffffa8dd9f4dc5b5
178,8.609650597,10.156285,30,v6,88000000ffffffffffffa8dd9f4dc5b5
179,8.620760769,11.110172,30,v6,88000000ffffffffffffa8dd9f4dc5b5
180,8.631900050,11.139281,30,v6,88000000ffffffffffffa8dd9f4dc5b5
181,8.644135970,12.235920,30,v6,88000000ffffffffffffa8dd9f4dc5b5
182,8.654251969,10.115999,30,v6,88000000ffffffffffffa8dd9f4dc5b5
183,8.665543503,11.291534,30,v6,88000000ffffffffffffa8dd9f4dc5b5
184,8.675687932,10.144429,30,v6,88000000ffffffffffffa8dd9f4dc5b5
185,8.686873120,11.185188,30,v6,88000000ffffffffffffa8dd9f4dc5b5
186,8.696938614,10.065494,30,v6,88000000ffffffffffffa8dd9f4dc5b5
187,8.708091459,11.152845,30,v6,88000000ffffffffffffa8dd9f4dc5b5
188,8.718337209,10.245750,30,v6,88000000ffffffffffffa8dd9f4dc5b5
189,8.729410915,11.073706,30,v6,88000000ffffffffffffa8dd9f4dc5b5
190,8.739631973,10.221058,30,v6,88000000ffffffffffffa8dd9f4dc5b5
191,8.750772717,11.140744,30,v6,88000000ffffffffffffa8dd9f4dc5b5
192,8.760966034,10.193317,30,v6,88000000ffffffffffffa8dd9f4dc5b5
193,8.772346343,11.380309,30,v6,88000000ffffffffffffa8dd9f4dc5b5
194,8.783413076,11.066733,30,v6,88000000ffffffffffffa8dd9f4dc5b5
195,8.794565161,11.152085,30,v6,88000000ffffffffffffa8dd9f4dc5b5
196,8.805789533,11.224372,30,v6,88000000ffffffffffffa8dd9f4dc5b5
197,8.815723588,9.934055,30,v6,88000000ffffffffffffa8dd9f4dc5b5
198,8.826122909,10.399321,30,v6,88000000ffffffffffffa8dd9f4dc5b5
199,8.837114448,10.991539,30,v6,88000000ffffffffffffa8dd9f4dc5b5
200,8.847252229,10.137781,30,v6,88000000ffffffffffffa8dd9f4dc5b5
201,8.858571903,11.319674,30,v6,88000000ffffffffffffa8dd9f4dc5b5
202,8.869946513,11.374610,30,v6,88000000ffffffffffffa8dd9f4dc5b5
203,8.880032489,10.085976,30,v6,88000000ffffffffffffa8dd9f4dc5b5
204,8.890864977,10.832488,30,v6,88000000ffffffffffffa8dd9f4dc5b5
205,8.901046585,10.181608,30,v6,88000000ffffffffffffa8dd9f4dc5b5
206,8.912220555,11.173970,30,v6,88000000ffffffffffffa8dd9f4dc5b5
207,8.922336043,10.115488,30,v6,88000000ffffffffffffa8dd9f4dc5b5
208,8.934912707,12.576664,30,v6,88000000ffffffffffffa8dd9f4dc5b5
209,8.944924410,10.011703,30,v6,88000000ffffffffffffa8dd9f4dc5b5
210,8.955970259,11.045849,30,v6,88000000ffffffffffffa8dd9f4dc5b5
211,8.966116972,10.146713,30,v6,88000000ffffffffffffa8dd9f4dc5b5
212,8.977284055,11.167083,30,v6,88000000ffffffffffffa8dd9f4dc5b5
213,8.987506974,10.222919,30,v6,88000000ffffffffffffa8dd9f4dc5b5
214,8.998760768,11.253794,30,v6,88000000ffffffffffffa8dd9f4dc5b5
215,9.008859433,10.098665,30,v6,88000000ffffffffffffa8dd9f4dc5b5
216,9.019981618,11.122185,30,v6,88000000ffffffffffffa8dd9f4dc5b5
217,9.031252643,11.271025,30,v6,88000000ffffffffffffa8dd9f4dc5b5
218,9.041264365,10.011722,30,v6,88000000ffffffffffffa8dd9f4dc5b5
219,9.053612753,12.348388,30,v6,88000000ffffffffffffa8dd9f4dc5b5
220,9.063728116,10.115363,30,v6,88000000ffffffffffffa8dd9f4dc5b5
221,9.073859118,10.131002,30,v6,88000000ffffffffffffa8dd9f4dc5b5
222,9.084858398,10.999280,30,v6,88000000ffffffffffffa8dd9f4dc5b5
223,9.096146315,11.287917,30,v6,88000000ffffffffffffa8dd9f4dc5b5
224,9.106505502,10.359187,30,v6,88000000ffffffffffffa8dd9f4dc5b5
225,9.117519603,11.014101,30,v6,88000000ffffffffffffa8dd9f4dc5b5
226,9.127823998,10.304395,30,v6,88000000ffffffffffffa8dd9f4dc5b5
227,9.138134217,10.310219,30,v6,88000000ffffffffffffa8dd9f4dc5b5
228,9.149089696,10.955479,30,v6,88000000ffffffffffffa8dd9f4dc5b5
229,9.160213135,11.123439,30,v6,88000000ffffffffffffa8dd9f4dc5b5
230,9.170371703,10.158568,30,v6,88000000ffffffffffffa8dd9f4dc5b5
231,9.181748153,11.376450,30,v6,88000000ffffffffffffa8dd9f4dc5b5
232,9.194199488,12.451335,30,v6,88000000ffffffffffffa8dd9f4dc5b5
233,9.203816291,9.616803,30,v6,88000000ffffffffffffa8dd9f4dc5b5
234,9.215082232,11.265941,30,v6,88000000ffffffffffffa8dd9f4dc5b5
235,9.225643872,10.561640,30,v6,88000000ffffffffffffa8dd9f4dc5b5
236,9.235392677,9.748805,30,v6,88000000ffffffffffffa8dd9f4dc5b5
237,9.246726705,11.334028,30,v6,88000000ffffffffffffa8dd9f4dc5b5
238,9.257966288,11.239583,30,v6,88000000ffffffffffffa8dd9f4dc5b5
239,9.268038692,10.072404,30,v6,88000000ffffffffffffa8dd9f4dc5b5
240,9.279271201,11.232509,30,v6,88000000ffffffffffffa8dd9f4dc5b5
241,9.289244860,9.973659,30,v6,88000000ffffffffffffa8dd9f4dc5b5
242,9.300393498,11.148638,30,v6,88000000ffffffffffffa8dd9f4dc5b5
243,9.311759741,11.366243,30,v6,88000000ffffffffffffa8dd9f4dc5b5
244,9.322703196,10.943455,30,v6,88000000ffffffffffffa8dd9f4dc5b5
245,9.333015269,10.312073,30,v6,88000000ffffffffffffa8dd9f4dc5b5
246,9.343943960,10.928691,30,v6,88000000ffffffffffffa8dd9f4dc5b5
247,9.354142032,10.198072,30,v6,88000000ffffffffffffa8dd9f4dc5b5
248,9.365592319,11.450287,30,v6,88000000ffffffffffffa8dd9f4dc5b5
249,9.375526964,9.934645,30,v6,88000000ffffffffffffa8dd9f4dc5b5
250,9.386863161,11.336197,30,v6,88000000ffffffffffffa8dd9f4dc5b5
251,9.396941175,10.078014,30,v6,88000000ffffffffffffa8dd9f4dc5b5
252,9.408007371,11.066196,30,v6,88000000ffffffffffffa8dd9f4dc5b5
253,9.418335773,10.328402,30,v6,88000000ffffffffffffa8dd9f4dc5b5
254,9.430451728,12.115955,30,v6,88000000ffffffffffffa8dd9f4dc5b5
255,9.440582581,10.130853,30,v6,88000000ffffffffffffa8dd9f4dc5b5
256,9.451702695,11.120114,30,v6,88000000ffffffffffffa8dd9f4dc5b5
257,9.462105114,10.402419,30,v6,88000000ffffffffffffa8dd9f4dc5b5
258,9.473066459,10.961345,30,v6,88000000ffffffffffffa8dd9f4dc5b5
259,9.483761941,10.695482,30,v6,88000000ffffffffffffa8dd9f4dc5b5
260,9.494734109,10.972168,30,v6,88000000ffffffffffffa8dd9f4dc5b5
261,9.504834317,10.100208,30,v6,88000000ffffffffffffa8dd9f4dc5b5
262,9.515927045,11.092728,30,v6,88000000ffffffffffffa8dd9f4dc5b5
263,9.526073045,10.146000,30,v6,88000000ffffffffffffa8dd9f4dc5b5
264,9.537201259,11.128214,30,v6,88000000ffffffffffffa8dd9f4dc5b5
265,9.548295134,11.093875,30,v6,88000000ffffffffffffa8dd9f4dc5b5
266,9.559612326,11.317192,30,v6,88000000ffffffffffffa8dd9f4dc5b5
267,9.569598013,9.985687,30,v6,88000000ffffffffffffa8dd9f4dc5b5
268,9.580796304,11.198291,30,v6,88000000ffffffffffffa8dd9f4dc5b5
269,9.590938605,10.142301,30,v6,88000000ffffffffffffa8dd9f4dc5b5
270,9.602162896,11.224291,30,v6,88000000ffffffffffffa8dd9f4dc5b5
271,9.612393181,10.230285,30,v6,88000000ffffffffffffa8dd9f4dc5b5
272,9.623490719,11.097538,30,v6,88000000ffffffffffffa8dd9f4dc5b5
273,9.633623067,10.132348,30,v6,88000000ffffffffffffa8dd9f4dc5b5
274,9.645101761,11.478694,30,v6,88000000ffffffffffffa8dd9f4dc5b5
275,9.654867756,9.765995,30,v6,88000000ffffffffffffa8dd9f4dc5b5
276,9.666178172,11.310416,30,v6,88000000ffffffffffffa8dd9f4dc5b5
277,9.677304172,11.126000,30,v6,88000000ffffffffffffa8dd9f4dc5b5
278,9.688310461,11.006289,30,v6,88000000ffffffffffffa8dd9f4dc5b5
279,9.698673551,10.363090,30,v6,88000000ffffffffffffa8dd9f4dc5b5
280,9.710116768,11.443217,30,v6,88000000ffffffffffffa8dd9f4dc5b5
281,9.719915701,9.798933,30,v6,88000000ffffffffffffa8dd9f4dc5b5
282,9.731103071,11.187370,30,v6,88000000ffffffffffffa8dd9f4dc5b5
283,9.741330648,10.227577,30,v6,88000000ffffffffffffa8dd9f4dc5b5
284,9.752508252,11.177604,30,v6,88000000ffffffffffffa8dd9f4dc5b5
285,9.762671386,10.163134,30,v6,88000000ffffffffffffa8dd9f4dc5b5
286,9.774055145,11.383759,30,v6,88000000ffffffffffffa8dd9f4dc5b5
287,9.784052321,9.997176,30,v6,88000000ffffffffffffa8dd9f4dc5b5
288,9.795205580,11.153259,30,v6,88000000ffffffffffffa8dd9f4dc5b5
289,9.805446195,10.240615,30,v6,88000000ffffffffffffa8dd9f4dc5b5
290,9.816498518,11.052323,30,v6,88000000ffffffffffffa8dd9f4dc5b5
291,9.828708066,12.209548,30,v6,88000000ffffffffffffa8dd9f4dc5b5
292,9.838983686,10.275620,30,v6,88000000ffffffffffffa8dd9f4dc5b5
293,9.850088982,11.105296,30,v6,88000000ffffffffffffa8dd9f4dc5b5
294,9.860196384,10.107402,30,v6,88000000ffffffffffffa8dd9f4dc5b5
295,9.871344121,11.147737,30,v6,88000000ffffffffffffa8dd9f4dc5b5
296,9.881516462,10.172341,30,v6,88000000ffffffffffffa8dd9f4dc5b5
297,9.892904040,11.387578,30,v6,88000000ffffffffffffa8dd9f4dc5b5
298,9.903009057,10.105017,30,v6,88000000ffffffffffffa8dd9f4dc5b5
299,9.914116359,11.107302,30,v6,88000000ffffffffffffa8dd9f4dc5b5
300,9.924241588,10.125229,30,v6,88000000ffffffffffffa8dd9f4dc5b5
301,9.934517704,10.276116,30,v6,88000000ffffffffffffa8dd9f4dc5b5
302,9.945539553,11.021849,30,v6,88000000ffffffffffffa8dd9f4dc5b5
303,9.956987218,11.447665,30,v6,88000000ffffffffffffa8dd9f4dc5b5
304,9.967153800,10.166582,30,v6,88000000ffffffffffffa8dd9f4dc5b5
305,9.979200993,12.047193,30,v6,88000000ffffffffffffa8dd9f4dc5b5
306,9.989242202,10.041209,30,v6,88000000ffffffffffffa8dd9f4dc5b5
307,10.000630043,11.387841,30,v6,88000000ffffffffffffa8dd9f4dc5b5
308,10.010796743,10.166700,30,v6,88000000ffffffffffffa8dd9f4dc5b5
309,10.021909298,11.112555,30,v6,88000000ffffffffffffa8dd9f4dc5b5
310,10.032003659,10.094361,30,v6,88000000ffffffffffffa8dd9f4dc5b5
311,10.043326560,11.322901,30,v6,88000000ffffffffffffa8dd9f4dc5b5
312,10.053231304,9.904744,30,v6,88000000ffffffffffffa8dd9f4dc5b5
313,10.063675399,10.444095,30,v6,88000000ffffffffffffa8dd9f4dc5b5
314,10.074736848,11.061449,30,v6,88000000ffffffffffffa8dd9f4dc5b5
315,10.085911899,11.175051,30,v6,88000000ffffffffffffa8dd9f4dc5b5
316,10.095981621,10.069722,30,v6,88000000ffffffffffffa8dd9f4dc5b5
317,10.108158071,12.176450,30,v6,88000000ffffffffffffa8dd9f4dc5b5
318,10.118241337,10.083266,30,v6,88000000ffffffffffffa8dd9f4dc5b5
319,10.129625549,11.384212,30,v6,88000000ffffffffffffa8dd9f4dc5b5
320,10.139842985,10.217436,30,v6,88000000ffffffffffffa8dd9f4dc5b5
321,10.150869813,11.026828,30,v6,88000000ffffffffffffa8dd9f4dc5b5
322,10.160896428,10.026615,30,v6,88000000ffffffffffffa8dd9f4dc5b5
323,10.172171433,11.275005,30,v6,88000000ffffffffffffa8dd9f4dc5b5
324,10.182164427,9.992994,30,v6,88000000ffffffffffffa8dd9f4dc5b5
325,10.193584150,11.419723,30,v6,88000000ffffffffffffa8dd9f4dc5b5
326,10.203702127,10.117977,30,v6,88000000ffffffffffffa8dd9f4dc5b5
327,10.213746991,10.044864,30,v6,88000000ffffffffffffa8dd9f4dc5b5
328,10.225148984,11.401993,30,v6,88000000ffffffffffffa8dd9f4dc5b5
329,10.236187277,11.038293,30,v6,88000000ffffffffffffa8dd9f4dc5b5
330,10.247574091,11.386814,30,v6,88000000ffffffffffffa8dd9f4dc5b5
331,10.257578524,10.004433,30,v6,88000000ffffffffffffa8dd9f4dc5b5
332,10.268631448,11.052924,30,v6,88000000ffffffffffffa8dd9f4dc5b5
333,10.278820973,10.189525,30,v6,88000000ffffffffffffa8dd9f4dc5b5
334,10.289987137,11.166164,30,v6,88000000ffffffffffffa8dd9f4dc5b5
335,10.301147536,11.160399,30,v6,88000000ffffffffffffa8dd9f4dc5b5
336,10.311341061,10.193525,30,v6,88000000ffffffffffffa8dd9f4dc5b5
337,10.322621936,11.280875,30,v6,88000000ffffffffffffa8dd9f4dc5b5
338,10.332601869,9.979933,30,v6,88000000ffffffffffffa8dd9f4dc5b5
339,10.343786974,11.185105,30,v6,88000000ffffffffffffa8dd9f4dc5b5
340,10.354949822,11.162848,30,v6,88000000ffffffffffffa8dd9f4dc5b5
341,10.364977541,10.027719,30,v6,88000000ffffffffffffa8dd9f4dc5b5
342,10.377333118,12.355577,30,v6,88000000ffffffffffffa8dd9f4dc5b5
343,10.387665154,10.332036,30,v6,88000000ffffffffffffa8dd9f4dc5b5
344,10.398845241,11.180087,30,v6,88000000ffffffffffffa8dd9f4dc5b5
345,10.409087797,10.242556,30,v6,88000000ffffffffffffa8dd9f4dc5b5
346,10.420072043,10.984246,30,v6,88000000ffffffffffffa8dd9f4dc5b5
347,10.430165203,10.093160,30,v6,88000000ffffffffffffa8dd9f4dc5b5
348,10.441502191,11.336988,30,v6,88000000ffffffffffffa8dd9f4dc5b5
349,10.452677014,11.174823,30,v6,88000000ffffffffffffa8dd9f4dc5b5
350,10.462698824,10.021810,30,v6,88000000ffffffffffffa8dd9f4dc5b5
351,10.474020483,11.321659,30,v6,88000000ffffffffffffa8dd9f4dc5b5
352,10.483987405,9.966922,30,v6,88000000ffffffffffffa8dd9f4dc5b5
353,10.495457980,11.470575,30,v6,88000000ffffffffffffa8dd9f4dc5b5
354,10.506788938,11.330958,30,v6,88000000ffffffffffffa8dd9f4dc5b5
355,10.517736732,10.947794,30,v6,88000000ffffffffffffa8dd9f4dc5b5
356,10.527884336,10.147604,30,v6,88000000ffffffffffffa8dd9f4dc5b5
357,10.539039167,11.154831,30,v6,88000000ffffffffffffa8dd9f4dc5b5
358,10.549118874,10.079707,30,v6,88000000ffffffffffffa8dd9f4dc5b5
359,10.560329397,11.210523,30,v6,88000000ffffffffffffa8dd9f4dc5b5
360,10.570349191,10.019794,30,v6,88000000ffffffffffffa8dd9f4dc5b5
361,10.581650992,11.301801,30,v6,88000000ffffffffffffa8dd9f4dc5b5
362,10.591830465,10.179473,30,v6,88000000ffffffffffffa8dd9f4dc5b5
363,10.602076884,10.246419,30,v6,88000000ffffffffffffa8dd9f4dc5b5
364,10.612984293,10.907409,30,v6,88000000ffffffffffffa8dd9f4dc5b5
365,10.624231988,11.247695,30,v6,88000000ffffffffffffa8dd9f4dc5b5
366,10.634545240,10.313252,30,v6,88000000ffffffffffffa8dd9f4dc5b5
367,10.645564597,11.019357,30,v6,88000000ffffffffffffa8dd9f4dc5b5
368,10.655723039,10.158442,30,v6,88000000ffffffffffffa8dd9f4dc5b5
369,10.668006585,12.283546,30,v6,88000000ffffffffffffa8dd9f4dc5b5
370,10.679024196,11.017611,30,v6,88000000ffffffffffffa8dd9f4dc5b5
371,10.689211902,10.187706,30,v6,88000000ffffffffffffa8dd9f4dc5b5
372,10.700399705,11.187803,30,v6,88000000ffffffffffffa8dd9f4dc5b5
373,10.710572280,10.172575,30,v6,88000000ffffffffffffa8dd9f4dc5b5
374,10.721925661,11.353381,30,v6,88000000ffffffffffffa8dd9f4dc5b5
375,10.731907215,9.981554,30,v6,88000000ffffffffffffa8dd9f4dc5b5
376,10.742196995,10.289780,30,v6,88000000ffffffffffffa8dd9f4dc5b5
377,10.753133295,10.936300,30,v6,88000000ffffffffffffa8dd9f4dc5b5
378,10.763419785,10.286490,30,v6,88000000ffffffffffffa8dd9f4dc5b5
379,10.774602132,11.182347,30,v6,88000000ffffffffffffa8dd9f4dc5b5
380,10.785811917,11.209785,30,v6,88000000ffffffffffffa8dd9f4dc5b5
381,10.796871469,11.059552,30,v6,88000000ffffffffffffa8dd9f4dc5b5
382,10.807055462,10.183993,30,v6,88000000ffffffffffffa8dd9f4dc5b5
383,10.818275620,11.220158,30,v6,88000000ffffffffffffa8dd9f4dc5b5
384,10.829415555,11.139935,30,v6,88000000ffffffffffffa8dd9f4dc5b5
385,10.839639363,10.223808,30,v6,88000000ffffffffffffa8dd9f4dc5b5
386,10.850938273,11.298910,30,v6,88000000ffffffffffffa8dd9f4dc5b5
387,10.861099570,10.161297,30,v6,88000000ffffffffffffa8dd9f4dc5b5
388,10.872177846,11.078276,30,v6,88000000ffffffffffffa8dd9f4dc5b5
389,10.882302995,10.125149,30,v6,88000000ffffffffffffa8dd9f4dc5b5
390,10.893393797,11.090802,30,v6,88000000ffffffffffffa8dd9f4dc5b5
391,10.903669012,10.275215,30,v6,88000000ffffffffffffa8dd9f4dc5b5
392,10.914876609,11.207597,30,v6,88000000ffffffffffffa8dd9f4dc5b5
393,10.925922946,11.046337,30,v6,88000000ffffffffffffa8dd9f4dc5b5
394,10.936092083,10.169137,30,v6,88000000ffffffffffffa8dd9f4dc5b5
395,10.946283865,10.191782,30,v6,88000000ffffffffffffa8dd9f4dc5b5
396,10.957424176,11.140311,30,v6,88000000ffffffffffffa8dd9f4dc5b5
397,10.968580030,11.155854,30,v6,88000000ffffffffffffa8dd9f4dc5b5
398,10.979797921,11.217891,30,v6,88000000ffffffffffffa8dd9f4dc5b5
399,10.990872956,11.075035,30,v6,88000000ffffffffffffa8dd9f4dc5b5
400,11.001123588,10.250632,30,v6,88000000ffffffffffffa8dd9f4dc5b5
401,11.012463375,11.339787,30,v6,88000000ffffffffffffa8dd9f4dc5b5
402,11.022388195,9.924820,30,v6,88000000ffffffffffffa8dd9f4dc5b5
403,11.033841677,11.453482,30,v6,88000000ffffffffffffa8dd9f4dc5b5
404,11.043712165,9.870488,30,v6,88000000ffffffffffffa8dd9f4dc5b5
405,11.055005788,11.293623,30,v6,88000000ffffffffffffa8dd9f4dc5b5
406,11.065127488,10.121700,30,v6,88000000ffffffffffffa8dd9f4dc5b5
407,11.076326225,11.198737,30,v6,88000000ffffffffffffa8dd9f4dc5b5
408,11.086781379,10.455154,30,v6,88000000ffffffffffffa8dd9f4dc5b5
409,11.098743633,11.962254,30,v6,88000000ffffffffffffa8dd9f4dc5b5
410,11.109055254,10.311621,30,v6,88000000ffffffffffffa8dd9f4dc5b5
411,11.120100902,11.045648,30,v6,88000000ffffffffffffa8dd9f4dc5b5
412,11.130173980,10.073078,30,v6,88000000ffffffffffffa8dd9f4dc5b5
413,11.141420916,11.246936,30,v6,88000000ffffffffffffa8dd9f4dc5b5
414,11.151636862,10.215946,30,v6,88000000ffffffffffffa8dd9f4dc5b5
415,11.162813702,11.176840,30,v6,88000000ffffffffffffa8dd9f4dc5b5
416,11.173957600,11.143898,30,v6,88000000ffffffffffffa8dd9f4dc5b5
417,11.184060603,10.103003,30,v6,88000000ffffffffffffa8dd9f4dc5b5
418,11.194222946,10.162343,30,v6,88000000ffffffffffffa8dd9f4dc5b5
419,11.205457297,11.234351,30,v6,88000000ffffffffffffa8dd9f4dc5b5
420,11.216758206,11.300909,30,v6,88000000ffffffffffffa8dd9f4dc5b5
421,11.228060604,11.302398,30,v6,88000000ffffffffffffa8dd9f4dc5b5
422,11.239016753,10.956149,30,v6,88000000ffffffffffffa8dd9f4dc5b5
423,11.249042035,10.025282,30,v6,88000000ffffffffffffa8dd9f4dc5b5
424,11.260367438,11.325403,30,v6,88000000ffffffffffffa8dd9f4dc5b5
425,11.270529517,10.162079,30,v6,88000000ffffffffffffa8dd9f4dc5b5
426,11.280735892,10.206375,30,v6,88000000ffffffffffffa8dd9f4dc5b5
427,11.291959601,11.223709,30,v6,88000000ffffffffffffa8dd9f4dc5b5
428,11.302930528,10.970927,30,v6,88000000ffffffffffffa8dd9f4dc5b5
429,11.313984775,11.054247,30,v6,88000000ffffffffffffa8dd9f4dc5b5
430,11.324238531,10.253756,30,v6,88000000ffffffffffffa8dd9f4dc5b5
431,11.335387853,11.149322,30,v6,88000000ffffffffffffa8dd9f4dc5b5
432,11.345677892,10.290039,30,v6,88000000ffffffffffffa8dd9f4dc5b5
433,11.357840843,12.162951,30,v6,88000000ffffffffffffa8dd9f4dc5b5
434,11.368049694,10.208851,30,v6,88000000ffffffffffffa8dd9f4dc5b5
435,11.379301691,11.251997,30,v6,88000000ffffffffffffa8dd9f4dc5b5
436,11.389496483,10.194792,30,v6,88000000ffffffffffffa8dd9f4dc5b5
437,11.400367969,10.871486,30,v6,88000000ffffffffffffa8dd9f4dc5b5
438,11.410666309,10.298340,30,v6,88000000ffffffffffffa8dd9f4dc5b5
439,11.421765958,11.099649,30,v6,88000000ffffffffffffa8dd9f4dc5b5
440,11.432049071,10.283113,30,v6,88000000ffffffffffffa8dd9f4dc5b5
441,11.443132620,11.083549,30,v6,88000000ffffffffffffa8dd9f4dc5b5
442,11.453205139,10.072519,30,v6,88000000ffffffffffffa8dd9f4dc5b5
443,11.463756289,10.551150,30,v6,88000000ffffffffffffa8dd9f4dc5b5
444,11.475973644,12.217355,30,v6,88000000ffffffffffffa8dd9f4dc5b5
445,11.485911791,9.938147,30,v6,88000000ffffffffffffa8dd9f4dc5b5
446,11.497026850,11.115059,30,v6,88000000ffffffffffffa8dd9f4dc5b5
447,11.508377788,11.350938,30,v6,88000000ffffffffffffa8dd9f4dc5b5
448,11.519669873,11.292085,30,v6,88000000ffffffffffffa8dd9f4dc5b5
449,11.529597809,9.927936,30,v6,88000000ffffffffffffa8dd9f4dc5b5
450,11.540681131,11.083322,30,v6,88000000ffffffffffffa8dd9f4dc5b5
451,11.550892335,10.211204,30,v6,88000000ffffffffffffa8dd9f4dc5b5
452,11.561936074,11.043739,30,v6,88000000ffffffffffffa8dd9f4dc5b5
453,11.572275789,10.339715,30,v6,88000000ffffffffffffa8dd9f4dc5b5
454,11.583397439,11.121650,30,v6,88000000ffffffffffffa8dd9f4dc5b5
455,11.594617149,11.219710,30,v6,88000000ffffffffffffa8dd9f4dc5b5
456,11.604838409,10.221260,30,v6,88000000ffffffffffffa8dd9f4dc5b5
457,11.615341166,10.502757,30,v6,88000000ffffffffffffa8dd9f4dc5b5
458,11.625941246,10.600080,30,v6,88000000ffffffffffffa8dd9f4dc5b5
459,11.637344972,11.403726,30,v6,88000000ffffffffffffa8dd9f4dc5b5
460,11.648637324,11.292352,30,v6,88000000ffffffffffffa8dd9f4dc5b5
461,11.659566827,10.929503,30,v6,88000000ffffffffffffa8dd9f4dc5b5
462,11.669613686,10.046859,30,v6,88000000ffffffffffffa8dd9f4dc5b5
463,11.681130491,11.516805,30,v6,88000000ffffffffffffa8dd9f4dc5b5
464,11.691007943,9.877452,30,v6,88000000ffffffffffffa8dd9f4dc5b5
465,11.702302510,11.294567,30,v6,88000000ffffffffffffa8dd9f4dc5b5
466,11.712747987,10.445477,30,v6,88000000ffffffffffffa8dd9f4dc5b5
467,11.723635865,10.887878,30,v6,88000000ffffffffffffa8dd9f4dc5b5
468,11.733902803,10.266938,30,v6,88000000ffffffffffffa8dd9f4dc5b5
469,11.744956474,11.053671,30,v6,88000000ffffffffffffa8dd9f4dc5b5
470,11.755132673,10.176199,30,v6,88000000ffffffffffffa8dd9f4dc5b5
471,11.766201016,11.068343,30,v6,88000000ffffffffffffa8dd9f4dc5b5
472,11.776529509,10.328493,30,v6,88000000ffffffffffffa8dd9f4dc5b5
473,11.787523649,10.994140,30,v6,88000000ffffffffffffa8dd9f4dc5b5
474,11.797988220,10.464571,30,v6,88000000ffffffffffffa8dd9f4dc5b5
475,11.808901991,10.913771,30,v6,88000000ffffffffffffa8dd9f4dc5b5
476,11.819047989,10.145998,30,v6,88000000ffffffffffffa8dd9f4dc5b5
477,11.830242884,11.194895,30,v6,88000000ffffffffffffa8dd9f4dc5b5
478,11.841636081,11.393197,30,v6,88000000ffffffffffffa8dd9f4dc5b5
479,11.851725640,10.089559,30,v6,88000000ffffffffffffa8dd9f4dc5b5
480,11.862916050,11.190410,30,v6,88000000ffffffffffffa8dd9f4dc5b5
481,11.873850568,10.934518,30,v6,88000000ffffffffffffa8dd9f4dc5b5
482,11.883984925,10.134357,30,v6,88000000ffffffffffffa8dd9f4dc5b5
483,11.896380953,12.396028,30,v6,88000000ffffffffffffa8dd9f4dc5b5
484,11.906541079,10.160126,30,v6,88000000ffffffffffffa8dd9f4dc5b5
485,11.917642713,11.101634,30,v6,88000000ffffffffffffa8dd9f4dc5b5
486,11.928144613,10.501900,30,v6,88000000ffffffffffffa8dd9f4dc5b5
487,11.938866781,10.722168,30,v6,88000000ffffffffffffa8dd9f4dc5b5
488,11.949118567,10.251786,30,v6,88000000ffffffffffffa8dd9f4dc5b5
489,11.960488652,11.370085,30,v6,88000000ffffffffffffa8dd9f4dc5b5
490,11.970379393,9.890741,30,v6,88000000ffffffffffffa8dd9f4dc5b5
491,11.980787122,10.407729,30,v6,88000000ffffffffffffa8dd9f4dc5b5
492,11.992956279,12.169157,30,v6,88000000ffffffffffffa8dd9f4dc5b5
493,12.003848054,10.891775,30,v6,88000000ffffffffffffa8dd9f4dc5b5
494,12.014088168,10.240114,30,v6,88000000ffffffffffffa8dd9f4dc5b5
495,12.025306849,11.218681,30,v6,88000000ffffffffffffa8dd9f4dc5b5
496,12.035815713,10.508864,30,v6,88000000ffffffffffffa8dd9f4dc5b5
497,12.046902980,11.087267,30,v6,88000000ffffffffffffa8dd9f4dc5b5
498,12.056708198,9.805218,30,v6,88000000ffffffffffffa8dd9f4dc5b5
499,12.067979648,11.271450,30,v6,88000000ffffffffffffa8dd9f4dc5b5
500,12.078215188,10.235540,30,v6,88000000ffffffffffffa8dd9f4dc5b5
501,12.089517827,11.302639,30,v6,88000000ffffffffffffa8dd9f4dc5b5
502,12.099464737,9.946910,30,v6,88000000ffffffffffffa8dd9f4dc5b5
503,12.110811991,11.347254,30,v6,88000000ffffffffffffa8dd9f4dc5b5
504,12.122029544,11.217553,30,v6,88000000ffffffffffffa8dd9f4dc5b5
505,12.132189501,10.159957,30,v6,88000000ffffffffffffa8dd9f4dc5b5
506,12.143069346,10.879845,30,v6,88000000ffffffffffffa8dd9f4dc5b5
507,12.153499670,10.430324,30,v6,88000000ffffffffffffa8dd9f4dc5b5
508,12.165570263,12.070593,30,v6,88000000ffffffffffffa8dd9f4dc5b5
509,12.175989068,10.418805,30,v6,88000000ffffffffffffa8dd9f4dc5b5
510,12.186823445,10.834377,30,v6,88000000ffffffffffffa8dd9f4dc5b5
511,12.197099336,10.275891,30,v6,88000000ffffffffffffa8dd9f4dc5b5
512,12.207286095,10.186759,30,v6,88000000ffffffffffffa8dd9f4dc5b5
513,12.228762140,21.476045,30,v6,88000000ffffffffffffa8dd9f4dc5b5
514,12.239810065,11.047925,30,v6,88000000ffffffffffffa8dd9f4dc5b5
515,12.251143809,11.333744,30,v6,88000000ffffffffffffa8dd9f4dc5b5
516,12.261134470,9.990661,30,v6,88000000ffffffffffffa8dd9f4dc5b5
517,12.272213189,11.078719,30,v6,88000000ffffffffffffa8dd9f4dc5b5
518,12.282322543,10.109354,30,v6,88000000ffffffffffffa8dd9f4dc5b5
519,12.294705923,12.383380,30,v6,88000000ffffffffffffa8dd9f4dc5b5
520,12.304842835,10.136912,30,v6,88000000ffffffffffffa8dd9f4dc5b5
521,12.316038393,11.195558,30,v6,88000000ffffffffffffa8dd9f4dc5b5
522,12.327020316,10.981923,30,v6,88000000ffffffffffffa8dd9f4dc5b5
523,12.337182046,10.161730,30,v6,88000000ffffffffffffa8dd9f4dc5b5
524,12.347593877,10.411831,30,v6,88000000ffffffffffffa8dd9f4dc5b5
525,12.358537349,10.943472,30,v6,88000000ffffffffffffa8dd9f4dc5b5
526,12.369881474,11.344125,30,v6,88000000ffffffffffffa8dd9f4dc5b5
527,12.379947081,10.065607,30,v6,88000000ffffffffffffa8dd9f4dc5b5
528,12.390058059,10.110978,30,v6,88000000ffffffffffffa8dd9f4dc5b5
529,12.401198616,11.140557,30,v6,88000000ffffffffffffa8dd9f4dc5b5
530,12.412689466,11.490850,30,v6,88000000ffffffffffffa8dd9f4dc5b5
531,12.423562702,10.873236,30,v6,88000000ffffffffffffa8dd9f4dc5b5
532,12.434756228,11.193526,30,v6,88000000ffffffffffffa8dd9f4dc5b5
533,12.445006840,10.250612,30,v6,88000000ffffffffffffa8dd9f4dc5b5
534,12.456303411,11.296571,30,v6,88000000ffffffffffffa8dd9f4dc5b5
535,12.466309670,10.006259,30,v6,88000000ffffffffffffa8dd9f4dc5b5
536,12.477780288,11.470618,30,v6,88000000ffffffffffffa8dd9f4dc5b5
537,12.487543264,9.762976,30,v6,88000000ffffffffffffa8dd9f4dc5b5
538,12.498691481,11.148217,30,v6,88000000ffffffffffffa8dd9f4dc5b5
539,12.509022695,10.331214,30,v6,88000000ffffffffffffa8dd9f4dc5b5
540,12.520133611,11.110916,30,v6,88000000ffffffffffffa8dd9f4dc5b5
541,12.530693676,10.560065,30,v6,88000000ffffffffffffa8dd9f4dc5b5
542,12.541639730,10.946054,30,v6,88000000ffffffffffffa8dd9f4dc5b5
543,12.551742481,10.102751,30,v6,88000000ffffffffffffa8dd9f4dc5b5
544,12.562883456,11.140975,30,v6,88000000ffffffffffffa8dd9f4dc5b5
545,12.573896532,11.013076,30,v6,88000000ffffffffffffa8dd9f4dc5b5
546,12.583991083,10.094551,30,v6,88000000ffffffffffffa8dd9f4dc5b5
547,12.596158306,12.167223,30,v6,88000000ffffffffffffa8dd9f4dc5b5
548,12.606605062,10.446756,30,v6,88000000ffffffffffffa8dd9f4dc5b5
549,12.617780108,11.175046,30,v6,88000000ffffffffffffa8dd9f4dc5b5
550,12.627779663,9.999555,30,v6,88000000ffffffffffffa8dd9f4dc5b5
551,12.638995539,11.215876,30,v6,88000000ffffffffffffa8dd9f4dc5b5
552,12.649027795,10.032256,30,v6,88000000ffffffffffffa8dd9f4dc5b5
553,12.660317340,11.289545,30,v6,88000000ffffffffffffa8dd9f4dc5b5
