rx_idx,phy,tap,frame_event,len,step,run,tag,wait_us,ts_us,seq,rx_t_ms,swap_ms
0,H,wlan_ah_v6_frames,rx,30,-1,-1,-1,-1,-1,158,298.716,1.522
1,H,wlan_ah_v6_frames,rx,30,-1,-1,-1,-1,-1,158,307.505,1.403
2,H,wlan_ah_v6_frames,rx,30,-1,-1,-1,-1,-1,158,316.387,2.034
3,H,wlan_ah_v6_frames,rx,30,-1,-1,-1,-1,-1,158,325.262,1.621
4,H,wlan_ah_v6_frames,rx,30,-1,-1,-1,-1,-1,158,333.961,2.186
5,H,wlan_ah_v6_frames,rx,30,-1,-1,-1,-1,-1,158,342.817,1.405
6,H,wlan_ah_v6_frames,rx,30,-1,-1,-1,-1,-1,158,351.816,1.389
7,H,wlan_ah_v6_frames,rx,30,-1,-1,-1,-1,-1,158,360.515,1.769
8,H,wlan_ah_v6_frames,rx,30,-1,-1,-1,-1,-1,158,369.333,2.494
9,H,wlan_ah_v6_frames,rx,30,-1,-1,-1,-1,-1,158,378.195,1.436
10,H,wlan_ah_v6_frames,rx,30,-1,-1,-1,-1,-1,158,386.925,1.438
11,H,wlan_ah_v6_frames,rx,30,-1,-1,-1,-1,-1,158,395.769,1.449
12,H,wlan_ah_v6_frames,rx,30,-1,-1,-1,-1,-1,158,404.720,1.131
13,H,wlan_ah_v6_frames,rx,30,-1,-1,-1,-1,-1,158,413.501,1.476
14,H,wlan_ah_v6_frames,rx,30,-1,-1,-1,-1,-1,158,422.365,1.377
15,H,wlan_ah_v6_frames,rx,30,-1,-1,-1,-1,-1,158,431.232,1.318
16,H,wlan_ah_v6_frames,rx,30,-1,-1,-1,-1,-1,158,440.025,2.050
17,H,wlan_ah_v6_frames,rx,30,-1,-1,-1,-1,-1,158,448.836,1.162
18,H,wlan_ah_v6_frames,rx,30,-1,-1,-1,-1,-1,158,457.652,2.243
19,H,wlan_ah_v6_frames,rx,30,-1,-1,-1,-1,-1,158,466.496,2.122
20,H,wlan_ah_v6_frames,rx,30,-1,-1,-1,-1,-1,158,475.245,1.160
21,H,wlan_ah_v6_frames,rx,30,-1,-1,-1,-1,-1,158,484.182,2.072
22,H,wlan_ah_v6_frames,rx,30,-1,-1,-1,-1,-1,158,492.907,1.728
23,H,wlan_ah_v6_frames,rx,30,-1,-1,-1,-1,-1,158,501.820,1.509
24,H,wlan_ah_v6_frames,rx,30,-1,-1,-1,-1,-1,158,510.629,1.819
25,H,wlan_ah_v6_frames,rx,30,-1,-1,-1,-1,-1,158,519.462,1.178
26,H,wlan_ah_v6_frames,rx,30,-1,-1,-1,-1,-1,158,528.302,1.454
27,H,wlan_ah_v6_frames,rx,30,-1,-1,-1,-1,-1,158,537.111,1.244
28,H,wlan_ah_v6_frames,rx,30,-1,-1,-1,-1,-1,158,545.936,1.455
29,H,wlan_ah_v6_frames,rx,30,-1,-1,-1,-1,-1,158,554.790,1.183
30,H,wlan_ah_v6_frames,rx,30,-1,-1,-1,-1,-1,158,563.642,2.183
31,H,wlan_ah_v6_frames,rx,30,-1,-1,-1,-1,-1,158,572.445,1.395
32,H,wlan_ah_v6_frames,rx,30,-1,-1,-1,-1,-1,158,581.248,1.283
33,H,wlan_ah_v6_frames,rx,30,-1,-1,-1,-1,-1,158,590.179,2.128
34,H,wlan_ah_v6_frames,rx,30,-1,-1,-1,-1,-1,158,598.944,1.455
35,H,wlan_ah_v6_frames,rx,30,-1,-1,-1,-1,-1,158,607.762,1.586
36,H,wlan_ah_v6_frames,rx,30,-1,-1,-1,-1,-1,158,616.605,1.668
37,H,wlan_ah_v6_frames,rx,30,-1,-1,-1,-1,-1,158,625.396,1.161
38,H,wlan_ah_v6_frames,rx,30,-1,-1,-1,-1,-1,158,634.230,1.213
39,H,wlan_ah_v6_frames,rx,30,-1,-1,-1,-1,-1,158,643.124,1.326
40,H,wlan_ah_v6_frames,rx,30,-1,-1,-1,-1,-1,158,651.923,1.400
41,H,wlan_ah_v6_frames,rx,30,-1,-1,-1,-1,-1,158,660.728,1.334
42,H,wlan_ah_v6_frames,rx,30,-1,-1,-1,-1,-1,158,669.589,1.139
43,H,wlan_ah_v6_frames,rx,30,-1,-1,-1,-1,-1,158,678.353,2.275
44,H,wlan_ah_v6_frames,rx,30,-1,-1,-1,-1,-1,158,687.180,1.148
45,H,wlan_ah_v6_frames,rx,30,-1,-1,-1,-1,-1,158,696.030,2.159
46,H,wlan_ah_v6_frames,rx,30,-1,-1,-1,-1,-1,158,704.859,1.191
47,H,wlan_ah_v6_frames,rx,30,-1,-1,-1,-1,-1,158,713.656,1.094
48,H,wlan_ah_v6_frames,rx,30,-1,-1,-1,-1,-1,158,722.545,1.363
49,H,wlan_ah_v6_frames,rx,30,-1,-1,-1,-1,-1,158,731.366,1.480
50,H,wlan_ah_v6_frames,rx,30,-1,-1,-1,-1,-1,158,740.215,2.127
51,H,wlan_ah_v6_frames,rx,30,-1,-1,-1,-1,-1,158,749.032,1.317
52,H,wlan_ah_v6_frames,rx,30,-1,-1,-1,-1,-1,158,757.867,1.537
53,H,wlan_ah_v6_frames,rx,30,-1,-1,-1,-1,-1,158,766.644,1.178
54,H,wlan_ah_v6_frames,rx,30,-1,-1,-1,-1,-1,158,775.494,2.080
55,H,wlan_ah_v6_frames,rx,30,-1,-1,-1,-1,-1,158,784.281,1.352
56,H,wlan_ah_v6_frames,rx,30,-1,-1,-1,-1,-1,158,793.188,1.208
57,H,wlan_ah_v6_frames,rx,30,-1,-1,-1,-1,-1,158,801.978,1.239
58,H,wlan_ah_v6_frames,rx,30,-1,-1,-1,-1,-1,158,810.819,1.150
59,H,wlan_ah_v6_frames,rx,30,-1,-1,-1,-1,-1,158,819.675,2.230
60,H,wlan_ah_v6_frames,rx,30,-1,-1,-1,-1,-1,158,828.528,1.127
61,H,wlan_ah_v6_frames,rx,30,-1,-1,-1,-1,-1,158,837.381,1.241
62,H,wlan_ah_v6_frames,rx,30,-1,-1,-1,-1,-1,158,846.144,1.177
63,H,wlan_ah_v6_frames,rx,30,-1,-1,-1,-1,-1,158,854.975,1.319
64,H,wlan_ah_v6_frames,rx,30,-1,-1,-1,-1,-1,158,863.774,1.153
65,H,wlan_ah_v6_frames,rx,30,-1,-1,-1,-1,-1,158,872.690,1.566
66,H,wlan_ah_v6_frames,rx,30,-1,-1,-1,-1,-1,158,881.459,1.656
67,H,wlan_ah_v6_frames,rx,30,-1,-1,-1,-1,-1,158,890.296,2.460
68,H,wlan_ah_v6_frames,rx,30,-1,-1,-1,-1,-1,158,899.259,1.278
69,H,wlan_ah_v6_frames,rx,30,-1,-1,-1,-1,-1,158,908.087,1.466
70,H,wlan_ah_v6_frames,rx,30,-1,-1,-1,-1,-1,158,916.800,2.104
71,H,wlan_ah_v6_frames,rx,30,-1,-1,-1,-1,-1,158,925.627,1.095
72,H,wlan_ah_v6_frames,rx,30,-1,-1,-1,-1,-1,158,934.453,1.437
73,H,wlan_ah_v6_frames,rx,30,-1,-1,-1,-1,-1,158,943.270,1.435
74,H,wlan_ah_v6_frames,rx,30,-1,-1,-1,-1,-1,158,952.120,1.053
75,H,wlan_ah_v6_frames,rx,30,-1,-1,-1,-1,-1,158,960.914,1.285
76,H,wlan_ah_v6_frames,rx,30,-1,-1,-1,-1,-1,158,969.711,1.579
77,H,wlan_ah_v6_frames,rx,30,-1,-1,-1,-1,-1,158,978.563,2.271
78,H,wlan_ah_v6_frames,rx,30,-1,-1,-1,-1,-1,158,987.458,1.392
79,H,wlan_ah_v6_frames,rx,30,-1,-1,-1,-1,-1,158,1005.068,1.465
80,H,wlan_ah_v6_frames,rx,30,-1,-1,-1,-1,-1,158,1022.726,2.264
81,H,wlan_ah_v6_frames,rx,30,-1,-1,-1,-1,-1,158,1031.536,1.270
82,H,wlan_ah_v6_frames,rx,30,-1,-1,-1,-1,-1,158,1041.125,1.143
83,H,wlan_ah_v6_frames,rx,30,-1,-1,-1,-1,-1,158,1049.200,1.992
84,H,wlan_ah_v6_frames,rx,30,-1,-1,-1,-1,-1,158,1058.031,1.999
85,H,wlan_ah_v6_frames,rx,30,-1,-1,-1,-1,-1,158,1066.879,2.083
86,H,wlan_ah_v6_frames,rx,30,-1,-1,-1,-1,-1,158,1075.730,1.468
87,H,wlan_ah_v6_frames,rx,30,-1,-1,-1,-1,-1,158,1084.542,2.070
88,H,wlan_ah_v6_frames,rx,30,-1,-1,-1,-1,-1,158,1093.393,1.172
89,H,wlan_ah_v6_frames,rx,30,-1,-1,-1,-1,-1,158,1102.202,1.125
90,H,wlan_ah_v6_frames,rx,30,-1,-1,-1,-1,-1,158,1111.011,2.057
91,H,wlan_ah_v6_frames,rx,30,-1,-1,-1,-1,-1,158,1119.852,1.200
92,H,wlan_ah_v6_frames,rx,30,-1,-1,-1,-1,-1,158,1128.670,1.232
93,H,wlan_ah_v6_frames,rx,30,-1,-1,-1,-1,-1,158,1137.519,2.166
94,H,wlan_ah_v6_frames,rx,30,-1,-1,-1,-1,-1,158,1146.336,1.187
95,H,wlan_ah_v6_frames,rx,30,-1,-1,-1,-1,-1,158,1155.242,1.165
96,H,wlan_ah_v6_frames,rx,30,-1,-1,-1,-1,-1,158,1164.016,1.909
97,H,wlan_ah_v6_frames,rx,30,-1,-1,-1,-1,-1,158,1172.886,1.200
98,H,wlan_ah_v6_frames,rx,30,-1,-1,-1,-1,-1,158,1181.656,1.097
99,H,wlan_ah_v6_frames,rx,30,-1,-1,-1,-1,-1,158,1190.527,1.151
100,H,wlan_ah_v6_frames,rx,30,-1,-1,-1,-1,-1,158,1199.449,1.206
101,H,wlan_ah_v6_frames,rx,30,-1,-1,-1,-1,-1,158,1208.144,2.030
102,H,wlan_ah_v6_frames,rx,30,-1,-1,-1,-1,-1,158,1217.051,2.035
103,H,wlan_ah_v6_frames,rx,30,-1,-1,-1,-1,-1,158,1225.841,1.693
104,H,wlan_ah_v6_frames,rx,30,-1,-1,-1,-1,-1,158,1234.801,1.246
105,H,wlan_ah_v6_frames,rx,30,-1,-1,-1,-1,-1,158,1243.526,1.130
106,H,wlan_ah_v6_frames,rx,30,-1,-1,-1,-1,-1,158,1252.326,1.118
107,H,wlan_ah_v6_frames,rx,30,-1,-1,-1,-1,-1,158,1261.135,2.067
108,H,wlan_ah_v6_frames,rx,30,-1,-1,-1,-1,-1,158,1269.964,1.951
109,H,wlan_ah_v6_frames,rx,30,-1,-1,-1,-1,-1,158,1278.798,1.200
110,H,wlan_ah_v6_frames,rx,30,-1,-1,-1,-1,-1,158,1287.627,1.267
111,H,wlan_ah_v6_frames,rx,30,-1,-1,-1,-1,-1,158,1296.480,1.178
112,H,wlan_ah_v6_frames,rx,30,-1,-1,-1,-1,-1,158,1305.301,2.005
113,H,wlan_ah_v6_frames,rx,30,-1,-1,-1,-1,-1,158,1314.127,1.125
114,H,wlan_ah_v6_frames,rx,30,-1,-1,-1,-1,-1,158,1322.938,1.972
115,H,wlan_ah_v6_frames,rx,30,-1,-1,-1,-1,-1,158,1331.769,1.131
116,H,wlan_ah_v6_frames,rx,30,-1,-1,-1,-1,-1,158,1340.632,1.329
117,H,wlan_ah_v6_frames,rx,30,-1,-1,-1,-1,-1,158,1349.496,2.043
118,H,wlan_ah_v6_frames,rx,30,-1,-1,-1,-1,-1,158,1358.278,1.164
119,H,wlan_ah_v6_frames,rx,30,-1,-1,-1,-1,-1,158,1367.174,2.043
120,H,wlan_ah_v6_frames,rx,30,-1,-1,-1,-1,-1,158,1376.022,1.155
121,H,wlan_ah_v6_frames,rx,30,-1,-1,-1,-1,-1,158,1384.797,1.155
122,H,wlan_ah_v6_frames,rx,30,-1,-1,-1,-1,-1,158,1393.802,1.981
123,H,wlan_ah_v6_frames,rx,30,-1,-1,-1,-1,-1,158,1402.424,1.129
124,H,wlan_ah_v6_frames,rx,30,-1,-1,-1,-1,-1,158,1411.258,1.159
125,H,wlan_ah_v6_frames,rx,30,-1,-1,-1,-1,-1,158,1420.058,1.573
126,H,wlan_ah_v6_frames,rx,30,-1,-1,-1,-1,-1,158,1428.949,1.152
127,H,wlan_ah_v6_frames,rx,30,-1,-1,-1,-1,-1,158,1437.724,1.999
128,H,wlan_ah_v6_frames,rx,30,-1,-1,-1,-1,-1,158,1446.579,1.165
129,H,wlan_ah_v6_frames,rx,30,-1,-1,-1,-1,-1,158,1455.424,1.169
130,H,wlan_ah_v6_frames,rx,30,-1,-1,-1,-1,-1,158,1464.261,1.178
131,H,wlan_ah_v6_frames,rx,30,-1,-1,-1,-1,-1,158,1473.069,1.156
132,H,wlan_ah_v6_frames,rx,30,-1,-1,-1,-1,-1,158,1481.912,1.357
133,H,wlan_ah_v6_frames,rx,30,-1,-1,-1,-1,-1,158,1490.791,2.071
134,H,wlan_ah_v6_frames,rx,30,-1,-1,-1,-1,-1,158,1499.533,1.248
135,H,wlan_ah_v6_frames,rx,30,-1,-1,-1,-1,-1,158,1508.376,2.072
136,H,wlan_ah_v6_frames,rx,30,-1,-1,-1,-1,-1,158,1517.227,1.116
137,H,wlan_ah_v6_frames,rx,30,-1,-1,-1,-1,-1,158,1526.039,1.163
138,H,wlan_ah_v6_frames,rx,30,-1,-1,-1,-1,-1,158,1534.865,1.965
139,H,wlan_ah_v6_frames,rx,30,-1,-1,-1,-1,-1,158,1543.703,2.117
140,H,wlan_ah_v6_frames,rx,30,-1,-1,-1,-1,-1,158,1552.510,2.162
141,H,wlan_ah_v6_frames,rx,30,-1,-1,-1,-1,-1,158,1561.435,1.156
142,H,wlan_ah_v6_frames,rx,30,-1,-1,-1,-1,-1,158,1570.201,1.207
143,H,wlan_ah_v6_frames,rx,30,-1,-1,-1,-1,-1,158,1579.031,1.410
144,H,wlan_ah_v6_frames,rx,30,-1,-1,-1,-1,-1,158,1587.844,1.135
145,H,wlan_ah_v6_frames,rx,30,-1,-1,-1,-1,-1,158,1596.706,2.037
146,H,wlan_ah_v6_frames,rx,30,-1,-1,-1,-1,-1,158,1605.492,1.225
147,H,wlan_ah_v6_frames,rx,30,-1,-1,-1,-1,-1,158,1614.309,1.339
148,H,wlan_ah_v6_frames,rx,30,-1,-1,-1,-1,-1,158,1623.255,1.188
149,H,wlan_ah_v6_frames,rx,30,-1,-1,-1,-1,-1,158,1632.003,1.215
150,H,wlan_ah_v6_frames,rx,30,-1,-1,-1,-1,-1,158,1640.841,2.059
151,H,wlan_ah_v6_frames,rx,30,-1,-1,-1,-1,-1,158,1649.633,1.149
152,H,wlan_ah_v6_frames,rx,30,-1,-1,-1,-1,-1,158,1658.533,1.310
153,H,wlan_ah_v6_frames,rx,30,-1,-1,-1,-1,-1,158,1667.332,2.127
154,H,wlan_ah_v6_frames,rx,30,-1,-1,-1,-1,-1,158,1676.138,1.262
155,H,wlan_ah_v6_frames,rx,30,-1,-1,-1,-1,-1,158,1685.008,1.542
156,H,wlan_ah_v6_frames,rx,30,-1,-1,-1,-1,-1,158,1693.824,1.454
157,H,wlan_ah_v6_frames,rx,30,-1,-1,-1,-1,-1,158,1702.656,1.123
158,H,wlan_ah_v6_frames,rx,30,-1,-1,-1,-1,-1,158,1711.517,1.146
159,H,wlan_ah_v6_frames,rx,30,-1,-1,-1,-1,-1,158,1720.277,1.130
160,H,wlan_ah_v6_frames,rx,30,-1,-1,-1,-1,-1,158,1729.132,1.171
161,H,wlan_ah_v6_frames,rx,30,-1,-1,-1,-1,-1,158,1737.961,1.165
162,H,wlan_ah_v6_frames,rx,30,-1,-1,-1,-1,-1,158,1746.789,2.086
163,H,wlan_ah_v6_frames,rx,30,-1,-1,-1,-1,-1,158,1755.593,2.054
164,H,wlan_ah_v6_frames,rx,30,-1,-1,-1,-1,-1,158,1764.494,1.116
165,H,wlan_ah_v6_frames,rx,30,-1,-1,-1,-1,-1,158,1773.273,1.253
166,H,wlan_ah_v6_frames,rx,30,-1,-1,-1,-1,-1,158,1782.117,1.162
167,H,wlan_ah_v6_frames,rx,30,-1,-1,-1,-1,-1,158,1790.958,1.126
168,H,wlan_ah_v6_frames,rx,30,-1,-1,-1,-1,-1,158,1799.813,2.128
169,H,wlan_ah_v6_frames,rx,30,-1,-1,-1,-1,-1,158,1808.659,1.198
170,H,wlan_ah_v6_frames,rx,30,-1,-1,-1,-1,-1,158,1817.491,2.064
171,H,wlan_ah_v6_frames,rx,30,-1,-1,-1,-1,-1,158,1826.282,2.065
172,H,wlan_ah_v6_frames,rx,30,-1,-1,-1,-1,-1,158,1835.030,1.227
173,H,wlan_ah_v6_frames,rx,30,-1,-1,-1,-1,-1,158,1843.954,1.149
174,H,wlan_ah_v6_frames,rx,30,-1,-1,-1,-1,-1,158,1852.699,1.193
175,H,wlan_ah_v6_frames,rx,30,-1,-1,-1,-1,-1,158,1861.584,1.161
176,H,wlan_ah_v6_frames,rx,30,-1,-1,-1,-1,-1,158,1870.395,1.621
177,H,wlan_ah_v6_frames,rx,30,-1,-1,-1,-1,-1,158,1879.287,1.134
178,H,wlan_ah_v6_frames,rx,30,-1,-1,-1,-1,-1,158,1888.067,1.162
179,H,wlan_ah_v6_frames,rx,30,-1,-1,-1,-1,-1,158,1896.965,1.223
180,H,wlan_ah_v6_frames,rx,30,-1,-1,-1,-1,-1,158,1914.597,1.157
181,H,wlan_ah_v6_frames,rx,30,-1,-1,-1,-1,-1,158,1923.430,1.150
182,H,wlan_ah_v6_frames,rx,30,-1,-1,-1,-1,-1,158,1932.205,1.986
183,H,wlan_ah_v6_frames,rx,30,-1,-1,-1,-1,-1,158,1941.119,2.258
184,H,wlan_ah_v6_frames,rx,30,-1,-1,-1,-1,-1,158,1949.898,2.057
185,H,wlan_ah_v6_frames,rx,30,-1,-1,-1,-1,-1,158,1958.731,1.370
186,H,wlan_ah_v6_frames,rx,30,-1,-1,-1,-1,-1,158,1967.538,1.120
187,H,wlan_ah_v6_frames,rx,30,-1,-1,-1,-1,-1,158,1976.333,2.022
188,H,wlan_ah_v6_frames,rx,30,-1,-1,-1,-1,-1,158,1985.209,2.137
189,H,wlan_ah_v6_frames,rx,30,-1,-1,-1,-1,-1,158,1994.049,1.200
190,H,wlan_ah_v6_frames,rx,30,-1,-1,-1,-1,-1,158,2002.848,2.083
191,H,wlan_ah_v6_frames,rx,30,-1,-1,-1,-1,-1,158,2011.731,2.104
192,H,wlan_ah_v6_frames,rx,30,-1,-1,-1,-1,-1,158,2020.553,1.132
193,H,wlan_ah_v6_frames,rx,30,-1,-1,-1,-1,-1,158,2029.342,2.002
194,H,wlan_ah_v6_frames,rx,30,-1,-1,-1,-1,-1,158,2038.191,1.979
195,H,wlan_ah_v6_frames,rx,30,-1,-1,-1,-1,-1,158,2047.013,2.129
196,H,wlan_ah_v6_frames,rx,30,-1,-1,-1,-1,-1,158,2055.828,1.327
197,H,wlan_ah_v6_frames,rx,30,-1,-1,-1,-1,-1,158,2064.867,1.231
198,H,wlan_ah_v6_frames,rx,30,-1,-1,-1,-1,-1,158,2073.456,1.182
199,H,wlan_ah_v6_frames,rx,30,-1,-1,-1,-1,-1,158,2082.384,1.228
200,H,wlan_ah_v6_frames,rx,30,-1,-1,-1,-1,-1,158,2091.240,1.186
201,H,wlan_ah_v6_frames,rx,30,-1,-1,-1,-1,-1,158,2099.991,1.108
202,H,wlan_ah_v6_frames,rx,30,-1,-1,-1,-1,-1,158,2108.856,1.304
203,H,wlan_ah_v6_frames,rx,30,-1,-1,-1,-1,-1,158,2117.687,1.144
204,H,wlan_ah_v6_frames,rx,30,-1,-1,-1,-1,-1,158,2126.480,1.259
205,H,wlan_ah_v6_frames,rx,30,-1,-1,-1,-1,-1,158,2135.285,2.021
206,H,wlan_ah_v6_frames,rx,30,-1,-1,-1,-1,-1,158,2144.102,1.337
207,H,wlan_ah_v6_frames,rx,30,-1,-1,-1,-1,-1,158,2152.980,2.025
208,H,wlan_ah_v6_frames,rx,30,-1,-1,-1,-1,-1,158,2161.831,2.023
209,H,wlan_ah_v6_frames,rx,30,-1,-1,-1,-1,-1,158,2170.634,1.172
210,H,wlan_ah_v6_frames,rx,30,-1,-1,-1,-1,-1,158,2179.439,1.162
211,H,wlan_ah_v6_frames,rx,30,-1,-1,-1,-1,-1,158,2188.314,1.157
212,H,wlan_ah_v6_frames,rx,30,-1,-1,-1,-1,-1,158,2197.136,1.175
213,H,wlan_ah_v6_frames,rx,30,-1,-1,-1,-1,-1,158,2206.101,1.431
214,H,wlan_ah_v6_frames,rx,30,-1,-1,-1,-1,-1,158,2214.780,1.389
215,H,wlan_ah_v6_frames,rx,30,-1,-1,-1,-1,-1,158,2223.632,1.551
216,H,wlan_ah_v6_frames,rx,30,-1,-1,-1,-1,-1,158,2232.543,1.630
217,H,wlan_ah_v6_frames,rx,30,-1,-1,-1,-1,-1,158,2241.485,1.137
218,H,wlan_ah_v6_frames,rx,30,-1,-1,-1,-1,-1,158,2250.189,2.050
219,H,wlan_ah_v6_frames,rx,30,-1,-1,-1,-1,-1,158,2258.932,1.351
220,H,wlan_ah_v6_frames,rx,30,-1,-1,-1,-1,-1,158,2267.745,1.465
221,H,wlan_ah_v6_frames,rx,30,-1,-1,-1,-1,-1,158,2276.611,1.099
222,H,wlan_ah_v6_frames,rx,30,-1,-1,-1,-1,-1,158,2285.411,2.128
223,H,wlan_ah_v6_frames,rx,30,-1,-1,-1,-1,-1,158,2294.327,1.137
224,H,wlan_ah_v6_frames,rx,30,-1,-1,-1,-1,-1,158,2303.141,1.166
225,H,wlan_ah_v6_frames,rx,30,-1,-1,-1,-1,-1,158,2311.937,1.162
226,H,wlan_ah_v6_frames,rx,30,-1,-1,-1,-1,-1,158,2320.754,1.251
227,H,wlan_ah_v6_frames,rx,30,-1,-1,-1,-1,-1,158,2329.577,1.576
228,H,wlan_ah_v6_frames,rx,30,-1,-1,-1,-1,-1,158,2338.464,2.098
229,H,wlan_ah_v6_frames,rx,30,-1,-1,-1,-1,-1,158,2347.251,1.362
230,H,wlan_ah_v6_frames,rx,30,-1,-1,-1,-1,-1,158,2356.047,1.234
231,H,wlan_ah_v6_frames,rx,30,-1,-1,-1,-1,-1,158,2364.857,1.097
232,H,wlan_ah_v6_frames,rx,30,-1,-1,-1,-1,-1,158,2373.751,1.657
233,H,wlan_ah_v6_frames,rx,30,-1,-1,-1,-1,-1,158,2382.553,1.142
234,H,wlan_ah_v6_frames,rx,30,-1,-1,-1,-1,-1,158,2391.389,1.344
235,H,wlan_ah_v6_frames,rx,30,-1,-1,-1,-1,-1,158,2400.242,1.216
236,H,wlan_ah_v6_frames,rx,30,-1,-1,-1,-1,-1,158,2409.041,1.222
237,H,wlan_ah_v6_frames,rx,30,-1,-1,-1,-1,-1,158,2417.889,1.615
238,H,wlan_ah_v6_frames,rx,30,-1,-1,-1,-1,-1,158,2426.709,1.170
239,H,wlan_ah_v6_frames,rx,30,-1,-1,-1,-1,-1,158,2435.573,1.257
240,H,wlan_ah_v6_frames,rx,30,-1,-1,-1,-1,-1,158,2453.235,2.078
241,H,wlan_ah_v6_frames,rx,30,-1,-1,-1,-1,-1,158,2462.049,2.185
242,H,wlan_ah_v6_frames,rx,30,-1,-1,-1,-1,-1,158,2470.842,1.251
243,H,wlan_ah_v6_frames,rx,30,-1,-1,-1,-1,-1,158,2479.713,1.193
244,H,wlan_ah_v6_frames,rx,30,-1,-1,-1,-1,-1,158,2488.566,2.102
245,H,wlan_ah_v6_frames,rx,30,-1,-1,-1,-1,-1,158,2497.443,1.139
246,H,wlan_ah_v6_frames,rx,30,-1,-1,-1,-1,-1,158,2506.152,1.152
247,H,wlan_ah_v6_frames,rx,30,-1,-1,-1,-1,-1,158,2514.953,2.028
248,H,wlan_ah_v6_frames,rx,30,-1,-1,-1,-1,-1,158,2523.899,2.051
249,H,wlan_ah_v6_frames,rx,30,-1,-1,-1,-1,-1,158,2532.646,1.674
250,H,wlan_ah_v6_frames,rx,30,-1,-1,-1,-1,-1,158,2541.483,2.106
251,H,wlan_ah_v6_frames,rx,30,-1,-1,-1,-1,-1,158,2550.409,1.165
252,H,wlan_ah_v6_frames,rx,30,-1,-1,-1,-1,-1,158,2559.159,2.119
253,H,wlan_ah_v6_frames,rx,30,-1,-1,-1,-1,-1,158,2567.945,1.145
254,H,wlan_ah_v6_frames,rx,30,-1,-1,-1,-1,-1,158,2576.806,1.502
255,H,wlan_ah_v6_frames,rx,30,-1,-1,-1,-1,-1,158,2585.701,1.477
256,H,wlan_ah_v6_frames,rx,30,-1,-1,-1,-1,-1,158,2594.470,1.134
257,H,wlan_ah_v6_frames,rx,30,-1,-1,-1,-1,-1,158,2603.295,1.136
258,H,wlan_ah_v6_frames,rx,30,-1,-1,-1,-1,-1,158,2612.182,1.490
259,H,wlan_ah_v6_frames,rx,30,-1,-1,-1,-1,-1,158,2620.962,2.055
260,H,wlan_ah_v6_frames,rx,30,-1,-1,-1,-1,-1,158,2629.816,1.094
261,H,wlan_ah_v6_frames,rx,30,-1,-1,-1,-1,-1,158,2638.627,1.392
262,H,wlan_ah_v6_frames,rx,30,-1,-1,-1,-1,-1,158,2647.511,1.268
263,H,wlan_ah_v6_frames,rx,30,-1,-1,-1,-1,-1,158,2656.311,1.161
264,H,wlan_ah_v6_frames,rx,30,-1,-1,-1,-1,-1,158,2665.153,2.063
265,H,wlan_ah_v6_frames,rx,30,-1,-1,-1,-1,-1,158,2674.000,1.063
266,H,wlan_ah_v6_frames,rx,30,-1,-1,-1,-1,-1,158,2682.792,2.160
267,H,wlan_ah_v6_frames,rx,30,-1,-1,-1,-1,-1,158,2691.684,1.248
268,H,wlan_ah_v6_frames,rx,30,-1,-1,-1,-1,-1,158,2700.466,1.168
269,H,wlan_ah_v6_frames,rx,30,-1,-1,-1,-1,-1,158,2709.257,1.152
270,H,wlan_ah_v6_frames,rx,30,-1,-1,-1,-1,-1,158,2718.099,1.163
271,H,wlan_ah_v6_frames,rx,30,-1,-1,-1,-1,-1,158,2726.961,2.147
272,H,wlan_ah_v6_frames,rx,30,-1,-1,-1,-1,-1,158,2735.703,1.188
273,H,wlan_ah_v6_frames,rx,30,-1,-1,-1,-1,-1,158,2744.674,2.007
274,H,wlan_ah_v6_frames,rx,30,-1,-1,-1,-1,-1,158,2753.432,1.649
275,H,wlan_ah_v6_frames,rx,30,-1,-1,-1,-1,-1,158,2762.273,1.109
276,H,wlan_ah_v6_frames,rx,30,-1,-1,-1,-1,-1,158,2771.726,2.040
277,H,wlan_ah_v6_frames,rx,30,-1,-1,-1,-1,-1,158,2779.888,1.183
278,H,wlan_ah_v6_frames,rx,30,-1,-1,-1,-1,-1,158,2788.785,1.125
279,H,wlan_ah_v6_frames,rx,30,-1,-1,-1,-1,-1,158,2797.625,1.976
280,H,wlan_ah_v6_frames,rx,30,-1,-1,-1,-1,-1,158,2806.385,1.216
281,H,wlan_ah_v6_frames,rx,30,-1,-1,-1,-1,-1,158,2815.887,1.163
282,H,wlan_ah_v6_frames,rx,30,-1,-1,-1,-1,-1,158,2824.096,1.179
283,H,wlan_ah_v6_frames,rx,30,-1,-1,-1,-1,-1,158,2832.917,1.173
284,H,wlan_ah_v6_frames,rx,30,-1,-1,-1,-1,-1,158,2841.729,2.127
285,H,wlan_ah_v6_frames,rx,30,-1,-1,-1,-1,-1,158,2850.559,1.213
286,H,wlan_ah_v6_frames,rx,30,-1,-1,-1,-1,-1,158,2859.405,1.179
287,H,wlan_ah_v6_frames,rx,30,-1,-1,-1,-1,-1,158,2868.213,1.182
288,H,wlan_ah_v6_frames,rx,30,-1,-1,-1,-1,-1,158,2877.012,1.087
289,H,wlan_ah_v6_frames,rx,30,-1,-1,-1,-1,-1,158,2885.811,1.159
290,H,wlan_ah_v6_frames,rx,30,-1,-1,-1,-1,-1,158,2894.690,1.911
291,H,wlan_ah_v6_frames,rx,30,-1,-1,-1,-1,-1,158,2903.519,1.334
292,H,wlan_ah_v6_frames,rx,30,-1,-1,-1,-1,-1,158,2912.421,1.437
293,H,wlan_ah_v6_frames,rx,30,-1,-1,-1,-1,-1,158,2921.215,1.173
294,H,wlan_ah_v6_frames,rx,30,-1,-1,-1,-1,-1,158,2930.003,2.102
295,H,wlan_ah_v6_frames,rx,30,-1,-1,-1,-1,-1,158,2938.888,1.384
296,H,wlan_ah_v6_frames,rx,30,-1,-1,-1,-1,-1,158,2947.731,1.502
297,H,wlan_ah_v6_frames,rx,30,-1,-1,-1,-1,-1,158,2956.492,2.094
298,H,wlan_ah_v6_frames,rx,30,-1,-1,-1,-1,-1,158,2965.381,2.077
299,H,wlan_ah_v6_frames,rx,30,-1,-1,-1,-1,-1,158,2974.180,1.281
300,H,wlan_ah_v6_frames,rx,30,-1,-1,-1,-1,-1,158,2982.997,1.290
301,H,wlan_ah_v6_frames,rx,30,-1,-1,-1,-1,-1,158,2991.843,1.172
302,H,wlan_ah_v6_frames,rx,30,-1,-1,-1,-1,-1,158,3000.743,1.194
303,H,wlan_ah_v6_frames,rx,30,-1,-1,-1,-1,-1,158,3009.533,1.238
304,H,wlan_ah_v6_frames,rx,30,-1,-1,-1,-1,-1,158,3018.320,1.451
305,H,wlan_ah_v6_frames,rx,30,-1,-1,-1,-1,-1,158,3027.153,1.386
306,H,wlan_ah_v6_frames,rx,30,-1,-1,-1,-1,-1,158,3035.998,1.497
307,H,wlan_ah_v6_frames,rx,30,-1,-1,-1,-1,-1,158,3044.771,1.178
308,H,wlan_ah_v6_frames,rx,30,-1,-1,-1,-1,-1,158,3053.655,2.010
309,H,wlan_ah_v6_frames,rx,30,-1,-1,-1,-1,-1,158,3062.435,1.122
310,H,wlan_ah_v6_frames,rx,30,-1,-1,-1,-1,-1,158,3080.085,1.146
311,H,wlan_ah_v6_frames,rx,30,-1,-1,-1,-1,-1,158,3088.944,2.060
312,H,wlan_ah_v6_frames,rx,30,-1,-1,-1,-1,-1,158,3097.778,1.226
313,H,wlan_ah_v6_frames,rx,30,-1,-1,-1,-1,-1,158,3106.604,1.261
314,H,wlan_ah_v6_frames,rx,30,-1,-1,-1,-1,-1,158,3115.420,1.265
315,H,wlan_ah_v6_frames,rx,30,-1,-1,-1,-1,-1,158,3124.249,1.152
316,H,wlan_ah_v6_frames,rx,30,-1,-1,-1,-1,-1,158,3133.139,1.943
317,H,wlan_ah_v6_frames,rx,30,-1,-1,-1,-1,-1,158,3141.975,1.134
318,H,wlan_ah_v6_frames,rx,30,-1,-1,-1,-1,-1,158,3150.783,2.040
319,H,wlan_ah_v6_frames,rx,30,-1,-1,-1,-1,-1,158,3159.588,1.344
320,H,wlan_ah_v6_frames,rx,30,-1,-1,-1,-1,-1,158,3168.442,1.125
321,H,wlan_ah_v6_frames,rx,30,-1,-1,-1,-1,-1,158,3177.279,2.008
322,H,wlan_ah_v6_frames,rx,30,-1,-1,-1,-1,-1,158,3186.082,2.034
323,H,wlan_ah_v6_frames,rx,30,-1,-1,-1,-1,-1,158,3194.928,1.314
324,H,wlan_ah_v6_frames,rx,30,-1,-1,-1,-1,-1,158,3203.743,2.073
325,H,wlan_ah_v6_frames,rx,30,-1,-1,-1,-1,-1,158,3212.618,1.209
326,H,wlan_ah_v6_frames,rx,30,-1,-1,-1,-1,-1,158,3221.448,1.161
327,H,wlan_ah_v6_frames,rx,30,-1,-1,-1,-1,-1,158,3230.270,1.173
328,H,wlan_ah_v6_frames,rx,30,-1,-1,-1,-1,-1,158,3239.065,1.472
329,H,wlan_ah_v6_frames,rx,30,-1,-1,-1,-1,-1,158,3247.930,2.079
330,H,wlan_ah_v6_frames,rx,30,-1,-1,-1,-1,-1,158,3256.711,1.115
331,H,wlan_ah_v6_frames,rx,30,-1,-1,-1,-1,-1,158,3265.636,1.089
332,H,wlan_ah_v6_frames,rx,30,-1,-1,-1,-1,-1,158,3274.373,1.233
333,H,wlan_ah_v6_frames,rx,30,-1,-1,-1,-1,-1,158,3283.562,1.141
334,H,wlan_ah_v6_frames,rx,30,-1,-1,-1,-1,-1,158,3292.072,2.049
335,H,wlan_ah_v6_frames,rx,30,-1,-1,-1,-1,-1,158,3300.885,1.151
336,H,wlan_ah_v6_frames,rx,30,-1,-1,-1,-1,-1,158,3309.713,2.201
337,H,wlan_ah_v6_frames,rx,30,-1,-1,-1,-1,-1,158,3318.558,1.428
338,H,wlan_ah_v6_frames,rx,30,-1,-1,-1,-1,-1,158,3327.344,1.244
339,H,wlan_ah_v6_frames,rx,30,-1,-1,-1,-1,-1,158,3336.170,1.277
340,H,wlan_ah_v6_frames,rx,30,-1,-1,-1,-1,-1,158,3344.992,1.433
341,H,wlan_ah_v6_frames,rx,30,-1,-1,-1,-1,-1,158,3353.865,1.502
342,H,wlan_ah_v6_frames,rx,30,-1,-1,-1,-1,-1,158,3362.719,1.145
343,H,wlan_ah_v6_frames,rx,30,-1,-1,-1,-1,-1,158,3371.553,1.244
344,H,wlan_ah_v6_frames,rx,30,-1,-1,-1,-1,-1,158,3380.340,1.165
345,H,wlan_ah_v6_frames,rx,30,-1,-1,-1,-1,-1,158,3389.129,1.382
346,H,wlan_ah_v6_frames,rx,30,-1,-1,-1,-1,-1,158,3398.039,1.332
347,H,wlan_ah_v6_frames,rx,30,-1,-1,-1,-1,-1,158,3406.855,1.441
348,H,wlan_ah_v6_frames,rx,30,-1,-1,-1,-1,-1,158,3415.663,1.147
349,H,wlan_ah_v6_frames,rx,30,-1,-1,-1,-1,-1,158,3424.478,1.240
350,H,wlan_ah_v6_frames,rx,30,-1,-1,-1,-1,-1,158,3433.316,1.268
351,H,wlan_ah_v6_frames,rx,30,-1,-1,-1,-1,-1,158,3442.143,1.846
352,H,wlan_ah_v6_frames,rx,30,-1,-1,-1,-1,-1,158,3451.024,2.064
353,H,wlan_ah_v6_frames,rx,30,-1,-1,-1,-1,-1,158,3459.812,1.178
354,H,wlan_ah_v6_frames,rx,30,-1,-1,-1,-1,-1,158,3468.658,2.297
355,H,wlan_ah_v6_frames,rx,30,-1,-1,-1,-1,-1,158,3477.451,1.173
356,H,wlan_ah_v6_frames,rx,30,-1,-1,-1,-1,-1,158,3486.313,2.037
357,H,wlan_ah_v6_frames,rx,30,-1,-1,-1,-1,-1,158,3495.111,1.188
358,H,wlan_ah_v6_frames,rx,30,-1,-1,-1,-1,-1,158,3503.959,1.155
359,H,wlan_ah_v6_frames,rx,30,-1,-1,-1,-1,-1,158,3512.819,2.031
360,H,wlan_ah_v6_frames,rx,30,-1,-1,-1,-1,-1,158,3521.683,1.139
361,H,wlan_ah_v6_frames,rx,30,-1,-1,-1,-1,-1,158,3530.478,1.550
362,H,wlan_ah_v6_frames,rx,30,-1,-1,-1,-1,-1,158,3539.366,1.225
363,H,wlan_ah_v6_frames,rx,30,-1,-1,-1,-1,-1,158,3548.096,1.129
364,H,wlan_ah_v6_frames,rx,30,-1,-1,-1,-1,-1,158,3557.090,1.173
365,H,wlan_ah_v6_frames,rx,30,-1,-1,-1,-1,-1,158,3565.855,1.119
366,H,wlan_ah_v6_frames,rx,30,-1,-1,-1,-1,-1,158,3574.562,1.168
367,H,wlan_ah_v6_frames,rx,30,-1,-1,-1,-1,-1,158,3583.419,1.834
368,H,wlan_ah_v6_frames,rx,30,-1,-1,-1,-1,-1,158,3592.269,1.433
369,H,wlan_ah_v6_frames,rx,30,-1,-1,-1,-1,-1,158,3601.182,1.133
370,H,wlan_ah_v6_frames,rx,30,-1,-1,-1,-1,-1,158,3609.893,1.201
371,H,wlan_ah_v6_frames,rx,30,-1,-1,-1,-1,-1,158,3618.803,2.121
372,H,wlan_ah_v6_frames,rx,30,-1,-1,-1,-1,-1,158,3627.603,1.147
373,H,wlan_ah_v6_frames,rx,30,-1,-1,-1,-1,-1,158,3636.407,1.234
374,H,wlan_ah_v6_frames,rx,30,-1,-1,-1,-1,-1,158,3645.235,1.272
375,H,wlan_ah_v6_frames,rx,30,-1,-1,-1,-1,-1,158,3654.063,1.494
376,H,wlan_ah_v6_frames,rx,30,-1,-1,-1,-1,-1,158,3662.931,2.041
377,H,wlan_ah_v6_frames,rx,30,-1,-1,-1,-1,-1,158,3671.766,1.176
378,H,wlan_ah_v6_frames,rx,30,-1,-1,-1,-1,-1,158,3680.586,1.212
379,H,wlan_ah_v6_frames,rx,30,-1,-1,-1,-1,-1,158,3689.377,1.288
380,H,wlan_ah_v6_frames,rx,30,-1,-1,-1,-1,-1,158,3698.264,2.154
381,H,wlan_ah_v6_frames,rx,30,-1,-1,-1,-1,-1,158,3707.055,1.186
382,H,wlan_ah_v6_frames,rx,30,-1,-1,-1,-1,-1,158,3715.932,2.022
383,H,wlan_ah_v6_frames,rx,30,-1,-1,-1,-1,-1,158,3724.689,2.077
384,H,wlan_ah_v6_frames,rx,30,-1,-1,-1,-1,-1,158,3733.562,1.978
385,H,wlan_ah_v6_frames,rx,30,-1,-1,-1,-1,-1,158,3742.326,2.114
386,H,wlan_ah_v6_frames,rx,30,-1,-1,-1,-1,-1,158,3751.230,2.084
387,H,wlan_ah_v6_frames,rx,30,-1,-1,-1,-1,-1,158,3760.050,1.100
388,H,wlan_ah_v6_frames,rx,30,-1,-1,-1,-1,-1,158,3768.928,1.146
389,H,wlan_ah_v6_frames,rx,30,-1,-1,-1,-1,-1,158,3777.785,1.638
390,H,wlan_ah_v6_frames,rx,30,-1,-1,-1,-1,-1,158,3786.560,1.135
391,H,wlan_ah_v6_frames,rx,30,-1,-1,-1,-1,-1,158,3795.382,1.679
392,H,wlan_ah_v6_frames,rx,30,-1,-1,-1,-1,-1,158,3804.163,1.161
393,H,wlan_ah_v6_frames,rx,30,-1,-1,-1,-1,-1,158,3813.070,1.247
394,H,wlan_ah_v6_frames,rx,30,-1,-1,-1,-1,-1,158,3821.831,1.139
395,H,wlan_ah_v6_frames,rx,30,-1,-1,-1,-1,-1,158,3830.680,1.245
396,H,wlan_ah_v6_frames,rx,30,-1,-1,-1,-1,-1,158,3839.489,1.653
397,H,wlan_ah_v6_frames,rx,30,-1,-1,-1,-1,-1,158,3848.454,1.240
398,H,wlan_ah_v6_frames,rx,30,-1,-1,-1,-1,-1,158,3857.157,1.209
399,H,wlan_ah_v6_frames,rx,30,-1,-1,-1,-1,-1,158,3866.043,1.129
400,H,wlan_ah_v6_frames,rx,30,-1,-1,-1,-1,-1,158,3874.804,1.217
401,H,wlan_ah_v6_frames,rx,30,-1,-1,-1,-1,-1,158,3892.489,1.436
402,H,wlan_ah_v6_frames,rx,30,-1,-1,-1,-1,-1,158,3901.332,2.155
403,H,wlan_ah_v6_frames,rx,30,-1,-1,-1,-1,-1,158,3910.117,2.153
404,H,wlan_ah_v6_frames,rx,30,-1,-1,-1,-1,-1,158,3919.024,1.179
405,H,wlan_ah_v6_frames,rx,30,-1,-1,-1,-1,-1,158,3927.835,1.223
406,H,wlan_ah_v6_frames,rx,30,-1,-1,-1,-1,-1,158,3936.655,2.075
407,H,wlan_ah_v6_frames,rx,30,-1,-1,-1,-1,-1,158,3945.556,1.188
408,H,wlan_ah_v6_frames,rx,30,-1,-1,-1,-1,-1,158,3954.298,1.180
409,H,wlan_ah_v6_frames,rx,30,-1,-1,-1,-1,-1,158,3963.175,1.212
410,H,wlan_ah_v6_frames,rx,30,-1,-1,-1,-1,-1,158,3971.955,2.077
411,H,wlan_ah_v6_frames,rx,30,-1,-1,-1,-1,-1,158,3981.054,1.337
412,H,wlan_ah_v6_frames,rx,30,-1,-1,-1,-1,-1,158,3989.632,1.278
413,H,wlan_ah_v6_frames,rx,30,-1,-1,-1,-1,-1,158,3998.510,2.206
414,H,wlan_ah_v6_frames,rx,30,-1,-1,-1,-1,-1,158,4007.309,1.162
415,H,wlan_ah_v6_frames,rx,30,-1,-1,-1,-1,-1,158,4016.140,1.373
416,H,wlan_ah_v6_frames,rx,30,-1,-1,-1,-1,-1,158,4024.973,2.169
417,H,wlan_ah_v6_frames,rx,30,-1,-1,-1,-1,-1,158,4033.860,1.179
418,H,wlan_ah_v6_frames,rx,30,-1,-1,-1,-1,-1,158,4042.648,1.152
419,H,wlan_ah_v6_frames,rx,30,-1,-1,-1,-1,-1,158,4051.577,1.109
420,H,wlan_ah_v6_frames,rx,30,-1,-1,-1,-1,-1,158,4060.274,2.075
421,H,wlan_ah_v6_frames,rx,30,-1,-1,-1,-1,-1,158,4069.068,1.116
422,H,wlan_ah_v6_frames,rx,30,-1,-1,-1,-1,-1,158,4077.892,1.999
423,H,wlan_ah_v6_frames,rx,30,-1,-1,-1,-1,-1,158,4086.812,2.019
424,H,wlan_ah_v6_frames,rx,30,-1,-1,-1,-1,-1,158,4095.611,1.225
425,H,wlan_ah_v6_frames,rx,30,-1,-1,-1,-1,-1,158,4104.414,2.134
426,H,wlan_ah_v6_frames,rx,30,-1,-1,-1,-1,-1,158,4113.208,1.163
427,H,wlan_ah_v6_frames,rx,30,-1,-1,-1,-1,-1,158,4122.095,1.794
428,H,wlan_ah_v6_frames,rx,30,-1,-1,-1,-1,-1,158,4130.918,1.990
429,H,wlan_ah_v6_frames,rx,30,-1,-1,-1,-1,-1,158,4139.748,1.558
430,H,wlan_ah_v6_frames,rx,30,-1,-1,-1,-1,-1,158,4148.548,1.065
431,H,wlan_ah_v6_frames,rx,30,-1,-1,-1,-1,-1,158,4157.366,1.174
432,H,wlan_ah_v6_frames,rx,30,-1,-1,-1,-1,-1,158,4166.180,1.423
433,H,wlan_ah_v6_frames,rx,30,-1,-1,-1,-1,-1,158,4175.085,1.173
434,H,wlan_ah_v6_frames,rx,30,-1,-1,-1,-1,-1,158,4184.129,1.195
435,H,wlan_ah_v6_frames,rx,30,-1,-1,-1,-1,-1,158,4192.731,1.199
436,H,wlan_ah_v6_frames,rx,30,-1,-1,-1,-1,-1,158,4201.539,1.182
437,H,wlan_ah_v6_frames,rx,30,-1,-1,-1,-1,-1,158,4210.361,1.435
438,H,wlan_ah_v6_frames,rx,30,-1,-1,-1,-1,-1,158,4219.218,1.137
439,H,wlan_ah_v6_frames,rx,30,-1,-1,-1,-1,-1,158,4228.041,1.215
440,H,wlan_ah_v6_frames,rx,30,-1,-1,-1,-1,-1,158,4236.865,1.317
441,H,wlan_ah_v6_frames,rx,30,-1,-1,-1,-1,-1,158,4245.732,2.202
442,H,wlan_ah_v6_frames,rx,30,-1,-1,-1,-1,-1,158,4254.593,1.379
443,H,wlan_ah_v6_frames,rx,30,-1,-1,-1,-1,-1,158,4263.335,2.061
444,H,wlan_ah_v6_frames,rx,30,-1,-1,-1,-1,-1,158,4272.208,1.918
445,H,wlan_ah_v6_frames,rx,30,-1,-1,-1,-1,-1,158,4280.998,1.595
446,H,wlan_ah_v6_frames,rx,30,-1,-1,-1,-1,-1,158,4289.818,1.254
447,H,wlan_ah_v6_frames,rx,30,-1,-1,-1,-1,-1,158,4298.752,1.828
448,H,wlan_ah_v6_frames,rx,30,-1,-1,-1,-1,-1,158,4307.471,2.093
449,H,wlan_ah_v6_frames,rx,30,-1,-1,-1,-1,-1,158,4316.339,1.524
450,H,wlan_ah_v6_frames,rx,30,-1,-1,-1,-1,-1,158,4325.213,1.183
451,H,wlan_ah_v6_frames,rx,30,-1,-1,-1,-1,-1,158,4333.971,1.252
452,H,wlan_ah_v6_frames,rx,30,-1,-1,-1,-1,-1,158,4342.801,1.230
453,H,wlan_ah_v6_frames,rx,30,-1,-1,-1,-1,-1,158,4351.654,1.906
454,H,wlan_ah_v6_frames,rx,30,-1,-1,-1,-1,-1,158,4360.469,1.154
455,H,wlan_ah_v6_frames,rx,30,-1,-1,-1,-1,-1,158,4369.289,1.123
456,H,wlan_ah_v6_frames,rx,30,-1,-1,-1,-1,-1,158,4378.169,2.162
457,H,wlan_ah_v6_frames,rx,30,-1,-1,-1,-1,-1,158,4387.032,2.109
458,H,wlan_ah_v6_frames,rx,30,-1,-1,-1,-1,-1,158,4395.788,1.180
459,H,wlan_ah_v6_frames,rx,30,-1,-1,-1,-1,-1,158,4404.670,1.240
460,H,wlan_ah_v6_frames,rx,30,-1,-1,-1,-1,-1,158,4413.453,2.134
461,H,wlan_ah_v6_frames,rx,30,-1,-1,-1,-1,-1,158,4422.315,2.081
462,H,wlan_ah_v6_frames,rx,30,-1,-1,-1,-1,-1,158,4431.156,1.178
463,H,wlan_ah_v6_frames,rx,30,-1,-1,-1,-1,-1,158,4439.961,2.077
464,H,wlan_ah_v6_frames,rx,30,-1,-1,-1,-1,-1,158,4448.746,1.179
465,H,wlan_ah_v6_frames,rx,30,-1,-1,-1,-1,-1,158,4457.619,1.297
466,H,wlan_ah_v6_frames,rx,30,-1,-1,-1,-1,-1,158,4466.429,1.206
467,H,wlan_ah_v6_frames,rx,30,-1,-1,-1,-1,-1,158,4475.292,1.176
468,H,wlan_ah_v6_frames,rx,30,-1,-1,-1,-1,-1,158,4484.079,1.127
469,H,wlan_ah_v6_frames,rx,30,-1,-1,-1,-1,-1,158,4492.923,1.964
470,H,wlan_ah_v6_frames,rx,30,-1,-1,-1,-1,-1,158,4501.748,1.227
471,H,wlan_ah_v6_frames,rx,30,-1,-1,-1,-1,-1,158,4510.604,1.161
472,H,wlan_ah_v6_frames,rx,30,-1,-1,-1,-1,-1,158,4519.446,1.183
473,H,wlan_ah_v6_frames,rx,30,-1,-1,-1,-1,-1,158,4528.237,1.189
474,H,wlan_ah_v6_frames,rx,30,-1,-1,-1,-1,-1,158,4537.115,2.031
475,H,wlan_ah_v6_frames,rx,30,-1,-1,-1,-1,-1,158,4545.940,1.186
476,H,wlan_ah_v6_frames,rx,30,-1,-1,-1,-1,-1,158,4554.724,1.192
477,H,wlan_ah_v6_frames,rx,30,-1,-1,-1,-1,-1,158,4563.574,1.250
478,H,wlan_ah_v6_frames,rx,30,-1,-1,-1,-1,-1,158,4572.406,1.134
479,H,wlan_ah_v6_frames,rx,30,-1,-1,-1,-1,-1,158,4581.241,1.125
480,H,wlan_ah_v6_frames,rx,30,-1,-1,-1,-1,-1,158,4590.051,2.100
481,H,wlan_ah_v6_frames,rx,30,-1,-1,-1,-1,-1,158,4607.686,1.201
482,H,wlan_ah_v6_frames,rx,30,-1,-1,-1,-1,-1,158,4616.558,1.233
483,H,wlan_ah_v6_frames,rx,30,-1,-1,-1,-1,-1,158,4625.398,1.881
484,H,wlan_ah_v6_frames,rx,30,-1,-1,-1,-1,-1,158,4634.200,1.173
485,H,wlan_ah_v6_frames,rx,30,-1,-1,-1,-1,-1,158,4643.033,2.013
486,H,wlan_ah_v6_frames,rx,30,-1,-1,-1,-1,-1,158,4651.849,1.186
487,H,wlan_ah_v6_frames,rx,30,-1,-1,-1,-1,-1,158,4660.689,1.081
488,H,wlan_ah_v6_frames,rx,30,-1,-1,-1,-1,-1,158,4678.360,2.153
489,H,wlan_ah_v6_frames,rx,30,-1,-1,-1,-1,-1,158,4687.196,2.130
490,H,wlan_ah_v6_frames,rx,30,-1,-1,-1,-1,-1,158,4696.149,1.189
491,H,wlan_ah_v6_frames,rx,30,-1,-1,-1,-1,-1,158,4704.850,2.014
492,H,wlan_ah_v6_frames,rx,30,-1,-1,-1,-1,-1,158,4713.708,1.163
493,H,wlan_ah_v6_frames,rx,30,-1,-1,-1,-1,-1,158,4722.583,1.182
494,H,wlan_ah_v6_frames,rx,30,-1,-1,-1,-1,-1,158,4731.968,1.874
495,H,wlan_ah_v6_frames,rx,30,-1,-1,-1,-1,-1,158,4740.168,1.164
496,H,wlan_ah_v6_frames,rx,30,-1,-1,-1,-1,-1,158,4749.071,1.715
497,H,wlan_ah_v6_frames,rx,30,-1,-1,-1,-1,-1,158,4757.814,1.996
498,H,wlan_ah_v6_frames,rx,30,-1,-1,-1,-1,-1,158,4766.636,1.230
499,H,wlan_ah_v6_frames,rx,30,-1,-1,-1,-1,-1,158,4775.487,1.632
500,H,wlan_ah_v6_frames,rx,30,-1,-1,-1,-1,-1,158,4784.302,1.997
501,H,wlan_ah_v6_frames,rx,30,-1,-1,-1,-1,-1,158,4793.136,1.153
502,H,wlan_ah_v6_frames,rx,30,-1,-1,-1,-1,-1,158,4801.977,1.155
503,H,wlan_ah_v6_frames,rx,30,-1,-1,-1,-1,-1,158,4810.833,1.168
504,H,wlan_ah_v6_frames,rx,30,-1,-1,-1,-1,-1,158,4819.678,1.169
505,H,wlan_ah_v6_frames,rx,30,-1,-1,-1,-1,-1,158,4828.448,1.166
506,H,wlan_ah_v6_frames,rx,30,-1,-1,-1,-1,-1,158,4837.313,1.319
507,H,wlan_ah_v6_frames,rx,30,-1,-1,-1,-1,-1,158,4846.142,2.051
508,H,wlan_ah_v6_frames,rx,30,-1,-1,-1,-1,-1,158,4854.936,1.104
509,H,wlan_ah_v6_frames,rx,30,-1,-1,-1,-1,-1,158,4863.820,1.855
510,H,wlan_ah_v6_frames,rx,30,-1,-1,-1,-1,-1,158,4872.738,1.161
511,H,wlan_ah_v6_frames,rx,30,-1,-1,-1,-1,-1,158,4881.479,1.163
512,H,wlan_ah_v6_frames,rx,30,-1,-1,-1,-1,-1,158,4890.276,1.419
513,H,wlan_ah_v6_frames,rx,30,-1,-1,-1,-1,-1,158,4899.114,1.285
514,H,wlan_ah_v6_frames,rx,30,-1,-1,-1,-1,-1,158,4916.852,1.182
515,H,wlan_ah_v6_frames,rx,30,-1,-1,-1,-1,-1,158,4925.642,1.455
516,H,wlan_ah_v6_frames,rx,30,-1,-1,-1,-1,-1,158,4934.463,1.166
517,H,wlan_ah_v6_frames,rx,30,-1,-1,-1,-1,-1,158,4943.262,1.085
518,H,wlan_ah_v6_frames,rx,30,-1,-1,-1,-1,-1,158,4952.065,1.187
519,H,wlan_ah_v6_frames,rx,30,-1,-1,-1,-1,-1,158,4960.879,2.018
520,H,wlan_ah_v6_frames,rx,30,-1,-1,-1,-1,-1,158,4969.791,2.031
521,H,wlan_ah_v6_frames,rx,30,-1,-1,-1,-1,-1,158,4978.618,1.168
522,H,wlan_ah_v6_frames,rx,30,-1,-1,-1,-1,-1,158,4987.379,2.117
523,H,wlan_ah_v6_frames,rx,30,-1,-1,-1,-1,-1,158,4996.233,1.126
524,H,wlan_ah_v6_frames,rx,30,-1,-1,-1,-1,-1,158,5005.033,1.207
525,H,wlan_ah_v6_frames,rx,30,-1,-1,-1,-1,-1,158,5013.908,2.077
526,H,wlan_ah_v6_frames,rx,30,-1,-1,-1,-1,-1,158,5022.754,1.203
527,H,wlan_ah_v6_frames,rx,30,-1,-1,-1,-1,-1,158,5031.592,1.303
528,H,wlan_ah_v6_frames,rx,30,-1,-1,-1,-1,-1,158,5040.344,1.220
529,H,wlan_ah_v6_frames,rx,30,-1,-1,-1,-1,-1,158,5049.213,1.227
530,H,wlan_ah_v6_frames,rx,30,-1,-1,-1,-1,-1,158,5058.115,1.171
531,H,wlan_ah_v6_frames,rx,30,-1,-1,-1,-1,-1,158,5066.929,1.490
532,H,wlan_ah_v6_frames,rx,30,-1,-1,-1,-1,-1,158,5075.726,1.984
533,H,wlan_ah_v6_frames,rx,30,-1,-1,-1,-1,-1,158,5084.636,1.138
534,H,wlan_ah_v6_frames,rx,30,-1,-1,-1,-1,-1,158,5093.381,1.278
535,H,wlan_ah_v6_frames,rx,30,-1,-1,-1,-1,-1,158,5102.223,1.427
536,H,wlan_ah_v6_frames,rx,30,-1,-1,-1,-1,-1,158,5111.048,1.178
537,H,wlan_ah_v6_frames,rx,30,-1,-1,-1,-1,-1,158,5119.914,1.102
538,H,wlan_ah_v6_frames,rx,30,-1,-1,-1,-1,-1,158,5128.686,1.093
539,H,wlan_ah_v6_frames,rx,30,-1,-1,-1,-1,-1,158,5137.554,2.060
540,H,wlan_ah_v6_frames,rx,30,-1,-1,-1,-1,-1,158,5146.298,1.230
541,H,wlan_ah_v6_frames,rx,30,-1,-1,-1,-1,-1,158,5155.308,1.138
542,H,wlan_ah_v6_frames,rx,30,-1,-1,-1,-1,-1,158,5164.036,1.358
543,H,wlan_ah_v6_frames,rx,30,-1,-1,-1,-1,-1,158,5172.884,1.269
544,H,wlan_ah_v6_frames,rx,30,-1,-1,-1,-1,-1,158,5181.689,2.088
545,H,wlan_ah_v6_frames,rx,30,-1,-1,-1,-1,-1,158,5190.543,1.501
546,H,wlan_ah_v6_frames,rx,30,-1,-1,-1,-1,-1,158,5199.440,1.161
547,H,wlan_ah_v6_frames,rx,30,-1,-1,-1,-1,-1,158,5208.145,1.283
548,H,wlan_ah_v6_frames,rx,30,-1,-1,-1,-1,-1,158,5217.005,1.098
549,H,wlan_ah_v6_frames,rx,30,-1,-1,-1,-1,-1,158,5225.832,1.201
550,H,wlan_ah_v6_frames,rx,30,-1,-1,-1,-1,-1,158,5234.631,1.194
551,H,wlan_ah_v6_frames,rx,30,-1,-1,-1,-1,-1,158,5243.443,2.092
552,H,wlan_ah_v6_frames,rx,30,-1,-1,-1,-1,-1,158,5252.329,1.120
553,H,wlan_ah_v6_frames,rx,30,-1,-1,-1,-1,-1,158,5261.152,2.031
554,H,wlan_ah_v6_frames,rx,30,-1,-1,-1,-1,-1,158,5270.001,1.482
555,H,wlan_ah_v6_frames,rx,30,-1,-1,-1,-1,-1,158,5278.827,2.195
556,H,wlan_ah_v6_frames,rx,30,-1,-1,-1,-1,-1,158,5287.630,1.202
557,H,wlan_ah_v6_frames,rx,30,-1,-1,-1,-1,-1,158,5296.608,1.173
558,H,wlan_ah_v6_frames,rx,30,-1,-1,-1,-1,-1,158,5305.405,2.008
559,H,wlan_ah_v6_frames,rx,30,-1,-1,-1,-1,-1,158,5314.190,1.952
560,H,wlan_ah_v6_frames,rx,30,-1,-1,-1,-1,-1,158,5322.956,1.160
561,H,wlan_ah_v6_frames,rx,30,-1,-1,-1,-1,-1,158,5331.839,1.212
562,H,wlan_ah_v6_frames,rx,30,-1,-1,-1,-1,-1,158,5340.625,1.139
563,H,wlan_ah_v6_frames,rx,30,-1,-1,-1,-1,-1,158,5349.451,1.614
564,H,wlan_ah_v6_frames,rx,30,-1,-1,-1,-1,-1,158,5358.244,2.183
565,H,wlan_ah_v6_frames,rx,30,-1,-1,-1,-1,-1,158,5367.130,1.164
566,H,wlan_ah_v6_frames,rx,30,-1,-1,-1,-1,-1,158,5375.939,1.446
567,H,wlan_ah_v6_frames,rx,30,-1,-1,-1,-1,-1,158,5384.805,2.048
568,H,wlan_ah_v6_frames,rx,30,-1,-1,-1,-1,-1,158,5393.614,1.341
569,H,wlan_ah_v6_frames,rx,30,-1,-1,-1,-1,-1,158,5402.422,1.332
570,H,wlan_ah_v6_frames,rx,30,-1,-1,-1,-1,-1,158,5411.304,1.208
571,H,wlan_ah_v6_frames,rx,30,-1,-1,-1,-1,-1,158,5420.064,1.889
572,H,wlan_ah_v6_frames,rx,30,-1,-1,-1,-1,-1,158,5428.958,1.175
573,H,wlan_ah_v6_frames,rx,30,-1,-1,-1,-1,-1,158,5437.766,1.267
574,H,wlan_ah_v6_frames,rx,30,-1,-1,-1,-1,-1,158,5446.583,1.158
575,H,wlan_ah_v6_frames,rx,30,-1,-1,-1,-1,-1,158,5455.375,2.047
576,H,wlan_ah_v6_frames,rx,30,-1,-1,-1,-1,-1,158,5464.206,1.192
577,H,wlan_ah_v6_frames,rx,30,-1,-1,-1,-1,-1,158,5473.037,1.099
578,H,wlan_ah_v6_frames,rx,30,-1,-1,-1,-1,-1,158,5481.876,2.056
579,H,wlan_ah_v6_frames,rx,30,-1,-1,-1,-1,-1,158,5490.719,1.132
580,H,wlan_ah_v6_frames,rx,30,-1,-1,-1,-1,-1,158,5499.539,1.142
581,H,wlan_ah_v6_frames,rx,30,-1,-1,-1,-1,-1,158,5508.394,1.181
582,H,wlan_ah_v6_frames,rx,30,-1,-1,-1,-1,-1,158,5517.224,1.137
583,H,wlan_ah_v6_frames,rx,30,-1,-1,-1,-1,-1,158,5526.095,2.139
584,H,wlan_ah_v6_frames,rx,30,-1,-1,-1,-1,-1,158,5534.871,1.135
585,H,wlan_ah_v6_frames,rx,30,-1,-1,-1,-1,-1,158,5543.746,1.248
586,H,wlan_ah_v6_frames,rx,30,-1,-1,-1,-1,-1,158,5552.582,1.077
587,H,wlan_ah_v6_frames,rx,30,-1,-1,-1,-1,-1,158,5561.363,1.162
588,H,wlan_ah_v6_frames,rx,30,-1,-1,-1,-1,-1,158,5570.190,2.036
589,H,wlan_ah_v6_frames,rx,30,-1,-1,-1,-1,-1,158,5579.041,1.485
590,H,wlan_ah_v6_frames,rx,30,-1,-1,-1,-1,-1,158,5587.821,2.111
591,H,wlan_ah_v6_frames,rx,30,-1,-1,-1,-1,-1,158,5596.663,1.121
592,H,wlan_ah_v6_frames,rx,30,-1,-1,-1,-1,-1,158,5605.513,1.159
593,H,wlan_ah_v6_frames,rx,30,-1,-1,-1,-1,-1,158,5614.349,1.189
594,H,wlan_ah_v6_frames,rx,30,-1,-1,-1,-1,-1,158,5623.171,1.112
595,H,wlan_ah_v6_frames,rx,30,-1,-1,-1,-1,-1,158,5632.027,1.286
596,H,wlan_ah_v6_frames,rx,30,-1,-1,-1,-1,-1,158,5640.829,1.288
597,H,wlan_ah_v6_frames,rx,30,-1,-1,-1,-1,-1,158,5649.678,1.097
598,H,wlan_ah_v6_frames,rx,30,-1,-1,-1,-1,-1,158,5658.551,2.015
599,H,wlan_ah_v6_frames,rx,30,-1,-1,-1,-1,-1,158,5667.341,1.233
600,H,wlan_ah_v6_frames,rx,30,-1,-1,-1,-1,-1,158,5676.161,2.144
601,H,wlan_ah_v6_frames,rx,30,-1,-1,-1,-1,-1,158,5685.013,1.990
602,H,wlan_ah_v6_frames,rx,30,-1,-1,-1,-1,-1,158,5693.848,1.140
603,H,wlan_ah_v6_frames,rx,30,-1,-1,-1,-1,-1,158,5702.659,1.523
604,H,wlan_ah_v6_frames,rx,30,-1,-1,-1,-1,-1,158,5711.485,2.042
605,H,wlan_ah_v6_frames,rx,30,-1,-1,-1,-1,-1,158,5720.304,1.412
606,H,wlan_ah_v6_frames,rx,30,-1,-1,-1,-1,-1,158,5729.140,1.265
607,H,wlan_ah_v6_frames,rx,30,-1,-1,-1,-1,-1,158,5737.955,1.308
608,H,wlan_ah_v6_frames,rx,30,-1,-1,-1,-1,-1,158,5746.823,2.093
609,H,wlan_ah_v6_frames,rx,30,-1,-1,-1,-1,-1,158,5755.637,1.412
610,H,wlan_ah_v6_frames,rx,30,-1,-1,-1,-1,-1,158,5764.502,2.113
611,H,wlan_ah_v6_frames,rx,30,-1,-1,-1,-1,-1,158,5773.423,1.253
612,H,wlan_ah_v6_frames,rx,30,-1,-1,-1,-1,-1,158,5782.107,1.242
613,H,wlan_ah_v6_frames,rx,30,-1,-1,-1,-1,-1,158,5790.954,1.106
614,H,wlan_ah_v6_frames,rx,30,-1,-1,-1,-1,-1,158,5808.579,1.841
615,H,wlan_ah_v6_frames,rx,30,-1,-1,-1,-1,-1,158,5817.463,1.123
616,H,wlan_ah_v6_frames,rx,30,-1,-1,-1,-1,-1,158,5826.243,1.075
617,H,wlan_ah_v6_frames,rx,30,-1,-1,-1,-1,-1,158,5835.098,1.267
618,H,wlan_ah_v6_frames,rx,30,-1,-1,-1,-1,-1,158,5843.905,1.176
619,H,wlan_ah_v6_frames,rx,30,-1,-1,-1,-1,-1,158,5852.870,2.064
620,H,wlan_ah_v6_frames,rx,30,-1,-1,-1,-1,-1,158,5861.631,1.295
621,H,wlan_ah_v6_frames,rx,30,-1,-1,-1,-1,-1,158,5870.400,1.155
622,H,wlan_ah_v6_frames,rx,30,-1,-1,-1,-1,-1,158,5879.274,1.214
623,H,wlan_ah_v6_frames,rx,30,-1,-1,-1,-1,-1,158,5888.058,1.183
624,H,wlan_ah_v6_frames,rx,30,-1,-1,-1,-1,-1,158,5896.871,1.083
625,H,wlan_ah_v6_frames,rx,30,-1,-1,-1,-1,-1,158,5905.699,2.031
626,H,wlan_ah_v6_frames,rx,30,-1,-1,-1,-1,-1,158,5914.653,1.262
627,H,wlan_ah_v6_frames,rx,30,-1,-1,-1,-1,-1,158,5923.400,1.331
628,H,wlan_ah_v6_frames,rx,30,-1,-1,-1,-1,-1,158,5932.229,1.171
629,H,wlan_ah_v6_frames,rx,30,-1,-1,-1,-1,-1,158,5941.033,1.129
630,H,wlan_ah_v6_frames,rx,30,-1,-1,-1,-1,-1,158,5949.827,1.502
631,H,wlan_ah_v6_frames,rx,30,-1,-1,-1,-1,-1,158,5958.670,1.187
632,H,wlan_ah_v6_frames,rx,30,-1,-1,-1,-1,-1,158,5967.485,1.165
633,H,wlan_ah_v6_frames,rx,30,-1,-1,-1,-1,-1,158,5977.133,1.988
634,H,wlan_ah_v6_frames,rx,30,-1,-1,-1,-1,-1,158,5985.159,1.159
635,H,wlan_ah_v6_frames,rx,30,-1,-1,-1,-1,-1,158,5994.049,1.334
636,H,wlan_ah_v6_frames,rx,30,-1,-1,-1,-1,-1,158,6002.815,1.935
637,H,wlan_ah_v6_frames,rx,30,-1,-1,-1,-1,-1,158,6011.671,1.394
638,H,wlan_ah_v6_frames,rx,30,-1,-1,-1,-1,-1,158,6020.487,1.347
639,H,wlan_ah_v6_frames,rx,30,-1,-1,-1,-1,-1,158,6029.341,1.473
640,H,wlan_ah_v6_frames,rx,30,-1,-1,-1,-1,-1,158,6038.178,2.058
641,H,wlan_ah_v6_frames,rx,30,-1,-1,-1,-1,-1,158,6047.005,1.129
642,H,wlan_ah_v6_frames,rx,30,-1,-1,-1,-1,-1,158,6055.841,2.036
643,H,wlan_ah_v6_frames,rx,30,-1,-1,-1,-1,-1,158,6064.664,1.176
644,H,wlan_ah_v6_frames,rx,30,-1,-1,-1,-1,-1,158,6073.556,1.328
645,H,wlan_ah_v6_frames,rx,30,-1,-1,-1,-1,-1,158,6082.376,1.295
646,H,wlan_ah_v6_frames,rx,30,-1,-1,-1,-1,-1,158,6091.226,1.227
647,H,wlan_ah_v6_frames,rx,30,-1,-1,-1,-1,-1,158,6099.973,1.144
648,H,wlan_ah_v6_frames,rx,30,-1,-1,-1,-1,-1,158,6108.811,2.011
649,H,wlan_ah_v6_frames,rx,30,-1,-1,-1,-1,-1,158,6117.636,1.152
650,H,wlan_ah_v6_frames,rx,30,-1,-1,-1,-1,-1,158,6126.514,1.181
651,H,wlan_ah_v6_frames,rx,30,-1,-1,-1,-1,-1,158,6135.283,1.377
652,H,wlan_ah_v6_frames,rx,30,-1,-1,-1,-1,-1,158,6144.154,1.200
653,H,wlan_ah_v6_frames,rx,30,-1,-1,-1,-1,-1,158,6152.955,1.125
654,H,wlan_ah_v6_frames,rx,30,-1,-1,-1,-1,-1,158,6161.806,1.235
655,H,wlan_ah_v6_frames,rx,30,-1,-1,-1,-1,-1,158,6170.668,1.750
656,H,wlan_ah_v6_frames,rx,30,-1,-1,-1,-1,-1,158,6179.457,1.453
657,H,wlan_ah_v6_frames,rx,30,-1,-1,-1,-1,-1,158,6188.316,1.140
658,H,wlan_ah_v6_frames,rx,30,-1,-1,-1,-1,-1,158,6197.147,1.294
659,H,wlan_ah_v6_frames,rx,30,-1,-1,-1,-1,-1,158,6205.968,1.341
660,H,wlan_ah_v6_frames,rx,30,-1,-1,-1,-1,-1,158,6214.822,1.293
661,H,wlan_ah_v6_frames,rx,30,-1,-1,-1,-1,-1,158,6223.595,1.344
662,H,wlan_ah_v6_frames,rx,30,-1,-1,-1,-1,-1,158,6232.404,1.160
663,H,wlan_ah_v6_frames,rx,30,-1,-1,-1,-1,-1,158,6241.303,1.136
664,H,wlan_ah_v6_frames,rx,30,-1,-1,-1,-1,-1,158,6250.226,1.493
665,H,wlan_ah_v6_frames,rx,30,-1,-1,-1,-1,-1,158,6258.919,1.348
666,H,wlan_ah_v6_frames,rx,30,-1,-1,-1,-1,-1,158,6267.750,1.186
667,H,wlan_ah_v6_frames,rx,30,-1,-1,-1,-1,-1,158,6276.575,1.241
668,H,wlan_ah_v6_frames,rx,30,-1,-1,-1,-1,-1,158,6285.448,2.185
669,H,wlan_ah_v6_frames,rx,30,-1,-1,-1,-1,-1,158,6294.253,1.146
670,H,wlan_ah_v6_frames,rx,30,-1,-1,-1,-1,-1,158,6303.075,1.219
671,H,wlan_ah_v6_frames,rx,30,-1,-1,-1,-1,-1,158,6311.987,1.621
672,H,wlan_ah_v6_frames,rx,30,-1,-1,-1,-1,-1,158,6320.770,1.150
673,H,wlan_ah_v6_frames,rx,30,-1,-1,-1,-1,-1,158,6329.596,2.120
674,H,wlan_ah_v6_frames,rx,30,-1,-1,-1,-1,-1,158,6338.436,1.328
675,H,wlan_ah_v6_frames,rx,30,-1,-1,-1,-1,-1,158,6347.239,2.061
676,H,wlan_ah_v6_frames,rx,30,-1,-1,-1,-1,-1,158,6356.035,1.117
677,H,wlan_ah_v6_frames,rx,30,-1,-1,-1,-1,-1,158,6364.907,1.165
678,H,wlan_ah_v6_frames,rx,30,-1,-1,-1,-1,-1,158,6373.780,1.284
679,H,wlan_ah_v6_frames,rx,30,-1,-1,-1,-1,-1,158,6382.528,1.193
680,H,wlan_ah_v6_frames,rx,30,-1,-1,-1,-1,-1,158,6391.370,2.058
681,H,wlan_ah_v6_frames,rx,30,-1,-1,-1,-1,-1,158,6400.216,1.159
682,H,wlan_ah_v6_frames,rx,30,-1,-1,-1,-1,-1,158,6417.902,1.898
683,H,wlan_ah_v6_frames,rx,30,-1,-1,-1,-1,-1,158,6426.714,1.163
684,H,wlan_ah_v6_frames,rx,30,-1,-1,-1,-1,-1,158,6435.563,1.143
685,H,wlan_ah_v6_frames,rx,30,-1,-1,-1,-1,-1,158,6444.409,2.022
686,H,wlan_ah_v6_frames,rx,30,-1,-1,-1,-1,-1,158,6453.130,1.351
687,H,wlan_ah_v6_frames,rx,30,-1,-1,-1,-1,-1,158,6462.038,1.165
688,H,wlan_ah_v6_frames,rx,30,-1,-1,-1,-1,-1,158,6470.880,1.271
689,H,wlan_ah_v6_frames,rx,30,-1,-1,-1,-1,-1,158,6479.731,2.033
690,H,wlan_ah_v6_frames,rx,30,-1,-1,-1,-1,-1,158,6488.539,2.092
691,H,wlan_ah_v6_frames,rx,30,-1,-1,-1,-1,-1,158,6497.311,1.239
692,H,wlan_ah_v6_frames,rx,30,-1,-1,-1,-1,-1,158,6506.230,1.219
693,H,wlan_ah_v6_frames,rx,30,-1,-1,-1,-1,-1,158,6515.013,2.080
694,H,wlan_ah_v6_frames,rx,30,-1,-1,-1,-1,-1,158,6523.838,1.305
695,H,wlan_ah_v6_frames,rx,30,-1,-1,-1,-1,-1,158,6532.803,1.136
696,H,wlan_ah_v6_frames,rx,30,-1,-1,-1,-1,-1,158,6541.515,2.025
697,H,wlan_ah_v6_frames,rx,30,-1,-1,-1,-1,-1,158,6550.348,1.178
698,H,wlan_ah_v6_frames,rx,30,-1,-1,-1,-1,-1,158,6559.127,2.021
699,H,wlan_ah_v6_frames,rx,30,-1,-1,-1,-1,-1,158,6567.976,1.279
700,H,wlan_ah_v6_frames,rx,30,-1,-1,-1,-1,-1,158,6576.891,1.207
701,H,wlan_ah_v6_frames,rx,30,-1,-1,-1,-1,-1,158,6585.626,1.132
702,H,wlan_ah_v6_frames,rx,30,-1,-1,-1,-1,-1,158,6594.465,1.167
703,H,wlan_ah_v6_frames,rx,30,-1,-1,-1,-1,-1,158,6603.266,1.113
704,H,wlan_ah_v6_frames,rx,30,-1,-1,-1,-1,-1,158,6612.106,2.093
705,H,wlan_ah_v6_frames,rx,30,-1,-1,-1,-1,-1,158,6621.011,1.207
706,H,wlan_ah_v6_frames,rx,30,-1,-1,-1,-1,-1,158,6629.761,2.031
707,H,wlan_ah_v6_frames,rx,30,-1,-1,-1,-1,-1,158,6638.695,1.145
708,H,wlan_ah_v6_frames,rx,30,-1,-1,-1,-1,-1,158,6647.468,1.147
709,H,wlan_ah_v6_frames,rx,30,-1,-1,-1,-1,-1,158,6656.274,2.105
710,H,wlan_ah_v6_frames,rx,30,-1,-1,-1,-1,-1,158,6665.084,1.142
711,H,wlan_ah_v6_frames,rx,30,-1,-1,-1,-1,-1,158,6673.937,1.122
712,H,wlan_ah_v6_frames,rx,30,-1,-1,-1,-1,-1,158,6682.749,1.220
713,H,wlan_ah_v6_frames,rx,30,-1,-1,-1,-1,-1,158,6691.655,1.231
714,H,wlan_ah_v6_frames,rx,30,-1,-1,-1,-1,-1,158,6700.458,1.166
715,H,wlan_ah_v6_frames,rx,30,-1,-1,-1,-1,-1,158,6709.286,2.062
716,H,wlan_ah_v6_frames,rx,30,-1,-1,-1,-1,-1,158,6718.116,1.146
717,H,wlan_ah_v6_frames,rx,30,-1,-1,-1,-1,-1,158,6726.908,1.971
718,H,wlan_ah_v6_frames,rx,30,-1,-1,-1,-1,-1,158,6735.717,1.111
719,H,wlan_ah_v6_frames,rx,30,-1,-1,-1,-1,-1,158,6744.590,1.192
720,H,wlan_ah_v6_frames,rx,30,-1,-1,-1,-1,-1,158,6753.421,2.088
721,H,wlan_ah_v6_frames,rx,30,-1,-1,-1,-1,-1,158,6762.242,2.034
722,H,wlan_ah_v6_frames,rx,30,-1,-1,-1,-1,-1,158,6771.041,1.172
723,H,wlan_ah_v6_frames,rx,30,-1,-1,-1,-1,-1,158,6779.905,1.699
724,H,wlan_ah_v6_frames,rx,30,-1,-1,-1,-1,-1,158,6788.742,1.188
725,H,wlan_ah_v6_frames,rx,30,-1,-1,-1,-1,-1,158,6797.583,1.976
726,H,wlan_ah_v6_frames,rx,30,-1,-1,-1,-1,-1,158,6806.422,2.061
727,H,wlan_ah_v6_frames,rx,30,-1,-1,-1,-1,-1,158,6815.272,1.876
728,H,wlan_ah_v6_frames,rx,30,-1,-1,-1,-1,-1,158,6824.051,1.126
729,H,wlan_ah_v6_frames,rx,30,-1,-1,-1,-1,-1,158,6832.877,1.705
730,H,wlan_ah_v6_frames,rx,30,-1,-1,-1,-1,-1,158,6841.728,1.086
731,H,wlan_ah_v6_frames,rx,30,-1,-1,-1,-1,-1,158,6850.513,1.161
732,H,wlan_ah_v6_frames,rx,30,-1,-1,-1,-1,-1,158,6859.384,1.222
733,H,wlan_ah_v6_frames,rx,30,-1,-1,-1,-1,-1,158,6868.404,1.127
734,H,wlan_ah_v6_frames,rx,30,-1,-1,-1,-1,-1,158,6877.049,1.133
735,H,wlan_ah_v6_frames,rx,30,-1,-1,-1,-1,-1,158,6885.866,1.146
736,H,wlan_ah_v6_frames,rx,30,-1,-1,-1,-1,-1,158,6894.692,1.116
737,H,wlan_ah_v6_frames,rx,30,-1,-1,-1,-1,-1,158,6903.533,1.092
738,H,wlan_ah_v6_frames,rx,30,-1,-1,-1,-1,-1,158,6912.357,1.268
739,H,wlan_ah_v6_frames,rx,30,-1,-1,-1,-1,-1,158,6921.164,1.087
740,H,wlan_ah_v6_frames,rx,30,-1,-1,-1,-1,-1,158,6929.986,1.115
741,H,wlan_ah_v6_frames,rx,30,-1,-1,-1,-1,-1,158,6938.814,2.060
742,H,wlan_ah_v6_frames,rx,30,-1,-1,-1,-1,-1,158,6947.668,1.146
743,H,wlan_ah_v6_frames,rx,30,-1,-1,-1,-1,-1,158,6956.600,1.103
744,H,wlan_ah_v6_frames,rx,30,-1,-1,-1,-1,-1,158,6965.316,1.146
745,H,wlan_ah_v6_frames,rx,30,-1,-1,-1,-1,-1,158,6974.177,1.751
746,H,wlan_ah_v6_frames,rx,30,-1,-1,-1,-1,-1,158,6983.073,1.456
747,H,wlan_ah_v6_frames,rx,30,-1,-1,-1,-1,-1,158,6991.922,2.068
748,H,wlan_ah_v6_frames,rx,30,-1,-1,-1,-1,-1,158,7000.610,1.184
749,H,wlan_ah_v6_frames,rx,30,-1,-1,-1,-1,-1,158,7009.551,1.202
750,H,wlan_ah_v6_frames,rx,30,-1,-1,-1,-1,-1,158,7018.344,1.997
751,H,wlan_ah_v6_frames,rx,30,-1,-1,-1,-1,-1,158,7027.084,1.970
752,H,wlan_ah_v6_frames,rx,30,-1,-1,-1,-1,-1,158,7036.019,1.808
753,H,wlan_ah_v6_frames,rx,30,-1,-1,-1,-1,-1,158,7044.806,2.062
754,H,wlan_ah_v6_frames,rx,30,-1,-1,-1,-1,-1,158,7053.632,2.145
755,H,wlan_ah_v6_frames,rx,30,-1,-1,-1,-1,-1,158,7062.513,1.193
756,H,wlan_ah_v6_frames,rx,30,-1,-1,-1,-1,-1,158,7071.322,1.114
757,H,wlan_ah_v6_frames,rx,30,-1,-1,-1,-1,-1,158,7080.108,2.092
758,H,wlan_ah_v6_frames,rx,30,-1,-1,-1,-1,-1,158,7088.937,1.147
759,H,wlan_ah_v6_frames,rx,30,-1,-1,-1,-1,-1,158,7097.770,1.182
760,H,wlan_ah_v6_frames,rx,30,-1,-1,-1,-1,-1,158,7106.641,1.150
761,H,wlan_ah_v6_frames,rx,30,-1,-1,-1,-1,-1,158,7115.464,2.000
762,H,wlan_ah_v6_frames,rx,30,-1,-1,-1,-1,-1,158,7124.300,1.206
763,H,wlan_ah_v6_frames,rx,30,-1,-1,-1,-1,-1,158,7133.179,1.199
764,H,wlan_ah_v6_frames,rx,30,-1,-1,-1,-1,-1,158,7141.925,2.030
765,H,wlan_ah_v6_frames,rx,30,-1,-1,-1,-1,-1,158,7150.731,2.004
766,H,wlan_ah_v6_frames,rx,30,-1,-1,-1,-1,-1,158,7159.631,1.292
767,H,wlan_ah_v6_frames,rx,30,-1,-1,-1,-1,-1,158,7168.393,1.133
768,H,wlan_ah_v6_frames,rx,30,-1,-1,-1,-1,-1,158,7177.215,1.195
769,H,wlan_ah_v6_frames,rx,30,-1,-1,-1,-1,-1,158,7186.075,1.222
770,H,wlan_ah_v6_frames,rx,30,-1,-1,-1,-1,-1,158,7194.938,1.117
771,H,wlan_ah_v6_frames,rx,30,-1,-1,-1,-1,-1,158,7203.725,2.070
772,H,wlan_ah_v6_frames,rx,30,-1,-1,-1,-1,-1,158,7212.539,1.073
773,H,wlan_ah_v6_frames,rx,30,-1,-1,-1,-1,-1,158,7221.420,2.039
774,H,wlan_ah_v6_frames,rx,30,-1,-1,-1,-1,-1,158,7230.267,1.164
775,H,wlan_ah_v6_frames,rx,30,-1,-1,-1,-1,-1,158,7239.067,1.223
776,H,wlan_ah_v6_frames,rx,30,-1,-1,-1,-1,-1,158,7247.917,1.189
777,H,wlan_ah_v6_frames,rx,30,-1,-1,-1,-1,-1,158,7256.740,2.075
778,H,wlan_ah_v6_frames,rx,30,-1,-1,-1,-1,-1,158,7265.591,1.999
779,H,wlan_ah_v6_frames,rx,30,-1,-1,-1,-1,-1,158,7274.449,2.041
780,H,wlan_ah_v6_frames,rx,30,-1,-1,-1,-1,-1,158,7283.190,2.140
781,H,wlan_ah_v6_frames,rx,30,-1,-1,-1,-1,-1,158,7292.058,1.205
782,H,wlan_ah_v6_frames,rx,30,-1,-1,-1,-1,-1,158,7300.893,1.160
783,H,wlan_ah_v6_frames,rx,30,-1,-1,-1,-1,-1,158,7309.736,1.180
784,H,wlan_ah_v6_frames,rx,30,-1,-1,-1,-1,-1,158,7318.563,1.242
785,H,wlan_ah_v6_frames,rx,30,-1,-1,-1,-1,-1,158,7327.382,1.178
786,H,wlan_ah_v6_frames,rx,30,-1,-1,-1,-1,-1,158,7336.189,1.178
787,H,wlan_ah_v6_frames,rx,30,-1,-1,-1,-1,-1,158,7344.990,1.193
788,H,wlan_ah_v6_frames,rx,30,-1,-1,-1,-1,-1,158,7353.810,1.093
789,H,wlan_ah_v6_frames,rx,30,-1,-1,-1,-1,-1,158,7362.721,1.163
790,H,wlan_ah_v6_frames,rx,30,-1,-1,-1,-1,-1,158,7371.480,1.193
791,H,wlan_ah_v6_frames,rx,30,-1,-1,-1,-1,-1,158,7380.346,1.752
792,H,wlan_ah_v6_frames,rx,30,-1,-1,-1,-1,-1,158,7398.163,1.265
793,H,wlan_ah_v6_frames,rx,30,-1,-1,-1,-1,-1,158,7406.777,1.324
794,H,wlan_ah_v6_frames,rx,30,-1,-1,-1,-1,-1,158,7415.726,2.049
795,H,wlan_ah_v6_frames,rx,30,-1,-1,-1,-1,-1,158,7424.542,1.310
796,H,wlan_ah_v6_frames,rx,30,-1,-1,-1,-1,-1,158,7433.388,2.101
797,H,wlan_ah_v6_frames,rx,30,-1,-1,-1,-1,-1,158,7442.130,1.111
798,H,wlan_ah_v6_frames,rx,30,-1,-1,-1,-1,-1,158,7451.019,1.285
799,H,wlan_ah_v6_frames,rx,30,-1,-1,-1,-1,-1,158,7459.843,2.034
800,H,wlan_ah_v6_frames,rx,30,-1,-1,-1,-1,-1,158,7468.675,1.307
801,H,wlan_ah_v6_frames,rx,30,-1,-1,-1,-1,-1,158,7477.460,1.588
802,H,wlan_ah_v6_frames,rx,30,-1,-1,-1,-1,-1,158,7486.312,1.097
803,H,wlan_ah_v6_frames,rx,30,-1,-1,-1,-1,-1,158,7495.152,1.095
804,H,wlan_ah_v6_frames,rx,30,-1,-1,-1,-1,-1,158,7504.024,1.294
805,H,wlan_ah_v6_frames,rx,30,-1,-1,-1,-1,-1,158,7512.797,2.187
806,H,wlan_ah_v6_frames,rx,30,-1,-1,-1,-1,-1,158,7521.881,1.451
807,H,wlan_ah_v6_frames,rx,30,-1,-1,-1,-1,-1,158,7530.563,1.279
808,H,wlan_ah_v6_frames,rx,30,-1,-1,-1,-1,-1,158,7539.284,1.175
809,H,wlan_ah_v6_frames,rx,30,-1,-1,-1,-1,-1,158,7548.147,1.377
810,H,wlan_ah_v6_frames,rx,30,-1,-1,-1,-1,-1,158,7556.931,2.020
811,H,wlan_ah_v6_frames,rx,30,-1,-1,-1,-1,-1,158,7565.789,1.674
812,H,wlan_ah_v6_frames,rx,30,-1,-1,-1,-1,-1,158,7574.632,1.139
813,H,wlan_ah_v6_frames,rx,30,-1,-1,-1,-1,-1,158,7583.450,1.174
814,H,wlan_ah_v6_frames,rx,30,-1,-1,-1,-1,-1,158,7592.238,1.115
815,H,wlan_ah_v6_frames,rx,30,-1,-1,-1,-1,-1,158,7601.175,1.122
816,H,wlan_ah_v6_frames,rx,30,-1,-1,-1,-1,-1,158,7609.957,1.269
817,H,wlan_ah_v6_frames,rx,30,-1,-1,-1,-1,-1,158,7618.742,1.143
818,H,wlan_ah_v6_frames,rx,30,-1,-1,-1,-1,-1,158,7627.623,1.208
819,H,wlan_ah_v6_frames,rx,30,-1,-1,-1,-1,-1,158,7636.403,1.057
820,H,wlan_ah_v6_frames,rx,30,-1,-1,-1,-1,-1,158,7645.216,1.115
821,H,wlan_ah_v6_frames,rx,30,-1,-1,-1,-1,-1,158,7654.092,2.048
822,H,wlan_ah_v6_frames,rx,30,-1,-1,-1,-1,-1,158,7662.946,2.048
823,H,wlan_ah_v6_frames,rx,30,-1,-1,-1,-1,-1,158,7671.704,1.134
824,H,wlan_ah_v6_frames,rx,30,-1,-1,-1,-1,-1,158,7680.572,1.301
825,H,wlan_ah_v6_frames,rx,30,-1,-1,-1,-1,-1,158,7689.385,1.205
826,H,wlan_ah_v6_frames,rx,30,-1,-1,-1,-1,-1,158,7698.205,1.256
827,H,wlan_ah_v6_frames,rx,30,-1,-1,-1,-1,-1,158,7706.992,1.296
828,H,wlan_ah_v6_frames,rx,30,-1,-1,-1,-1,-1,158,7715.937,1.125
829,H,wlan_ah_v6_frames,rx,30,-1,-1,-1,-1,-1,158,7724.745,2.061
830,H,wlan_ah_v6_frames,rx,30,-1,-1,-1,-1,-1,158,7733.591,1.300
831,H,wlan_ah_v6_frames,rx,30,-1,-1,-1,-1,-1,158,7742.387,2.059
832,H,wlan_ah_v6_frames,rx,30,-1,-1,-1,-1,-1,158,7751.176,1.355
833,H,wlan_ah_v6_frames,rx,30,-1,-1,-1,-1,-1,158,7760.090,1.828
834,H,wlan_ah_v6_frames,rx,30,-1,-1,-1,-1,-1,158,7768.847,1.161
835,H,wlan_ah_v6_frames,rx,30,-1,-1,-1,-1,-1,158,7777.701,1.069
836,H,wlan_ah_v6_frames,rx,30,-1,-1,-1,-1,-1,158,7786.520,2.080
837,H,wlan_ah_v6_frames,rx,30,-1,-1,-1,-1,-1,158,7795.301,1.817
838,H,wlan_ah_v6_frames,rx,30,-1,-1,-1,-1,-1,158,7804.119,1.535
839,H,wlan_ah_v6_frames,rx,30,-1,-1,-1,-1,-1,158,7812.972,1.156
840,H,wlan_ah_v6_frames,rx,30,-1,-1,-1,-1,-1,158,7821.826,1.081
841,H,wlan_ah_v6_frames,rx,30,-1,-1,-1,-1,-1,158,7830.640,1.161
842,H,wlan_ah_v6_frames,rx,30,-1,-1,-1,-1,-1,158,7839.482,1.181
843,H,wlan_ah_v6_frames,rx,30,-1,-1,-1,-1,-1,158,7848.362,1.158
844,H,wlan_ah_v6_frames,rx,30,-1,-1,-1,-1,-1,158,7857.171,1.092
845,H,wlan_ah_v6_frames,rx,30,-1,-1,-1,-1,-1,158,7865.981,1.103
846,H,wlan_ah_v6_frames,rx,30,-1,-1,-1,-1,-1,158,7874.840,2.017
847,H,wlan_ah_v6_frames,rx,30,-1,-1,-1,-1,-1,158,7883.743,2.072
848,H,wlan_ah_v6_frames,rx,30,-1,-1,-1,-1,-1,158,7892.490,2.066
849,H,wlan_ah_v6_frames,rx,30,-1,-1,-1,-1,-1,158,7901.331,1.215
850,H,wlan_ah_v6_frames,rx,30,-1,-1,-1,-1,-1,158,7910.103,1.233
851,H,wlan_ah_v6_frames,rx,30,-1,-1,-1,-1,-1,158,7918.950,1.256
852,H,wlan_ah_v6_frames,rx,30,-1,-1,-1,-1,-1,158,7927.805,1.133
853,H,wlan_ah_v6_frames,rx,30,-1,-1,-1,-1,-1,158,7936.636,1.972
854,H,wlan_ah_v6_frames,rx,30,-1,-1,-1,-1,-1,158,7945.418,1.965
855,H,wlan_ah_v6_frames,rx,30,-1,-1,-1,-1,-1,158,7954.333,1.161
856,H,wlan_ah_v6_frames,rx,30,-1,-1,-1,-1,-1,158,7963.175,1.095
857,H,wlan_ah_v6_frames,rx,30,-1,-1,-1,-1,-1,158,7971.977,1.085
858,H,wlan_ah_v6_frames,rx,30,-1,-1,-1,-1,-1,158,7980.849,1.147
859,H,wlan_ah_v6_frames,rx,30,-1,-1,-1,-1,-1,158,7989.678,1.361
860,H,wlan_ah_v6_frames,rx,30,-1,-1,-1,-1,-1,158,7998.427,2.092
861,H,wlan_ah_v6_frames,rx,30,-1,-1,-1,-1,-1,158,8007.248,1.301
862,H,wlan_ah_v6_frames,rx,30,-1,-1,-1,-1,-1,158,8016.198,1.316
863,H,wlan_ah_v6_frames,rx,30,-1,-1,-1,-1,-1,158,8024.933,2.049
864,H,wlan_ah_v6_frames,rx,30,-1,-1,-1,-1,-1,158,8033.774,1.263
865,H,wlan_ah_v6_frames,rx,30,-1,-1,-1,-1,-1,158,8042.645,1.924
866,H,wlan_ah_v6_frames,rx,30,-1,-1,-1,-1,-1,158,8051.452,1.271
867,H,wlan_ah_v6_frames,rx,30,-1,-1,-1,-1,-1,158,8060.207,1.129
868,H,wlan_ah_v6_frames,rx,30,-1,-1,-1,-1,-1,158,8069.065,1.601
869,H,wlan_ah_v6_frames,rx,30,-1,-1,-1,-1,-1,158,8077.943,2.025
870,H,wlan_ah_v6_frames,rx,30,-1,-1,-1,-1,-1,158,8086.733,2.105
871,H,wlan_ah_v6_frames,rx,30,-1,-1,-1,-1,-1,158,8095.682,2.043
872,H,wlan_ah_v6_frames,rx,30,-1,-1,-1,-1,-1,158,8104.404,1.728
873,H,wlan_ah_v6_frames,rx,30,-1,-1,-1,-1,-1,158,8113.252,2.073
874,H,wlan_ah_v6_frames,rx,30,-1,-1,-1,-1,-1,158,8122.045,1.996
875,H,wlan_ah_v6_frames,rx,30,-1,-1,-1,-1,-1,158,8130.888,1.882
876,H,wlan_ah_v6_frames,rx,30,-1,-1,-1,-1,-1,158,8139.686,1.153
877,H,wlan_ah_v6_frames,rx,30,-1,-1,-1,-1,-1,158,8148.576,1.216
878,H,wlan_ah_v6_frames,rx,30,-1,-1,-1,-1,-1,158,8157.375,1.209
879,H,wlan_ah_v6_frames,rx,30,-1,-1,-1,-1,-1,158,8166.217,1.952
880,H,wlan_ah_v6_frames,rx,30,-1,-1,-1,-1,-1,158,8175.038,1.119
881,H,wlan_ah_v6_frames,rx,30,-1,-1,-1,-1,-1,158,8183.895,2.070
882,H,wlan_ah_v6_frames,rx,30,-1,-1,-1,-1,-1,158,8192.739,1.410
883,H,wlan_ah_v6_frames,rx,30,-1,-1,-1,-1,-1,158,8201.593,1.159
884,H,wlan_ah_v6_frames,rx,30,-1,-1,-1,-1,-1,158,8210.371,1.125
885,H,wlan_ah_v6_frames,rx,30,-1,-1,-1,-1,-1,158,8219.224,1.110
886,H,wlan_ah_v6_frames,rx,30,-1,-1,-1,-1,-1,158,8228.002,1.327
887,H,wlan_ah_v6_frames,rx,30,-1,-1,-1,-1,-1,158,8236.897,2.067
888,H,wlan_ah_v6_frames,rx,30,-1,-1,-1,-1,-1,158,8245.655,1.157
889,H,wlan_ah_v6_frames,rx,30,-1,-1,-1,-1,-1,158,8254.516,2.039
890,H,wlan_ah_v6_frames,rx,30,-1,-1,-1,-1,-1,158,8263.374,1.324
891,H,wlan_ah_v6_frames,rx,30,-1,-1,-1,-1,-1,158,8272.174,1.202
892,H,wlan_ah_v6_frames,rx,30,-1,-1,-1,-1,-1,158,8280.953,1.116
893,H,wlan_ah_v6_frames,rx,30,-1,-1,-1,-1,-1,158,8289.834,1.983
894,H,wlan_ah_v6_frames,rx,30,-1,-1,-1,-1,-1,158,8298.633,1.200
895,H,wlan_ah_v6_frames,rx,30,-1,-1,-1,-1,-1,158,8307.536,1.102
896,H,wlan_ah_v6_frames,rx,30,-1,-1,-1,-1,-1,158,8316.364,1.316
897,H,wlan_ah_v6_frames,rx,30,-1,-1,-1,-1,-1,158,8325.146,1.156
898,H,wlan_ah_v6_frames,rx,30,-1,-1,-1,-1,-1,158,8333.999,1.179
899,H,wlan_ah_v6_frames,rx,30,-1,-1,-1,-1,-1,158,8342.792,1.937
900,H,wlan_ah_v6_frames,rx,30,-1,-1,-1,-1,-1,158,8351.678,2.041
901,H,wlan_ah_v6_frames,rx,30,-1,-1,-1,-1,-1,158,8360.443,2.000
902,H,wlan_ah_v6_frames,rx,30,-1,-1,-1,-1,-1,158,8369.294,1.213
903,H,wlan_ah_v6_frames,rx,30,-1,-1,-1,-1,-1,158,8378.132,1.129
904,H,wlan_ah_v6_frames,rx,30,-1,-1,-1,-1,-1,158,8386.992,1.171
905,H,wlan_ah_v6_frames,rx,30,-1,-1,-1,-1,-1,158,8395.766,2.010
906,H,wlan_ah_v6_frames,rx,30,-1,-1,-1,-1,-1,158,8404.669,2.096
907,H,wlan_ah_v6_frames,rx,30,-1,-1,-1,-1,-1,158,8413.442,1.965
908,H,wlan_ah_v6_frames,rx,30,-1,-1,-1,-1,-1,158,8422.296,2.004
909,H,wlan_ah_v6_frames,rx,30,-1,-1,-1,-1,-1,158,8431.101,1.183
910,H,wlan_ah_v6_frames,rx,30,-1,-1,-1,-1,-1,158,8439.934,1.083
911,H,wlan_ah_v6_frames,rx,30,-1,-1,-1,-1,-1,158,8448.783,2.020
912,H,wlan_ah_v6_frames,rx,30,-1,-1,-1,-1,-1,158,8457.612,1.298
913,H,wlan_ah_v6_frames,rx,30,-1,-1,-1,-1,-1,158,8466.416,1.354
914,H,wlan_ah_v6_frames,rx,30,-1,-1,-1,-1,-1,158,8475.257,1.203
915,H,wlan_ah_v6_frames,rx,30,-1,-1,-1,-1,-1,158,8484.075,1.986
916,H,wlan_ah_v6_frames,rx,30,-1,-1,-1,-1,-1,158,8492.883,1.219
917,H,wlan_ah_v6_frames,rx,30,-1,-1,-1,-1,-1,158,8501.743,1.444
918,H,wlan_ah_v6_frames,rx,30,-1,-1,-1,-1,-1,158,8510.673,1.400
919,H,wlan_ah_v6_frames,rx,30,-1,-1,-1,-1,-1,158,8519.504,1.684
920,H,wlan_ah_v6_frames,rx,30,-1,-1,-1,-1,-1,158,8528.222,1.134
921,H,wlan_ah_v6_frames,rx,30,-1,-1,-1,-1,-1,158,8537.099,1.174
922,H,wlan_ah_v6_frames,rx,30,-1,-1,-1,-1,-1,158,8545.883,1.152
923,H,wlan_ah_v6_frames,rx,30,-1,-1,-1,-1,-1,158,8554.676,1.119
924,H,wlan_ah_v6_frames,rx,30,-1,-1,-1,-1,-1,158,8563.545,1.233
925,H,wlan_ah_v6_frames,rx,30,-1,-1,-1,-1,-1,158,8572.425,1.226
926,H,wlan_ah_v6_frames,rx,30,-1,-1,-1,-1,-1,158,8581.911,1.204
927,H,wlan_ah_v6_frames,rx,30,-1,-1,-1,-1,-1,158,8590.087,1.218
928,H,wlan_ah_v6_frames,rx,30,-1,-1,-1,-1,-1,158,8598.872,1.122
929,H,wlan_ah_v6_frames,rx,30,-1,-1,-1,-1,-1,158,8607.683,1.136
930,H,wlan_ah_v6_frames,rx,30,-1,-1,-1,-1,-1,158,8616.567,1.158
931,H,wlan_ah_v6_frames,rx,30,-1,-1,-1,-1,-1,158,8625.392,2.004
932,H,wlan_ah_v6_frames,rx,30,-1,-1,-1,-1,-1,158,8634.277,1.169
933,H,wlan_ah_v6_frames,rx,30,-1,-1,-1,-1,-1,158,8643.038,1.144
934,H,wlan_ah_v6_frames,rx,30,-1,-1,-1,-1,-1,158,8651.933,1.172
935,H,wlan_ah_v6_frames,rx,30,-1,-1,-1,-1,-1,158,8660.704,1.988
936,H,wlan_ah_v6_frames,rx,30,-1,-1,-1,-1,-1,158,8669.509,2.065
937,H,wlan_ah_v6_frames,rx,30,-1,-1,-1,-1,-1,158,8678.397,2.053
938,H,wlan_ah_v6_frames,rx,30,-1,-1,-1,-1,-1,158,8687.207,1.813
939,H,wlan_ah_v6_frames,rx,30,-1,-1,-1,-1,-1,158,8696.068,1.145
940,H,wlan_ah_v6_frames,rx,30,-1,-1,-1,-1,-1,158,8704.879,1.109
941,H,wlan_ah_v6_frames,rx,30,-1,-1,-1,-1,-1,158,8713.710,1.486
942,H,wlan_ah_v6_frames,rx,30,-1,-1,-1,-1,-1,158,8722.510,1.271
943,H,wlan_ah_v6_frames,rx,30,-1,-1,-1,-1,-1,158,8731.347,1.277
944,H,wlan_ah_v6_frames,rx,30,-1,-1,-1,-1,-1,158,8740.256,1.112
945,H,wlan_ah_v6_frames,rx,30,-1,-1,-1,-1,-1,158,8748.976,1.132
946,H,wlan_ah_v6_frames,rx,30,-1,-1,-1,-1,-1,158,8757.818,1.146
947,H,wlan_ah_v6_frames,rx,30,-1,-1,-1,-1,-1,158,8766.661,1.505
948,H,wlan_ah_v6_frames,rx,30,-1,-1,-1,-1,-1,158,8775.484,1.187
949,H,wlan_ah_v6_frames,rx,30,-1,-1,-1,-1,-1,158,8784.271,1.154
950,H,wlan_ah_v6_frames,rx,30,-1,-1,-1,-1,-1,158,8793.115,1.218
951,H,wlan_ah_v6_frames,rx,30,-1,-1,-1,-1,-1,158,8801.967,1.209
952,H,wlan_ah_v6_frames,rx,30,-1,-1,-1,-1,-1,158,8810.773,2.053
953,H,wlan_ah_v6_frames,rx,30,-1,-1,-1,-1,-1,158,8819.703,1.119
954,H,wlan_ah_v6_frames,rx,30,-1,-1,-1,-1,-1,158,8828.423,1.069
955,H,wlan_ah_v6_frames,rx,30,-1,-1,-1,-1,-1,158,8837.265,2.095
956,H,wlan_ah_v6_frames,rx,30,-1,-1,-1,-1,-1,158,8846.109,1.139
957,H,wlan_ah_v6_frames,rx,30,-1,-1,-1,-1,-1,158,8854.943,1.227
958,H,wlan_ah_v6_frames,rx,30,-1,-1,-1,-1,-1,158,8863.752,1.105
959,H,wlan_ah_v6_frames,rx,30,-1,-1,-1,-1,-1,158,8872.649,2.052
960,H,wlan_ah_v6_frames,rx,30,-1,-1,-1,-1,-1,158,8881.444,1.122
961,H,wlan_ah_v6_frames,rx,30,-1,-1,-1,-1,-1,158,8890.272,1.164
962,H,wlan_ah_v6_frames,rx,30,-1,-1,-1,-1,-1,158,8899.100,1.130
963,H,wlan_ah_v6_frames,rx,30,-1,-1,-1,-1,-1,158,8907.949,2.105
964,H,wlan_ah_v6_frames,rx,30,-1,-1,-1,-1,-1,158,8916.985,1.133
965,H,wlan_ah_v6_frames,rx,30,-1,-1,-1,-1,-1,158,8925.619,1.316
966,H,wlan_ah_v6_frames,rx,30,-1,-1,-1,-1,-1,158,8934.433,1.387
967,H,wlan_ah_v6_frames,rx,30,-1,-1,-1,-1,-1,158,8943.249,1.512
968,H,wlan_ah_v6_frames,rx,30,-1,-1,-1,-1,-1,158,8952.156,2.072
969,H,wlan_ah_v6_frames,rx,30,-1,-1,-1,-1,-1,158,8960.922,1.106
970,H,wlan_ah_v6_frames,rx,30,-1,-1,-1,-1,-1,158,8969.771,1.164
971,H,wlan_ah_v6_frames,rx,30,-1,-1,-1,-1,-1,158,8978.527,1.138
972,H,wlan_ah_v6_frames,rx,30,-1,-1,-1,-1,-1,158,8987.470,2.106
973,H,wlan_ah_v6_frames,rx,30,-1,-1,-1,-1,-1,158,8996.241,1.343
974,H,wlan_ah_v6_frames,rx,30,-1,-1,-1,-1,-1,158,9006.511,1.130
975,H,wlan_ah_v6_frames,rx,30,-1,-1,-1,-1,-1,158,9013.971,1.138
976,H,wlan_ah_v6_frames,rx,30,-1,-1,-1,-1,-1,158,9022.755,1.141
977,H,wlan_ah_v6_frames,rx,30,-1,-1,-1,-1,-1,158,9031.740,1.310
978,H,wlan_ah_v6_frames,rx,30,-1,-1,-1,-1,-1,158,9040.403,1.322
979,H,wlan_ah_v6_frames,rx,30,-1,-1,-1,-1,-1,158,9049.235,2.085
980,H,wlan_ah_v6_frames,rx,30,-1,-1,-1,-1,-1,158,9058.051,1.432
981,H,wlan_ah_v6_frames,rx,30,-1,-1,-1,-1,-1,158,9066.918,1.181
982,H,wlan_ah_v6_frames,rx,30,-1,-1,-1,-1,-1,158,9075.681,1.644
983,H,wlan_ah_v6_frames,rx,30,-1,-1,-1,-1,-1,158,9084.502,1.125
984,H,wlan_ah_v6_frames,rx,30,-1,-1,-1,-1,-1,158,9093.406,1.194
985,H,wlan_ah_v6_frames,rx,30,-1,-1,-1,-1,-1,158,9102.244,1.248
986,H,wlan_ah_v6_frames,rx,30,-1,-1,-1,-1,-1,158,9111.025,1.117
987,H,wlan_ah_v6_frames,rx,30,-1,-1,-1,-1,-1,158,9119.825,1.121
