[tap wlan_ah_v2_frames] Blob([136, 0, 0, 0, 255, 255, 255, 255, 255, 255, 168, 221, 159, 77, 197, 181, 0, 0, 0, 0, 0, 0, 0, 0, 0, 0, 170, 152, 78, 35])
[tap wlan_ah_v2_frames] Blob([136, 0, 0, 0, 255, 255, 255, 255, 255, 255, 168, 221, 159, 77, 197, 181, 0, 0, 0, 0, 0, 0, 16, 0, 0, 0, 171, 10, 118, 167])
[tap wlan_ah_v2_frames] Blob([136, 0, 0, 0, 255, 255, 255, 255, 255, 255, 168, 221, 159, 77, 197, 181, 0, 0, 0, 0, 0, 0, 32, 0, 0, 0, 39, 108, 83, 28])
[tap wlan_ah_v2_frames] Blob([136, 0, 0, 0, 255, 255, 255, 255, 255, 255, 168, 221, 159, 77, 197, 181, 0, 0, 0, 0, 0, 0, 48, 0, 0, 0, 155, 96, 63, 254])
[tap wlan_ah_v2_frames] Blob([136, 0, 0, 0, 255, 255, 255, 255, 255, 255, 168, 221, 159, 77, 197, 181, 0, 0, 0, 0, 0, 0, 96, 0, 0, 0, 175, 0, 60, 182])
[tap wlan_ah_v2_frames] Blob([136, 0, 0, 0, 255, 255, 255, 255, 255, 255, 168, 221, 159, 77, 197, 181, 0, 0, 0, 0, 0, 0, 128, 0, 0, 0, 238, 24, 9, 223])
[tap wlan_ah_v2_frames] Blob([136, 0, 0, 0, 255, 255, 255, 255, 255, 255, 168, 221, 159, 77, 197, 181, 0, 0, 0, 0, 0, 0, 144, 0, 0, 0, 247, 8, 209, 204])
[tap wlan_ah_v2_frames] Blob([136, 0, 0, 0, 255, 255, 255, 255, 255, 255, 168, 221, 159, 77, 197, 181, 0, 0, 0, 0, 0, 0, 160, 0, 0, 0, 32, 204, 19, 146])
[tap wlan_ah_v2_frames] Blob([136, 0, 0, 0, 255, 255, 255, 255, 255, 255, 168, 221, 159, 77, 197, 181, 0, 0, 0, 0, 0, 0, 192, 0, 0, 0, 171, 163, 47, 198])
[tap wlan_ah_v2_frames] Blob([136, 0, 0, 0, 255, 255, 255, 255, 255, 255, 168, 221, 159, 77, 197, 181, 0, 0, 0, 0, 0, 0, 208, 0, 0, 0, 184, 199, 86, 130])
[tap wlan_ah_v2_frames] Blob([136, 0, 0, 0, 255, 255, 255, 255, 255, 255, 168, 221, 159, 77, 197, 181, 0, 0, 0, 0, 0, 0, 224, 0, 0, 0, 5, 180, 56, 188])
[tap wlan_ah_v2_frames] Blob([136, 0, 0, 0, 255, 255, 255, 255, 255, 255, 168, 221, 159, 77, 197, 181, 0, 0, 0, 0, 0, 0, 240, 0, 0, 0, 121, 164, 65, 222])
[tap wlan_ah_v2_frames] Blob([136, 0, 0, 0, 255, 255, 255, 255, 255, 255, 168, 221, 159, 77, 197, 181, 0, 0, 0, 0, 0, 0, 0, 1, 0, 0, 167, 174, 84, 0])
[tap wlan_ah_v2_frames] Blob([136, 0, 0, 0, 255, 255, 255, 255, 255, 255, 168, 221, 159, 77, 197, 181, 0, 0, 0, 0, 0, 0, 16, 1, 0, 0, 62, 67, 222, 101])
[tap wlan_ah_v2_frames] Blob([136, 0, 0, 0, 255, 255, 255, 255, 255, 255, 168, 221, 159, 77, 197, 181, 0, 0, 0, 0, 0, 0, 32, 1, 0, 0, 13, 74, 193, 192])
[tap wlan_ah_v2_frames] Blob([136, 0, 0, 0, 255, 255, 255, 255, 255, 255, 168, 221, 159, 77, 197, 181, 0, 0, 0, 0, 0, 0, 112, 1, 0, 0, 185, 249, 96, 85])
[tap wlan_ah_v2_frames] Blob([136, 0, 0, 0, 255, 255, 255, 255, 255, 255, 168, 221, 159, 77, 197, 181, 0, 0, 0, 0, 0, 0, 128, 1, 0, 0, 132, 39, 76, 69])
[tap wlan_ah_v2_frames] Blob([136, 0, 0, 0, 255, 255, 255, 255, 255, 255, 168, 221, 159, 77, 197, 181, 0, 0, 0, 0, 0, 0, 192, 1, 0, 0, 83, 168, 62, 31])
[tap wlan_ah_v2_frames] Blob([136, 0, 0, 0, 255, 255, 255, 255, 255, 255, 168, 221, 159, 77, 197, 181, 0, 0, 0, 0, 0, 0, 208, 1, 0, 0, 121, 38, 175, 65])
[tap wlan_ah_v2_frames] Blob([136, 0, 0, 0, 255, 255, 255, 255, 255, 255, 168, 221, 159, 77, 197, 181, 0, 0, 0, 0, 0, 0, 224, 1, 0, 0, 20, 100, 232, 90])
[tap wlan_ah_v2_frames] Blob([136, 0, 0, 0, 255, 255, 255, 255, 255, 255, 168, 221, 159, 77, 197, 181, 0, 0, 0, 0, 0, 0, 0, 2, 0, 0, 223, 198, 188, 0])
[tap wlan_ah_v2_frames] Blob([136, 0, 0, 0, 255, 255, 255, 255, 255, 255, 168, 221, 159, 77, 197, 181, 0, 0, 0, 0, 0, 0, 80, 2, 0, 0, 101, 19, 227, 106])
[tap wlan_ah_v2_frames] Blob([136, 0, 0, 0, 255, 255, 255, 255, 255, 255, 168, 221, 159, 77, 197, 181, 0, 0, 0, 0, 0, 0, 96, 2, 0, 0, 51, 123, 63, 152])
[tap wlan_ah_v2_frames] Blob([136, 0, 0, 0, 255, 255, 255, 255, 255, 255, 168, 221, 159, 77, 197, 181, 0, 0, 0, 0, 0, 0, 112, 2, 0, 0, 209, 117, 211, 126])
[tap wlan_ah_v2_frames] Blob([136, 0, 0, 0, 255, 255, 255, 255, 255, 255, 168, 221, 159, 77, 197, 181, 0, 0, 0, 0, 0, 0, 144, 2, 0, 0, 247, 197, 38, 170])
[tap wlan_ah_v2_frames] Blob([136, 0, 0, 0, 255, 255, 255, 255, 255, 255, 168, 221, 159, 77, 197, 181, 0, 0, 0, 0, 0, 0, 176, 2, 0, 0, 228, 133, 144, 180])
[tap wlan_ah_v2_frames] Blob([136, 0, 0, 0, 255, 255, 255, 255, 255, 255, 168, 221, 159, 77, 197, 181, 0, 0, 0, 0, 0, 0, 192, 2, 0, 0, 212, 166, 7, 23])
[tap wlan_ah_v2_frames] Blob([136, 0, 0, 0, 255, 255, 255, 255, 255, 255, 168, 221, 159, 77, 197, 181, 0, 0, 0, 0, 0, 0, 96, 3, 0, 0, 127, 242, 141, 85])
[tap wlan_ah_v2_frames] Blob([136, 0, 0, 0, 255, 255, 255, 255, 255, 255, 168, 221, 159, 77, 197, 181, 0, 0, 0, 0, 0, 0, 112, 3, 0, 0, 250, 10, 4, 235])
[tap wlan_ah_v2_frames] Blob([136, 0, 0, 0, 255, 255, 255, 255, 255, 255, 168, 221, 159, 77, 197, 181, 0, 0, 0, 0, 0, 0, 144, 3, 0, 0, 174, 37, 33, 21])
[tap wlan_ah_v2_frames] Blob([136, 0, 0, 0, 255, 255, 255, 255, 255, 255, 168, 221, 159, 77, 197, 181, 0, 0, 0, 0, 0, 0, 192, 3, 0, 0, 239, 106, 38, 242])
[tap wlan_ah_v2_frames] Blob([136, 0, 0, 0, 255, 255, 255, 255, 255, 255, 168, 221, 159, 77, 197, 181, 0, 0, 0, 0, 0, 0, 208, 3, 0, 0, 214, 251, 69, 130])
[tap wlan_ah_v2_frames] Blob([136, 0, 0, 0, 255, 255, 255, 255, 255, 255, 168, 221, 159, 77, 197, 181, 0, 0, 0, 0, 0, 0, 96, 4, 0, 0, 161, 217, 204, 102])
[tap wlan_ah_v2_frames] Blob([136, 0, 0, 0, 255, 255, 255, 255, 255, 255, 168, 221, 159, 77, 197, 181, 0, 0, 0, 0, 0, 0, 112, 4, 0, 0, 214, 5, 188, 63])
[tap wlan_ah_v2_frames] Blob([136, 0, 0, 0, 255, 255, 255, 255, 255, 255, 168, 221, 159, 77, 197, 181, 0, 0, 0, 0, 0, 0, 128, 4, 0, 0, 50, 180, 226, 194])
[tap wlan_ah_v2_frames] Blob([136, 0, 0, 0, 255, 255, 255, 255, 255, 255, 168, 221, 159, 77, 197, 181, 0, 0, 0, 0, 0, 0, 144, 4, 0, 0, 87, 5, 26, 99])
[tap wlan_ah_v2_frames] Blob([136, 0, 0, 0, 255, 255, 255, 255, 255, 255, 168, 221, 159, 77, 197, 181, 0, 0, 0, 0, 0, 0, 160, 4, 0, 0, 205, 121, 183, 236])
[tap wlan_ah_v2_frames] Blob([136, 0, 0, 0, 255, 255, 255, 255, 255, 255, 168, 221, 159, 77, 197, 181, 0, 0, 0, 0, 0, 0, 176, 4, 0, 0, 24, 93, 139, 13])
[tap wlan_ah_v2_frames] Blob([136, 0, 0, 0, 255, 255, 255, 255, 255, 255, 168, 221, 159, 77, 197, 181, 0, 0, 0, 0, 0, 0, 192, 4, 0, 0, 181, 149, 21, 3])
[tap wlan_ah_v2_frames] Blob([136, 0, 0, 0, 255, 255, 255, 255, 255, 255, 168, 221, 159, 77, 197, 181, 0, 0, 0, 0, 0, 0, 208, 4, 0, 0, 72, 210, 21, 204])
[tap wlan_ah_v2_frames] Blob([136, 0, 0, 0, 255, 255, 255, 255, 255, 255, 168, 221, 159, 77, 197, 181, 0, 0, 0, 0, 0, 0, 0, 5, 0, 0, 155, 237, 212, 205])
[tap wlan_ah_v2_frames] Blob([136, 0, 0, 0, 255, 255, 255, 255, 255, 255, 168, 221, 159, 77, 197, 181, 0, 0, 0, 0, 0, 0, 16, 5, 0, 0, 212, 246, 20, 120])
[tap wlan_ah_v2_frames] Blob([136, 0, 0, 0, 255, 255, 255, 255, 255, 255, 168, 221, 159, 77, 197, 181, 0, 0, 0, 0, 0, 0, 96, 5, 0, 0, 230, 149, 201, 191])
[tap wlan_ah_v2_frames] Blob([136, 0, 0, 0, 255, 255, 255, 255, 255, 255, 168, 221, 159, 77, 197, 181, 0, 0, 0, 0, 0, 0, 112, 5, 0, 0, 79, 172, 24, 109])
[tap wlan_ah_v2_frames] Blob([136, 0, 0, 0, 255, 255, 255, 255, 255, 255, 168, 221, 159, 77, 197, 181, 0, 0, 0, 0, 0, 0, 144, 5, 0, 0, 219, 78, 24, 32])
[tap wlan_ah_v2_frames] Blob([136, 0, 0, 0, 255, 255, 255, 255, 255, 255, 168, 221, 159, 77, 197, 181, 0, 0, 0, 0, 0, 0, 208, 5, 0, 0, 175, 134, 119, 128])
[tap wlan_ah_v2_frames] Blob([136, 0, 0, 0, 255, 255, 255, 255, 255, 255, 168, 221, 159, 77, 197, 181, 0, 0, 0, 0, 0, 0, 224, 5, 0, 0, 61, 153, 145, 147])
[tap wlan_ah_v2_frames] Blob([136, 0, 0, 0, 255, 255, 255, 255, 255, 255, 168, 221, 159, 77, 197, 181, 0, 0, 0, 0, 0, 0, 240, 5, 0, 0, 101, 122, 148, 203])
[tap wlan_ah_v2_frames] Blob([136, 0, 0, 0, 255, 255, 255, 255, 255, 255, 168, 221, 159, 77, 197, 181, 0, 0, 0, 0, 0, 0, 0, 6, 0, 0, 160, 119, 250, 113])
[tap wlan_ah_v2_frames] Blob([136, 0, 0, 0, 255, 255, 255, 255, 255, 255, 168, 221, 159, 77, 197, 181, 0, 0, 0, 0, 0, 0, 16, 6, 0, 0, 5, 214, 173, 225])
[tap wlan_ah_v2_frames] Blob([136, 0, 0, 0, 255, 255, 255, 255, 255, 255, 168, 221, 159, 77, 197, 181, 0, 0, 0, 0, 0, 0, 48, 6, 0, 0, 174, 251, 48, 197])
[tap wlan_ah_v2_frames] Blob([136, 0, 0, 0, 255, 255, 255, 255, 255, 255, 168, 221, 159, 77, 197, 181, 0, 0, 0, 0, 0, 0, 96, 6, 0, 0, 76, 102, 15, 97])
[tap wlan_ah_v2_frames] Blob([136, 0, 0, 0, 255, 255, 255, 255, 255, 255, 168, 221, 159, 77, 197, 181, 0, 0, 0, 0, 0, 0, 128, 6, 0, 0, 27, 204, 128, 76])
[tap wlan_ah_v2_frames] Blob([136, 0, 0, 0, 255, 255, 255, 255, 255, 255, 168, 221, 159, 77, 197, 181, 0, 0, 0, 0, 0, 0, 144, 6, 0, 0, 110, 105, 246, 80])
[tap wlan_ah_v2_frames] Blob([136, 0, 0, 0, 255, 255, 255, 255, 255, 255, 168, 221, 159, 77, 197, 181, 0, 0, 0, 0, 0, 0, 160, 6, 0, 0, 194, 199, 178, 176])
[tap wlan_ah_v2_frames] Blob([136, 0, 0, 0, 255, 255, 255, 255, 255, 255, 168, 221, 159, 77, 197, 181, 0, 0, 0, 0, 0, 0, 176, 6, 0, 0, 32, 76, 172, 245])
[tap wlan_ah_v2_frames] Blob([136, 0, 0, 0, 255, 255, 255, 255, 255, 255, 168, 221, 159, 77, 197, 181, 0, 0, 0, 0, 0, 0, 192, 6, 0, 0, 82, 182, 7, 184])
[tap wlan_ah_v2_frames] Blob([136, 0, 0, 0, 255, 255, 255, 255, 255, 255, 168, 221, 159, 77, 197, 181, 0, 0, 0, 0, 0, 0, 208, 6, 0, 0, 65, 141, 249, 54])
[tap wlan_ah_v2_frames] Blob([136, 0, 0, 0, 255, 255, 255, 255, 255, 255, 168, 221, 159, 77, 197, 181, 0, 0, 0, 0, 0, 0, 48, 7, 0, 0, 130, 64, 93, 18])
[tap wlan_ah_v2_frames] Blob([136, 0, 0, 0, 255, 255, 255, 255, 255, 255, 168, 221, 159, 77, 197, 181, 0, 0, 0, 0, 0, 0, 64, 7, 0, 0, 210, 185, 230, 186])
[tap wlan_ah_v2_frames] Blob([136, 0, 0, 0, 255, 255, 255, 255, 255, 255, 168, 221, 159, 77, 197, 181, 0, 0, 0, 0, 0, 0, 80, 7, 0, 0, 168, 151, 213, 206])
[tap wlan_ah_v2_frames] Blob([136, 0, 0, 0, 255, 255, 255, 255, 255, 255, 168, 221, 159, 77, 197, 181, 0, 0, 0, 0, 0, 0, 112, 7, 0, 0, 216, 138, 157, 237])
[tap wlan_ah_v2_frames] Blob([136, 0, 0, 0, 255, 255, 255, 255, 255, 255, 168, 221, 159, 77, 197, 181, 0, 0, 0, 0, 0, 0, 128, 7, 0, 0, 47, 64, 191, 52])
[tap wlan_ah_v2_frames] Blob([136, 0, 0, 0, 255, 255, 255, 255, 255, 255, 168, 221, 159, 77, 197, 181, 0, 0, 0, 0, 0, 0, 144, 7, 0, 0, 150, 7, 160, 170])
[tap wlan_ah_v2_frames] Blob([136, 0, 0, 0, 255, 255, 255, 255, 255, 255, 168, 221, 159, 77, 197, 181, 0, 0, 0, 0, 0, 0, 160, 7, 0, 0, 19, 231, 229, 40])
[tap wlan_ah_v2_frames] Blob([136, 0, 0, 0, 255, 255, 255, 255, 255, 255, 168, 221, 159, 77, 197, 181, 0, 0, 0, 0, 0, 0, 176, 7, 0, 0, 112, 235, 112, 95])
[tap wlan_ah_v2_frames] Blob([136, 0, 0, 0, 255, 255, 255, 255, 255, 255, 168, 221, 159, 77, 197, 181, 0, 0, 0, 0, 0, 0, 48, 8, 0, 0, 18, 149, 118, 8])
[tap wlan_ah_v2_frames] Blob([136, 0, 0, 0, 255, 255, 255, 255, 255, 255, 168, 221, 159, 77, 197, 181, 0, 0, 0, 0, 0, 0, 64, 8, 0, 0, 245, 166, 213, 210])
[tap wlan_ah_v2_frames] Blob([136, 0, 0, 0, 255, 255, 255, 255, 255, 255, 168, 221, 159, 77, 197, 181, 0, 0, 0, 0, 0, 0, 112, 8, 0, 0, 149, 78, 124, 126])
[tap wlan_ah_v2_frames] Blob([136, 0, 0, 0, 255, 255, 255, 255, 255, 255, 168, 221, 159, 77, 197, 181, 0, 0, 0, 0, 0, 0, 144, 8, 0, 0, 216, 119, 16, 115])
[tap wlan_ah_v2_frames] Blob([136, 0, 0, 0, 255, 255, 255, 255, 255, 255, 168, 221, 159, 77, 197, 181, 0, 0, 0, 0, 0, 0, 160, 8, 0, 0, 211, 69, 164, 167])
[tap wlan_ah_v2_frames] Blob([136, 0, 0, 0, 255, 255, 255, 255, 255, 255, 168, 221, 159, 77, 197, 181, 0, 0, 0, 0, 0, 0, 176, 8, 0, 0, 227, 3, 46, 32])
[tap wlan_ah_v2_frames] Blob([136, 0, 0, 0, 255, 255, 255, 255, 255, 255, 168, 221, 159, 77, 197, 181, 0, 0, 0, 0, 0, 0, 192, 8, 0, 0, 126, 120, 166, 71])
[tap wlan_ah_v2_frames] Blob([136, 0, 0, 0, 255, 255, 255, 255, 255, 255, 168, 221, 159, 77, 197, 181, 0, 0, 0, 0, 0, 0, 208, 8, 0, 0, 173, 217, 112, 235])
[tap wlan_ah_v2_frames] Blob([136, 0, 0, 0, 255, 255, 255, 255, 255, 255, 168, 221, 159, 77, 197, 181, 0, 0, 0, 0, 0, 0, 224, 8, 0, 0, 39, 22, 48, 82])
[tap wlan_ah_v2_frames] Blob([136, 0, 0, 0, 255, 255, 255, 255, 255, 255, 168, 221, 159, 77, 197, 181, 0, 0, 0, 0, 0, 0, 240, 8, 0, 0, 95, 15, 254, 35])
[tap wlan_ah_v2_frames] Blob([136, 0, 0, 0, 255, 255, 255, 255, 255, 255, 168, 221, 159, 77, 197, 181, 0, 0, 0, 0, 0, 0, 0, 9, 0, 0, 48, 62, 109, 143])
[tap wlan_ah_v2_frames] Blob([136, 0, 0, 0, 255, 255, 255, 255, 255, 255, 168, 221, 159, 77, 197, 181, 0, 0, 0, 0, 0, 0, 16, 9, 0, 0, 113, 203, 99, 164])
[tap wlan_ah_v2_frames] Blob([136, 0, 0, 0, 255, 255, 255, 255, 255, 255, 168, 221, 159, 77, 197, 181, 0, 0, 0, 0, 0, 0, 112, 9, 0, 0, 10, 83, 135, 211])
[tap wlan_ah_v2_frames] Blob([136, 0, 0, 0, 255, 255, 255, 255, 255, 255, 168, 221, 159, 77, 197, 181, 0, 0, 0, 0, 0, 0, 192, 9, 0, 0, 123, 151, 69, 25])
[tap wlan_ah_v2_frames] Blob([136, 0, 0, 0, 255, 255, 255, 255, 255, 255, 168, 221, 159, 77, 197, 181, 0, 0, 0, 0, 0, 0, 208, 9, 0, 0, 229, 218, 100, 143])
[tap wlan_ah_v2_frames] Blob([136, 0, 0, 0, 255, 255, 255, 255, 255, 255, 168, 221, 159, 77, 197, 181, 0, 0, 0, 0, 0, 0, 224, 9, 0, 0, 207, 66, 103, 221])
[tap wlan_ah_v2_frames] Blob([136, 0, 0, 0, 255, 255, 255, 255, 255, 255, 168, 221, 159, 77, 197, 181, 0, 0, 0, 0, 0, 0, 240, 9, 0, 0, 50, 109, 179, 142])
[tap wlan_ah_v2_frames] Blob([136, 0, 0, 0, 255, 255, 255, 255, 255, 255, 168, 221, 159, 77, 197, 181, 0, 0, 0, 0, 0, 0, 0, 10, 0, 0, 16, 90, 236, 84])
[tap wlan_ah_v2_frames] Blob([136, 0, 0, 0, 255, 255, 255, 255, 255, 255, 168, 221, 159, 77, 197, 181, 0, 0, 0, 0, 0, 0, 16, 10, 0, 0, 249, 216, 100, 204])
[tap wlan_ah_v2_frames] Blob([136, 0, 0, 0, 255, 255, 255, 255, 255, 255, 168, 221, 159, 77, 197, 181, 0, 0, 0, 0, 0, 0, 32, 10, 0, 0, 144, 38, 139, 86])
[tap wlan_ah_v2_frames] Blob([136, 0, 0, 0, 255, 255, 255, 255, 255, 255, 168, 221, 159, 77, 197, 181, 0, 0, 0, 0, 0, 0, 48, 10, 0, 0, 152, 80, 84, 4])
[tap wlan_ah_v2_frames] Blob([136, 0, 0, 0, 255, 255, 255, 255, 255, 255, 168, 221, 159, 77, 197, 181, 0, 0, 0, 0, 0, 0, 80, 10, 0, 0, 95, 131, 58, 14])
[tap wlan_ah_v2_frames] Blob([136, 0, 0, 0, 255, 255, 255, 255, 255, 255, 168, 221, 159, 77, 197, 181, 0, 0, 0, 0, 0, 0, 96, 10, 0, 0, 162, 48, 247, 193])
[tap wlan_ah_v2_frames] Blob([136, 0, 0, 0, 255, 255, 255, 255, 255, 255, 168, 221, 159, 77, 197, 181, 0, 0, 0, 0, 0, 0, 112, 10, 0, 0, 104, 41, 70, 248])
[tap wlan_ah_v2_frames] Blob([136, 0, 0, 0, 255, 255, 255, 255, 255, 255, 168, 221, 159, 77, 197, 181, 0, 0, 0, 0, 0, 0, 192, 10, 0, 0, 220, 157, 192, 41])
[tap wlan_ah_v2_frames] Blob([136, 0, 0, 0, 255, 255, 255, 255, 255, 255, 168, 221, 159, 77, 197, 181, 0, 0, 0, 0, 0, 0, 208, 10, 0, 0, 246, 117, 59, 2])
[tap wlan_ah_v2_frames] Blob([136, 0, 0, 0, 255, 255, 255, 255, 255, 255, 168, 221, 159, 77, 197, 181, 0, 0, 0, 0, 0, 0, 224, 10, 0, 0, 84, 230, 1, 158])
[tap wlan_ah_v2_frames] Blob([136, 0, 0, 0, 255, 255, 255, 255, 255, 255, 168, 221, 159, 77, 197, 181, 0, 0, 0, 0, 0, 0, 240, 10, 0, 0, 88, 253, 215, 22])
[tap wlan_ah_v2_frames] Blob([136, 0, 0, 0, 255, 255, 255, 255, 255, 255, 168, 221, 159, 77, 197, 181, 0, 0, 0, 0, 0, 0, 32, 11, 0, 0, 110, 98, 159, 22])
[tap wlan_ah_v2_frames] Blob([136, 0, 0, 0, 255, 255, 255, 255, 255, 255, 168, 221, 159, 77, 197, 181, 0, 0, 0, 0, 0, 0, 48, 11, 0, 0, 62, 238, 230, 97])
[tap wlan_ah_v2_frames] Blob([136, 0, 0, 0, 255, 255, 255, 255, 255, 255, 168, 221, 159, 77, 197, 181, 0, 0, 0, 0, 0, 0, 64, 11, 0, 0, 235, 183, 91, 238])
[tap wlan_ah_v2_frames] Blob([136, 0, 0, 0, 255, 255, 255, 255, 255, 255, 168, 221, 159, 77, 197, 181, 0, 0, 0, 0, 0, 0, 80, 11, 0, 0, 124, 234, 186, 41])
[tap wlan_ah_v2_frames] Blob([136, 0, 0, 0, 255, 255, 255, 255, 255, 255, 168, 221, 159, 77, 197, 181, 0, 0, 0, 0, 0, 0, 96, 11, 0, 0, 254, 72, 83, 179])
[tap wlan_ah_v2_frames] Blob([136, 0, 0, 0, 255, 255, 255, 255, 255, 255, 168, 221, 159, 77, 197, 181, 0, 0, 0, 0, 0, 0, 112, 11, 0, 0, 192, 41, 124, 161])
[tap wlan_ah_v2_frames] Blob([136, 0, 0, 0, 255, 255, 255, 255, 255, 255, 168, 221, 159, 77, 197, 181, 0, 0, 0, 0, 0, 0, 128, 11, 0, 0, 109, 80, 29, 244])
[tap wlan_ah_v2_frames] Blob([136, 0, 0, 0, 255, 255, 255, 255, 255, 255, 168, 221, 159, 77, 197, 181, 0, 0, 0, 0, 0, 0, 144, 11, 0, 0, 248, 181, 254, 159])
[tap wlan_ah_v2_frames] Blob([136, 0, 0, 0, 255, 255, 255, 255, 255, 255, 168, 221, 159, 77, 197, 181, 0, 0, 0, 0, 0, 0, 160, 11, 0, 0, 45, 3, 60, 216])
[tap wlan_ah_v2_frames] Blob([136, 0, 0, 0, 255, 255, 255, 255, 255, 255, 168, 221, 159, 77, 197, 181, 0, 0, 0, 0, 0, 0, 224, 11, 0, 0, 156, 55, 121, 151])
[tap wlan_ah_v2_frames] Blob([136, 0, 0, 0, 255, 255, 255, 255, 255, 255, 168, 221, 159, 77, 197, 181, 0, 0, 0, 0, 0, 0, 240, 11, 0, 0, 157, 48, 45, 189])
[tap wlan_ah_v2_frames] Blob([136, 0, 0, 0, 255, 255, 255, 255, 255, 255, 168, 221, 159, 77, 197, 181, 0, 0, 0, 0, 0, 0, 96, 12, 0, 0, 82, 72, 39, 88])
[tap wlan_ah_v2_frames] Blob([136, 0, 0, 0, 255, 255, 255, 255, 255, 255, 168, 221, 159, 77, 197, 181, 0, 0, 0, 0, 0, 0, 112, 12, 0, 0, 34, 94, 236, 207])
[tap wlan_ah_v2_frames] Blob([136, 0, 0, 0, 255, 255, 255, 255, 255, 255, 168, 221, 159, 77, 197, 181, 0, 0, 0, 0, 0, 0, 128, 12, 0, 0, 62, 220, 194, 135])
[tap wlan_ah_v2_frames] Blob([136, 0, 0, 0, 255, 255, 255, 255, 255, 255, 168, 221, 159, 77, 197, 181, 0, 0, 0, 0, 0, 0, 144, 12, 0, 0, 63, 40, 103, 200])
[tap wlan_ah_v2_frames] Blob([136, 0, 0, 0, 255, 255, 255, 255, 255, 255, 168, 221, 159, 77, 197, 181, 0, 0, 0, 0, 0, 0, 160, 12, 0, 0, 84, 28, 80, 51])
[tap wlan_ah_v2_frames] Blob([136, 0, 0, 0, 255, 255, 255, 255, 255, 255, 168, 221, 159, 77, 197, 181, 0, 0, 0, 0, 0, 0, 208, 12, 0, 0, 26, 222, 41, 75])
[tap wlan_ah_v2_frames] Blob([136, 0, 0, 0, 255, 255, 255, 255, 255, 255, 168, 221, 159, 77, 197, 181, 0, 0, 0, 0, 0, 0, 224, 12, 0, 0, 233, 93, 207, 217])
[tap wlan_ah_v2_frames] Blob([136, 0, 0, 0, 255, 255, 255, 255, 255, 255, 168, 221, 159, 77, 197, 181, 0, 0, 0, 0, 0, 0, 16, 13, 0, 0, 213, 254, 53, 211])
[tap wlan_ah_v2_frames] Blob([136, 0, 0, 0, 255, 255, 255, 255, 255, 255, 168, 221, 159, 77, 197, 181, 0, 0, 0, 0, 0, 0, 48, 13, 0, 0, 21, 141, 108, 251])
[tap wlan_ah_v2_frames] Blob([136, 0, 0, 0, 255, 255, 255, 255, 255, 255, 168, 221, 159, 77, 197, 181, 0, 0, 0, 0, 0, 0, 208, 13, 0, 0, 103, 65, 213, 59])
[tap wlan_ah_v2_frames] Blob([136, 0, 0, 0, 255, 255, 255, 255, 255, 255, 168, 221, 159, 77, 197, 181, 0, 0, 0, 0, 0, 0, 32, 14, 0, 0, 169, 108, 214, 49])
[tap wlan_ah_v2_frames] Blob([136, 0, 0, 0, 255, 255, 255, 255, 255, 255, 168, 221, 159, 77, 197, 181, 0, 0, 0, 0, 0, 0, 48, 14, 0, 0, 0, 118, 167, 58])
[tap wlan_ah_v2_frames] Blob([136, 0, 0, 0, 255, 255, 255, 255, 255, 255, 168, 221, 159, 77, 197, 181, 0, 0, 0, 0, 0, 0, 64, 14, 0, 0, 214, 7, 222, 194])
[tap wlan_ah_v2_frames] Blob([136, 0, 0, 0, 255, 255, 255, 255, 255, 255, 168, 221, 159, 77, 197, 181, 0, 0, 0, 0, 0, 0, 112, 14, 0, 0, 128, 29, 246, 62])
[tap wlan_ah_v2_frames] Blob([136, 0, 0, 0, 255, 255, 255, 255, 255, 255, 168, 221, 159, 77, 197, 181, 0, 0, 0, 0, 0, 0, 144, 14, 0, 0, 108, 147, 0, 3])
[tap wlan_ah_v2_frames] Blob([136, 0, 0, 0, 255, 255, 255, 255, 255, 255, 168, 221, 159, 77, 197, 181, 0, 0, 0, 0, 0, 0, 208, 14, 0, 0, 227, 115, 158, 47])
[tap wlan_ah_v2_frames] Blob([136, 0, 0, 0, 255, 255, 255, 255, 255, 255, 168, 221, 159, 77, 197, 181, 0, 0, 0, 0, 0, 0, 240, 14, 0, 0, 17, 220, 21, 232])
[tap wlan_ah_v2_frames] Blob([136, 0, 0, 0, 255, 255, 255, 255, 255, 255, 168, 221, 159, 77, 197, 181, 0, 0, 0, 0, 0, 0, 0, 15, 0, 0, 40, 202, 117, 97])
[tap wlan_ah_v2_frames] Blob([136, 0, 0, 0, 255, 255, 255, 255, 255, 255, 168, 221, 159, 77, 197, 181, 0, 0, 0, 0, 0, 0, 16, 15, 0, 0, 37, 67, 97, 194])
[tap wlan_ah_v2_frames] Blob([136, 0, 0, 0, 255, 255, 255, 255, 255, 255, 168, 221, 159, 77, 197, 181, 0, 0, 0, 0, 0, 0, 32, 15, 0, 0, 165, 171, 142, 248])
[tap wlan_ah_v2_frames] Blob([136, 0, 0, 0, 255, 255, 255, 255, 255, 255, 168, 221, 159, 77, 197, 181, 0, 0, 0, 0, 0, 0, 48, 15, 0, 0, 47, 5, 246, 48])
[tap wlan_ah_v2_frames] Blob([136, 0, 0, 0, 255, 255, 255, 255, 255, 255, 168, 221, 159, 77, 197, 181, 0, 0, 0, 0, 0, 0, 80, 15, 0, 0, 216, 116, 134, 180])
[tap wlan_ah_v2_frames] Blob([136, 0, 0, 0, 255, 255, 255, 255, 255, 255, 168, 221, 159, 77, 197, 181, 0, 0, 0, 0, 0, 0, 96, 15, 0, 0, 21, 189, 253, 58])
[tap wlan_ah_v2_frames] Blob([136, 0, 0, 0, 255, 255, 255, 255, 255, 255, 168, 221, 159, 77, 197, 181, 0, 0, 0, 0, 0, 0, 128, 15, 0, 0, 56, 163, 166, 118])
[tap wlan_ah_v2_frames] Blob([136, 0, 0, 0, 255, 255, 255, 255, 255, 255, 168, 221, 159, 77, 197, 181, 0, 0, 0, 0, 0, 0, 144, 15, 0, 0, 170, 164, 146, 122])
[tap wlan_ah_v2_frames] Blob([136, 0, 0, 0, 255, 255, 255, 255, 255, 255, 168, 221, 159, 77, 197, 181, 0, 0, 0, 0, 0, 0, 160, 15, 0, 0, 153, 147, 20, 198])
[tap wlan_ah_v2_frames] Blob([136, 0, 0, 0, 255, 255, 255, 255, 255, 255, 168, 221, 159, 77, 197, 181, 0, 0, 0, 0, 0, 0, 176, 15, 0, 0, 62, 94, 231, 200])
[tap wlan_ah_v2_frames] Blob([136, 0, 0, 0, 255, 255, 255, 255, 255, 255, 168, 221, 159, 77, 197, 181, 0, 0, 0, 0, 0, 0, 224, 15, 0, 0, 57, 206, 129, 101])
[tap wlan_ah_v2_frames] Blob([136, 0, 0, 0, 255, 255, 255, 255, 255, 255, 168, 221, 159, 77, 197, 181, 0, 0, 0, 0, 0, 0, 0, 16, 0, 0, 255, 152, 114, 8])
[tap wlan_ah_v2_frames] Blob([136, 0, 0, 0, 255, 255, 255, 255, 255, 255, 168, 221, 159, 77, 197, 181, 0, 0, 0, 0, 0, 0, 16, 16, 0, 0, 99, 248, 101, 167])
[tap wlan_ah_v2_frames] Blob([136, 0, 0, 0, 255, 255, 255, 255, 255, 255, 168, 221, 159, 77, 197, 181, 0, 0, 0, 0, 0, 0, 32, 16, 0, 0, 157, 108, 43, 96])
[tap wlan_ah_v2_frames] Blob([136, 0, 0, 0, 255, 255, 255, 255, 255, 255, 168, 221, 159, 77, 197, 181, 0, 0, 0, 0, 0, 0, 48, 16, 0, 0, 200, 51, 131, 172])
[tap wlan_ah_v2_frames] Blob([136, 0, 0, 0, 255, 255, 255, 255, 255, 255, 168, 221, 159, 77, 197, 181, 0, 0, 0, 0, 0, 0, 80, 16, 0, 0, 121, 231, 109, 108])
[tap wlan_ah_v2_frames] Blob([136, 0, 0, 0, 255, 255, 255, 255, 255, 255, 168, 221, 159, 77, 197, 181, 0, 0, 0, 0, 0, 0, 96, 16, 0, 0, 139, 71, 160, 77])
[tap wlan_ah_v2_frames] Blob([136, 0, 0, 0, 255, 255, 255, 255, 255, 255, 168, 221, 159, 77, 197, 181, 0, 0, 0, 0, 0, 0, 112, 16, 0, 0, 243, 102, 67, 157])
[tap wlan_ah_v2_frames] Blob([136, 0, 0, 0, 255, 255, 255, 255, 255, 255, 168, 221, 159, 77, 197, 181, 0, 0, 0, 0, 0, 0, 128, 16, 0, 0, 235, 86, 67, 217])
[tap wlan_ah_v2_frames] Blob([136, 0, 0, 0, 255, 255, 255, 255, 255, 255, 168, 221, 159, 77, 197, 181, 0, 0, 0, 0, 0, 0, 160, 16, 0, 0, 116, 145, 13, 168])
[tap wlan_ah_v2_frames] Blob([136, 0, 0, 0, 255, 255, 255, 255, 255, 255, 168, 221, 159, 77, 197, 181, 0, 0, 0, 0, 0, 0, 176, 16, 0, 0, 219, 215, 177, 216])
[tap wlan_ah_v2_frames] Blob([136, 0, 0, 0, 255, 255, 255, 255, 255, 255, 168, 221, 159, 77, 197, 181, 0, 0, 0, 0, 0, 0, 192, 16, 0, 0, 247, 246, 131, 222])
[tap wlan_ah_v2_frames] Blob([136, 0, 0, 0, 255, 255, 255, 255, 255, 255, 168, 221, 159, 77, 197, 181, 0, 0, 0, 0, 0, 0, 224, 16, 0, 0, 135, 223, 116, 163])
[tap wlan_ah_v2_frames] Blob([136, 0, 0, 0, 255, 255, 255, 255, 255, 255, 168, 221, 159, 77, 197, 181, 0, 0, 0, 0, 0, 0, 240, 16, 0, 0, 215, 33, 107, 252])
[tap wlan_ah_v2_frames] Blob([136, 0, 0, 0, 255, 255, 255, 255, 255, 255, 168, 221, 159, 77, 197, 181, 0, 0, 0, 0, 0, 0, 48, 17, 0, 0, 211, 49, 181, 112])
[tap wlan_ah_v2_frames] Blob([136, 0, 0, 0, 255, 255, 255, 255, 255, 255, 168, 221, 159, 77, 197, 181, 0, 0, 0, 0, 0, 0, 64, 17, 0, 0, 73, 26, 51, 34])
[tap wlan_ah_v2_frames] Blob([136, 0, 0, 0, 255, 255, 255, 255, 255, 255, 168, 221, 159, 77, 197, 181, 0, 0, 0, 0, 0, 0, 80, 17, 0, 0, 26, 75, 166, 177])
[tap wlan_ah_v2_frames] Blob([136, 0, 0, 0, 255, 255, 255, 255, 255, 255, 168, 221, 159, 77, 197, 181, 0, 0, 0, 0, 0, 0, 96, 17, 0, 0, 66, 33, 215, 42])
[tap wlan_ah_v2_frames] Blob([136, 0, 0, 0, 255, 255, 255, 255, 255, 255, 168, 221, 159, 77, 197, 181, 0, 0, 0, 0, 0, 0, 112, 17, 0, 0, 186, 2, 63, 241])
[tap wlan_ah_v2_frames] Blob([136, 0, 0, 0, 255, 255, 255, 255, 255, 255, 168, 221, 159, 77, 197, 181, 0, 0, 0, 0, 0, 0, 128, 17, 0, 0, 113, 31, 112, 195])
[tap wlan_ah_v2_frames] Blob([136, 0, 0, 0, 255, 255, 255, 255, 255, 255, 168, 221, 159, 77, 197, 181, 0, 0, 0, 0, 0, 0, 160, 17, 0, 0, 162, 62, 233, 196])
[tap wlan_ah_v2_frames] Blob([136, 0, 0, 0, 255, 255, 255, 255, 255, 255, 168, 221, 159, 77, 197, 181, 0, 0, 0, 0, 0, 0, 192, 17, 0, 0, 75, 6, 185, 178])
[tap wlan_ah_v2_frames] Blob([136, 0, 0, 0, 255, 255, 255, 255, 255, 255, 168, 221, 159, 77, 197, 181, 0, 0, 0, 0, 0, 0, 224, 17, 0, 0, 46, 55, 155, 61])
[tap wlan_ah_v2_frames] Blob([136, 0, 0, 0, 255, 255, 255, 255, 255, 255, 168, 221, 159, 77, 197, 181, 0, 0, 0, 0, 0, 0, 240, 17, 0, 0, 21, 52, 235, 73])
[tap wlan_ah_v2_frames] Blob([136, 0, 0, 0, 255, 255, 255, 255, 255, 255, 168, 221, 159, 77, 197, 181, 0, 0, 0, 0, 0, 0, 32, 18, 0, 0, 243, 98, 71, 213])
[tap wlan_ah_v2_frames] Blob([136, 0, 0, 0, 255, 255, 255, 255, 255, 255, 168, 221, 159, 77, 197, 181, 0, 0, 0, 0, 0, 0, 80, 18, 0, 0, 163, 170, 23, 65])
[tap wlan_ah_v2_frames] Blob([136, 0, 0, 0, 255, 255, 255, 255, 255, 255, 168, 221, 159, 77, 197, 181, 0, 0, 0, 0, 0, 0, 96, 18, 0, 0, 36, 187, 40, 99])
[tap wlan_ah_v2_frames] Blob([136, 0, 0, 0, 255, 255, 255, 255, 255, 255, 168, 221, 159, 77, 197, 181, 0, 0, 0, 0, 0, 0, 112, 18, 0, 0, 215, 117, 53, 43])
[tap wlan_ah_v2_frames] Blob([136, 0, 0, 0, 255, 255, 255, 255, 255, 255, 168, 221, 159, 77, 197, 181, 0, 0, 0, 0, 0, 0, 128, 18, 0, 0, 167, 144, 41, 133])
[tap wlan_ah_v2_frames] Blob([136, 0, 0, 0, 255, 255, 255, 255, 255, 255, 168, 221, 159, 77, 197, 181, 0, 0, 0, 0, 0, 0, 144, 18, 0, 0, 144, 63, 2, 65])
[tap wlan_ah_v2_frames] Blob([136, 0, 0, 0, 255, 255, 255, 255, 255, 255, 168, 221, 159, 77, 197, 181, 0, 0, 0, 0, 0, 0, 160, 18, 0, 0, 187, 169, 245, 240])
[tap wlan_ah_v2_frames] Blob([136, 0, 0, 0, 255, 255, 255, 255, 255, 255, 168, 221, 159, 77, 197, 181, 0, 0, 0, 0, 0, 0, 176, 18, 0, 0, 132, 229, 91, 46])
[tap wlan_ah_v2_frames] Blob([136, 0, 0, 0, 255, 255, 255, 255, 255, 255, 168, 221, 159, 77, 197, 181, 0, 0, 0, 0, 0, 0, 240, 18, 0, 0, 64, 247, 227, 37])
[tap wlan_ah_v2_frames] Blob([136, 0, 0, 0, 255, 255, 255, 255, 255, 255, 168, 221, 159, 77, 197, 181, 0, 0, 0, 0, 0, 0, 0, 19, 0, 0, 20, 20, 19, 100])
[tap wlan_ah_v2_frames] Blob([136, 0, 0, 0, 255, 255, 255, 255, 255, 255, 168, 221, 159, 77, 197, 181, 0, 0, 0, 0, 0, 0, 32, 19, 0, 0, 146, 39, 132, 7])
[tap wlan_ah_v2_frames] Blob([136, 0, 0, 0, 255, 255, 255, 255, 255, 255, 168, 221, 159, 77, 197, 181, 0, 0, 0, 0, 0, 0, 48, 19, 0, 0, 42, 26, 77, 255])
[tap wlan_ah_v2_frames] Blob([136, 0, 0, 0, 255, 255, 255, 255, 255, 255, 168, 221, 159, 77, 197, 181, 0, 0, 0, 0, 0, 0, 64, 19, 0, 0, 183, 165, 127, 251])
[tap wlan_ah_v2_frames] Blob([136, 0, 0, 0, 255, 255, 255, 255, 255, 255, 168, 221, 159, 77, 197, 181, 0, 0, 0, 0, 0, 0, 80, 19, 0, 0, 96, 157, 150, 253])
[tap wlan_ah_v2_frames] Blob([136, 0, 0, 0, 255, 255, 255, 255, 255, 255, 168, 221, 159, 77, 197, 181, 0, 0, 0, 0, 0, 0, 96, 19, 0, 0, 102, 229, 121, 171])
[tap wlan_ah_v2_frames] Blob([136, 0, 0, 0, 255, 255, 255, 255, 255, 255, 168, 221, 159, 77, 197, 181, 0, 0, 0, 0, 0, 0, 112, 19, 0, 0, 243, 236, 34, 83])
[tap wlan_ah_v2_frames] Blob([136, 0, 0, 0, 255, 255, 255, 255, 255, 255, 168, 221, 159, 77, 197, 181, 0, 0, 0, 0, 0, 0, 128, 19, 0, 0, 86, 7, 144, 59])
[tap wlan_ah_v2_frames] Blob([136, 0, 0, 0, 255, 255, 255, 255, 255, 255, 168, 221, 159, 77, 197, 181, 0, 0, 0, 0, 0, 0, 144, 19, 0, 0, 152, 147, 1, 121])
[tap wlan_ah_v2_frames] Blob([136, 0, 0, 0, 255, 255, 255, 255, 255, 255, 168, 221, 159, 77, 197, 181, 0, 0, 0, 0, 0, 0, 160, 19, 0, 0, 255, 194, 115, 125])
[tap wlan_ah_v2_frames] Blob([136, 0, 0, 0, 255, 255, 255, 255, 255, 255, 168, 221, 159, 77, 197, 181, 0, 0, 0, 0, 0, 0, 176, 19, 0, 0, 31, 102, 54, 141])
[tap wlan_ah_v2_frames] Blob([136, 0, 0, 0, 255, 255, 255, 255, 255, 255, 168, 221, 159, 77, 197, 181, 0, 0, 0, 0, 0, 0, 192, 19, 0, 0, 233, 114, 86, 43])
[tap wlan_ah_v2_frames] Blob([136, 0, 0, 0, 255, 255, 255, 255, 255, 255, 168, 221, 159, 77, 197, 181, 0, 0, 0, 0, 0, 0, 16, 20, 0, 0, 211, 133, 232, 148])
[tap wlan_ah_v2_frames] Blob([136, 0, 0, 0, 255, 255, 255, 255, 255, 255, 168, 221, 159, 77, 197, 181, 0, 0, 0, 0, 0, 0, 32, 20, 0, 0, 28, 106, 2, 86])
[tap wlan_ah_v2_frames] Blob([136, 0, 0, 0, 255, 255, 255, 255, 255, 255, 168, 221, 159, 77, 197, 181, 0, 0, 0, 0, 0, 0, 48, 20, 0, 0, 46, 41, 167, 20])
[tap wlan_ah_v2_frames] Blob([136, 0, 0, 0, 255, 255, 255, 255, 255, 255, 168, 221, 159, 77, 197, 181, 0, 0, 0, 0, 0, 0, 64, 20, 0, 0, 3, 175, 17, 215])
[tap wlan_ah_v2_frames] Blob([136, 0, 0, 0, 255, 255, 255, 255, 255, 255, 168, 221, 159, 77, 197, 181, 0, 0, 0, 0, 0, 0, 80, 20, 0, 0, 209, 232, 235, 163])
[tap wlan_ah_v2_frames] Blob([136, 0, 0, 0, 255, 255, 255, 255, 255, 255, 168, 221, 159, 77, 197, 181, 0, 0, 0, 0, 0, 0, 96, 20, 0, 0, 147, 111, 35, 51])
[tap wlan_ah_v2_frames] Blob([136, 0, 0, 0, 255, 255, 255, 255, 255, 255, 168, 221, 159, 77, 197, 181, 0, 0, 0, 0, 0, 0, 224, 20, 0, 0, 7, 137, 219, 217])
[tap wlan_ah_v2_frames] Blob([136, 0, 0, 0, 255, 255, 255, 255, 255, 255, 168, 221, 159, 77, 197, 181, 0, 0, 0, 0, 0, 0, 240, 20, 0, 0, 188, 181, 123, 239])
[tap wlan_ah_v2_frames] Blob([136, 0, 0, 0, 255, 255, 255, 255, 255, 255, 168, 221, 159, 77, 197, 181, 0, 0, 0, 0, 0, 0, 0, 21, 0, 0, 46, 153, 177, 204])
[tap wlan_ah_v2_frames] Blob([136, 0, 0, 0, 255, 255, 255, 255, 255, 255, 168, 221, 159, 77, 197, 181, 0, 0, 0, 0, 0, 0, 64, 21, 0, 0, 114, 164, 147, 185])
[tap wlan_ah_v2_frames] Blob([136, 0, 0, 0, 255, 255, 255, 255, 255, 255, 168, 221, 159, 77, 197, 181, 0, 0, 0, 0, 0, 0, 128, 21, 0, 0, 63, 43, 196, 160])
[tap wlan_ah_v2_frames] Blob([136, 0, 0, 0, 255, 255, 255, 255, 255, 255, 168, 221, 159, 77, 197, 181, 0, 0, 0, 0, 0, 0, 160, 21, 0, 0, 116, 225, 50, 125])
[tap wlan_ah_v2_frames] Blob([136, 0, 0, 0, 255, 255, 255, 255, 255, 255, 168, 221, 159, 77, 197, 181, 0, 0, 0, 0, 0, 0, 176, 21, 0, 0, 229, 234, 237, 102])
[tap wlan_ah_v2_frames] Blob([136, 0, 0, 0, 255, 255, 255, 255, 255, 255, 168, 221, 159, 77, 197, 181, 0, 0, 0, 0, 0, 0, 224, 21, 0, 0, 140, 208, 101, 60])
[tap wlan_ah_v2_frames] Blob([136, 0, 0, 0, 255, 255, 255, 255, 255, 255, 168, 221, 159, 77, 197, 181, 0, 0, 0, 0, 0, 0, 240, 21, 0, 0, 48, 44, 131, 70])
[tap wlan_ah_v2_frames] Blob([136, 0, 0, 0, 255, 255, 255, 255, 255, 255, 168, 221, 159, 77, 197, 181, 0, 0, 0, 0, 0, 0, 0, 22, 0, 0, 133, 183, 132, 243])
[tap wlan_ah_v2_frames] Blob([136, 0, 0, 0, 255, 255, 255, 255, 255, 255, 168, 221, 159, 77, 197, 181, 0, 0, 0, 0, 0, 0, 16, 22, 0, 0, 78, 38, 20, 188])
[tap wlan_ah_v2_frames] Blob([136, 0, 0, 0, 255, 255, 255, 255, 255, 255, 168, 221, 159, 77, 197, 181, 0, 0, 0, 0, 0, 0, 32, 22, 0, 0, 240, 148, 235, 123])
[tap wlan_ah_v2_frames] Blob([136, 0, 0, 0, 255, 255, 255, 255, 255, 255, 168, 221, 159, 77, 197, 181, 0, 0, 0, 0, 0, 0, 48, 22, 0, 0, 131, 121, 155, 181])
[tap wlan_ah_v2_frames] Blob([136, 0, 0, 0, 255, 255, 255, 255, 255, 255, 168, 221, 159, 77, 197, 181, 0, 0, 0, 0, 0, 0, 64, 22, 0, 0, 72, 18, 225, 140])
[tap wlan_ah_v2_frames] Blob([136, 0, 0, 0, 255, 255, 255, 255, 255, 255, 168, 221, 159, 77, 197, 181, 0, 0, 0, 0, 0, 0, 80, 22, 0, 0, 51, 197, 59, 255])
[tap wlan_ah_v2_frames] Blob([136, 0, 0, 0, 255, 255, 255, 255, 255, 255, 168, 221, 159, 77, 197, 181, 0, 0, 0, 0, 0, 0, 96, 22, 0, 0, 73, 195, 102, 77])
[tap wlan_ah_v2_frames] Blob([136, 0, 0, 0, 255, 255, 255, 255, 255, 255, 168, 221, 159, 77, 197, 181, 0, 0, 0, 0, 0, 0, 112, 22, 0, 0, 108, 166, 188, 119])
[tap wlan_ah_v2_frames] Blob([136, 0, 0, 0, 255, 255, 255, 255, 255, 255, 168, 221, 159, 77, 197, 181, 0, 0, 0, 0, 0, 0, 128, 22, 0, 0, 32, 65, 51, 21])
[tap wlan_ah_v2_frames] Blob([136, 0, 0, 0, 255, 255, 255, 255, 255, 255, 168, 221, 159, 77, 197, 181, 0, 0, 0, 0, 0, 0, 144, 22, 0, 0, 80, 210, 74, 51])
[tap wlan_ah_v2_frames] Blob([136, 0, 0, 0, 255, 255, 255, 255, 255, 255, 168, 221, 159, 77, 197, 181, 0, 0, 0, 0, 0, 0, 160, 22, 0, 0, 44, 165, 39, 35])
[tap wlan_ah_v2_frames] Blob([136, 0, 0, 0, 255, 255, 255, 255, 255, 255, 168, 221, 159, 77, 197, 181, 0, 0, 0, 0, 0, 0, 176, 22, 0, 0, 192, 6, 77, 167])
[tap wlan_ah_v2_frames] Blob([136, 0, 0, 0, 255, 255, 255, 255, 255, 255, 168, 221, 159, 77, 197, 181, 0, 0, 0, 0, 0, 0, 192, 22, 0, 0, 233, 241, 72, 242])
[tap wlan_ah_v2_frames] Blob([136, 0, 0, 0, 255, 255, 255, 255, 255, 255, 168, 221, 159, 77, 197, 181, 0, 0, 0, 0, 0, 0, 208, 22, 0, 0, 74, 36, 5, 70])
[tap wlan_ah_v2_frames] Blob([136, 0, 0, 0, 255, 255, 255, 255, 255, 255, 168, 221, 159, 77, 197, 181, 0, 0, 0, 0, 0, 0, 176, 23, 0, 0, 132, 101, 149, 193])
[tap wlan_ah_v2_frames] Blob([136, 0, 0, 0, 255, 255, 255, 255, 255, 255, 168, 221, 159, 77, 197, 181, 0, 0, 0, 0, 0, 0, 192, 23, 0, 0, 52, 95, 58, 207])
[tap wlan_ah_v2_frames] Blob([136, 0, 0, 0, 255, 255, 255, 255, 255, 255, 168, 221, 159, 77, 197, 181, 0, 0, 0, 0, 0, 0, 208, 23, 0, 0, 130, 46, 159, 21])
[tap wlan_ah_v2_frames] Blob([136, 0, 0, 0, 255, 255, 255, 255, 255, 255, 168, 221, 159, 77, 197, 181, 0, 0, 0, 0, 0, 0, 16, 24, 0, 0, 122, 19, 160, 74])
[tap wlan_ah_v2_frames] Blob([136, 0, 0, 0, 255, 255, 255, 255, 255, 255, 168, 221, 159, 77, 197, 181, 0, 0, 0, 0, 0, 0, 32, 24, 0, 0, 83, 119, 7, 43])
[tap wlan_ah_v2_frames] Blob([136, 0, 0, 0, 255, 255, 255, 255, 255, 255, 168, 221, 159, 77, 197, 181, 0, 0, 0, 0, 0, 0, 48, 24, 0, 0, 241, 252, 210, 95])
[tap wlan_ah_v2_frames] Blob([136, 0, 0, 0, 255, 255, 255, 255, 255, 255, 168, 221, 159, 77, 197, 181, 0, 0, 0, 0, 0, 0, 64, 24, 0, 0, 7, 61, 243, 11])
[tap wlan_ah_v2_frames] Blob([136, 0, 0, 0, 255, 255, 255, 255, 255, 255, 168, 221, 159, 77, 197, 181, 0, 0, 0, 0, 0, 0, 80, 24, 0, 0, 243, 78, 72, 87])
[tap wlan_ah_v2_frames] Blob([136, 0, 0, 0, 255, 255, 255, 255, 255, 255, 168, 221, 159, 77, 197, 181, 0, 0, 0, 0, 0, 0, 96, 24, 0, 0, 238, 51, 127, 131])
[tap wlan_ah_v2_frames] Blob([136, 0, 0, 0, 255, 255, 255, 255, 255, 255, 168, 221, 159, 77, 197, 181, 0, 0, 0, 0, 0, 0, 112, 24, 0, 0, 233, 71, 96, 5])
[tap wlan_ah_v2_frames] Blob([136, 0, 0, 0, 255, 255, 255, 255, 255, 255, 168, 221, 159, 77, 197, 181, 0, 0, 0, 0, 0, 0, 128, 24, 0, 0, 27, 225, 218, 106])
[tap wlan_ah_v2_frames] Blob([136, 0, 0, 0, 255, 255, 255, 255, 255, 255, 168, 221, 159, 77, 197, 181, 0, 0, 0, 0, 0, 0, 144, 24, 0, 0, 155, 77, 162, 55])
[tap wlan_ah_v2_frames] Blob([136, 0, 0, 0, 255, 255, 255, 255, 255, 255, 168, 221, 159, 77, 197, 181, 0, 0, 0, 0, 0, 0, 160, 24, 0, 0, 58, 64, 143, 197])
[tap wlan_ah_v2_frames] Blob([136, 0, 0, 0, 255, 255, 255, 255, 255, 255, 168, 221, 159, 77, 197, 181, 0, 0, 0, 0, 0, 0, 176, 24, 0, 0, 76, 51, 195, 39])
[tap wlan_ah_v2_frames] Blob([136, 0, 0, 0, 255, 255, 255, 255, 255, 255, 168, 221, 159, 77, 197, 181, 0, 0, 0, 0, 0, 0, 192, 24, 0, 0, 183, 134, 2, 30])
[tap wlan_ah_v2_frames] Blob([136, 0, 0, 0, 255, 255, 255, 255, 255, 255, 168, 221, 159, 77, 197, 181, 0, 0, 0, 0, 0, 0, 208, 24, 0, 0, 21, 168, 159, 104])
[tap wlan_ah_v2_frames] Blob([136, 0, 0, 0, 255, 255, 255, 255, 255, 255, 168, 221, 159, 77, 197, 181, 0, 0, 0, 0, 0, 0, 224, 24, 0, 0, 68, 100, 126, 129])
[tap wlan_ah_v2_frames] Blob([136, 0, 0, 0, 255, 255, 255, 255, 255, 255, 168, 221, 159, 77, 197, 181, 0, 0, 0, 0, 0, 0, 240, 24, 0, 0, 129, 228, 203, 89])
[tap wlan_ah_v2_frames] Blob([136, 0, 0, 0, 255, 255, 255, 255, 255, 255, 168, 221, 159, 77, 197, 181, 0, 0, 0, 0, 0, 0, 0, 25, 0, 0, 240, 67, 70, 165])
[tap wlan_ah_v2_frames] Blob([136, 0, 0, 0, 255, 255, 255, 255, 255, 255, 168, 221, 159, 77, 197, 181, 0, 0, 0, 0, 0, 0, 16, 25, 0, 0, 162, 29, 239, 212])
[tap wlan_ah_v2_frames] Blob([136, 0, 0, 0, 255, 255, 255, 255, 255, 255, 168, 221, 159, 77, 197, 181, 0, 0, 0, 0, 0, 0, 32, 25, 0, 0, 16, 167, 122, 172])
[tap wlan_ah_v2_frames] Blob([136, 0, 0, 0, 255, 255, 255, 255, 255, 255, 168, 221, 159, 77, 197, 181, 0, 0, 0, 0, 0, 0, 48, 25, 0, 0, 59, 6, 212, 16])
[tap wlan_ah_v2_frames] Blob([136, 0, 0, 0, 255, 255, 255, 255, 255, 255, 168, 221, 159, 77, 197, 181, 0, 0, 0, 0, 0, 0, 80, 25, 0, 0, 179, 170, 120, 40])
[tap wlan_ah_v2_frames] Blob([136, 0, 0, 0, 255, 255, 255, 255, 255, 255, 168, 221, 159, 77, 197, 181, 0, 0, 0, 0, 0, 0, 96, 25, 0, 0, 128, 252, 130, 14])
[tap wlan_ah_v2_frames] Blob([136, 0, 0, 0, 255, 255, 255, 255, 255, 255, 168, 221, 159, 77, 197, 181, 0, 0, 0, 0, 0, 0, 112, 25, 0, 0, 74, 197, 175, 121])
[tap wlan_ah_v2_frames] Blob([136, 0, 0, 0, 255, 255, 255, 255, 255, 255, 168, 221, 159, 77, 197, 181, 0, 0, 0, 0, 0, 0, 128, 25, 0, 0, 69, 94, 93, 87])
[tap wlan_ah_v2_frames] Blob([136, 0, 0, 0, 255, 255, 255, 255, 255, 255, 168, 221, 159, 77, 197, 181, 0, 0, 0, 0, 0, 0, 176, 25, 0, 0, 16, 236, 122, 90])
[tap wlan_ah_v2_frames] Blob([136, 0, 0, 0, 255, 255, 255, 255, 255, 255, 168, 221, 159, 77, 197, 181, 0, 0, 0, 0, 0, 0, 192, 25, 0, 0, 176, 85, 53, 8])
[tap wlan_ah_v2_frames] Blob([136, 0, 0, 0, 255, 255, 255, 255, 255, 255, 168, 221, 159, 77, 197, 181, 0, 0, 0, 0, 0, 0, 208, 25, 0, 0, 109, 27, 144, 255])
[tap wlan_ah_v2_frames] Blob([136, 0, 0, 0, 255, 255, 255, 255, 255, 255, 168, 221, 159, 77, 197, 181, 0, 0, 0, 0, 0, 0, 240, 25, 0, 0, 242, 165, 89, 61])
[tap wlan_ah_v2_frames] Blob([136, 0, 0, 0, 255, 255, 255, 255, 255, 255, 168, 221, 159, 77, 197, 181, 0, 0, 0, 0, 0, 0, 0, 26, 0, 0, 102, 255, 178, 114])
[tap wlan_ah_v2_frames] Blob([136, 0, 0, 0, 255, 255, 255, 255, 255, 255, 168, 221, 159, 77, 197, 181, 0, 0, 0, 0, 0, 0, 16, 26, 0, 0, 40, 104, 96, 181])
[tap wlan_ah_v2_frames] Blob([136, 0, 0, 0, 255, 255, 255, 255, 255, 255, 168, 221, 159, 77, 197, 181, 0, 0, 0, 0, 0, 0, 32, 26, 0, 0, 64, 91, 175, 6])
[tap wlan_ah_v2_frames] Blob([136, 0, 0, 0, 255, 255, 255, 255, 255, 255, 168, 221, 159, 77, 197, 181, 0, 0, 0, 0, 0, 0, 48, 26, 0, 0, 193, 144, 105, 205])
[tap wlan_ah_v2_frames] Blob([136, 0, 0, 0, 255, 255, 255, 255, 255, 255, 168, 221, 159, 77, 197, 181, 0, 0, 0, 0, 0, 0, 64, 26, 0, 0, 221, 61, 199, 209])
[tap wlan_ah_v2_frames] Blob([136, 0, 0, 0, 255, 255, 255, 255, 255, 255, 168, 221, 159, 77, 197, 181, 0, 0, 0, 0, 0, 0, 80, 26, 0, 0, 186, 189, 49, 71])
[tap wlan_ah_v2_frames] Blob([136, 0, 0, 0, 255, 255, 255, 255, 255, 255, 168, 221, 159, 77, 197, 181, 0, 0, 0, 0, 0, 0, 96, 26, 0, 0, 7, 171, 74, 224])
[tap wlan_ah_v2_frames] Blob([136, 0, 0, 0, 255, 255, 255, 255, 255, 255, 168, 221, 159, 77, 197, 181, 0, 0, 0, 0, 0, 0, 112, 26, 0, 0, 62, 194, 142, 34])
[tap wlan_ah_v2_frames] Blob([136, 0, 0, 0, 255, 255, 255, 255, 255, 255, 168, 221, 159, 77, 197, 181, 0, 0, 0, 0, 0, 0, 128, 26, 0, 0, 19, 217, 216, 220])
[tap wlan_ah_v2_frames] Blob([136, 0, 0, 0, 255, 255, 255, 255, 255, 255, 168, 221, 159, 77, 197, 181, 0, 0, 0, 0, 0, 0, 144, 26, 0, 0, 15, 99, 202, 94])
[tap wlan_ah_v2_frames] Blob([136, 0, 0, 0, 255, 255, 255, 255, 255, 255, 168, 221, 159, 77, 197, 181, 0, 0, 0, 0, 0, 0, 160, 26, 0, 0, 192, 152, 241, 0])
[tap wlan_ah_v2_frames] Blob([136, 0, 0, 0, 255, 255, 255, 255, 255, 255, 168, 221, 159, 77, 197, 181, 0, 0, 0, 0, 0, 0, 208, 26, 0, 0, 86, 43, 248, 126])
[tap wlan_ah_v2_frames] Blob([136, 0, 0, 0, 255, 255, 255, 255, 255, 255, 168, 221, 159, 77, 197, 181, 0, 0, 0, 0, 0, 0, 224, 26, 0, 0, 232, 126, 10, 134])
[tap wlan_ah_v2_frames] Blob([136, 0, 0, 0, 255, 255, 255, 255, 255, 255, 168, 221, 159, 77, 197, 181, 0, 0, 0, 0, 0, 0, 240, 26, 0, 0, 248, 8, 43, 136])
[tap wlan_ah_v2_frames] Blob([136, 0, 0, 0, 255, 255, 255, 255, 255, 255, 168, 221, 159, 77, 197, 181, 0, 0, 0, 0, 0, 0, 0, 27, 0, 0, 129, 54, 7, 188])
[tap wlan_ah_v2_frames] Blob([136, 0, 0, 0, 255, 255, 255, 255, 255, 255, 168, 221, 159, 77, 197, 181, 0, 0, 0, 0, 0, 0, 16, 27, 0, 0, 123, 114, 146, 215])
[tap wlan_ah_v2_frames] Blob([136, 0, 0, 0, 255, 255, 255, 255, 255, 255, 168, 221, 159, 77, 197, 181, 0, 0, 0, 0, 0, 0, 32, 27, 0, 0, 225, 89, 233, 200])
[tap wlan_ah_v2_frames] Blob([136, 0, 0, 0, 255, 255, 255, 255, 255, 255, 168, 221, 159, 77, 197, 181, 0, 0, 0, 0, 0, 0, 48, 27, 0, 0, 156, 65, 186, 102])
[tap wlan_ah_v2_frames] Blob([136, 0, 0, 0, 255, 255, 255, 255, 255, 255, 168, 221, 159, 77, 197, 181, 0, 0, 0, 0, 0, 0, 64, 27, 0, 0, 75, 219, 179, 114])
[tap wlan_ah_v2_frames] Blob([136, 0, 0, 0, 255, 255, 255, 255, 255, 255, 168, 221, 159, 77, 197, 181, 0, 0, 0, 0, 0, 0, 80, 27, 0, 0, 194, 80, 157, 146])
[tap wlan_ah_v2_frames] Blob([136, 0, 0, 0, 255, 255, 255, 255, 255, 255, 168, 221, 159, 77, 197, 181, 0, 0, 0, 0, 0, 0, 96, 27, 0, 0, 161, 197, 205, 59])
[tap wlan_ah_v2_frames] Blob([136, 0, 0, 0, 255, 255, 255, 255, 255, 255, 168, 221, 159, 77, 197, 181, 0, 0, 0, 0, 0, 0, 112, 27, 0, 0, 144, 224, 7, 29])
[tap wlan_ah_v2_frames] Blob([136, 0, 0, 0, 255, 255, 255, 255, 255, 255, 168, 221, 159, 77, 197, 181, 0, 0, 0, 0, 0, 0, 128, 27, 0, 0, 78, 243, 196, 88])
[tap wlan_ah_v2_frames] Blob([136, 0, 0, 0, 255, 255, 255, 255, 255, 255, 168, 221, 159, 77, 197, 181, 0, 0, 0, 0, 0, 0, 144, 27, 0, 0, 38, 69, 139, 209])
[tap wlan_ah_v2_frames] Blob([136, 0, 0, 0, 255, 255, 255, 255, 255, 255, 168, 221, 159, 77, 197, 181, 0, 0, 0, 0, 0, 0, 192, 27, 0, 0, 61, 12, 244, 43])
[tap wlan_ah_v2_frames] Blob([136, 0, 0, 0, 255, 255, 255, 255, 255, 255, 168, 221, 159, 77, 197, 181, 0, 0, 0, 0, 0, 0, 208, 27, 0, 0, 232, 93, 158, 183])
[tap wlan_ah_v2_frames] Blob([136, 0, 0, 0, 255, 255, 255, 255, 255, 255, 168, 221, 159, 77, 197, 181, 0, 0, 0, 0, 0, 0, 224, 27, 0, 0, 46, 167, 62, 226])
[tap wlan_ah_v2_frames] Blob([136, 0, 0, 0, 255, 255, 255, 255, 255, 255, 168, 221, 159, 77, 197, 181, 0, 0, 0, 0, 0, 0, 240, 27, 0, 0, 230, 154, 103, 212])
[tap wlan_ah_v2_frames] Blob([136, 0, 0, 0, 255, 255, 255, 255, 255, 255, 168, 221, 159, 77, 197, 181, 0, 0, 0, 0, 0, 0, 0, 28, 0, 0, 37, 62, 150, 106])
[tap wlan_ah_v2_frames] Blob([136, 0, 0, 0, 255, 255, 255, 255, 255, 255, 168, 221, 159, 77, 197, 181, 0, 0, 0, 0, 0, 0, 16, 28, 0, 0, 53, 91, 232, 94])
[tap wlan_ah_v2_frames] Blob([136, 0, 0, 0, 255, 255, 255, 255, 255, 255, 168, 221, 159, 77, 197, 181, 0, 0, 0, 0, 0, 0, 32, 28, 0, 0, 185, 111, 209, 162])
[tap wlan_ah_v2_frames] Blob([136, 0, 0, 0, 255, 255, 255, 255, 255, 255, 168, 221, 159, 77, 197, 181, 0, 0, 0, 0, 0, 0, 48, 28, 0, 0, 106, 33, 225, 118])
[tap wlan_ah_v2_frames] Blob([136, 0, 0, 0, 255, 255, 255, 255, 255, 255, 168, 221, 159, 77, 197, 181, 0, 0, 0, 0, 0, 0, 64, 28, 0, 0, 73, 240, 42, 5])
[tap wlan_ah_v2_frames] Blob([136, 0, 0, 0, 255, 255, 255, 255, 255, 255, 168, 221, 159, 77, 197, 181, 0, 0, 0, 0, 0, 0, 80, 28, 0, 0, 15, 139, 85, 32])
[tap wlan_ah_v2_frames] Blob([136, 0, 0, 0, 255, 255, 255, 255, 255, 255, 168, 221, 159, 77, 197, 181, 0, 0, 0, 0, 0, 0, 112, 28, 0, 0, 173, 93, 155, 212])
[tap wlan_ah_v2_frames] Blob([136, 0, 0, 0, 255, 255, 255, 255, 255, 255, 168, 221, 159, 77, 197, 181, 0, 0, 0, 0, 0, 0, 128, 28, 0, 0, 151, 107, 77, 73])
[tap wlan_ah_v2_frames] Blob([136, 0, 0, 0, 255, 255, 255, 255, 255, 255, 168, 221, 159, 77, 197, 181, 0, 0, 0, 0, 0, 0, 160, 28, 0, 0, 62, 85, 223, 254])
[tap wlan_ah_v2_frames] Blob([136, 0, 0, 0, 255, 255, 255, 255, 255, 255, 168, 221, 159, 77, 197, 181, 0, 0, 0, 0, 0, 0, 240, 28, 0, 0, 167, 72, 200, 74])
[tap wlan_ah_v2_frames] Blob([136, 0, 0, 0, 255, 255, 255, 255, 255, 255, 168, 221, 159, 77, 197, 181, 0, 0, 0, 0, 0, 0, 32, 29, 0, 0, 54, 219, 173, 175])
[tap wlan_ah_v2_frames] Blob([136, 0, 0, 0, 255, 255, 255, 255, 255, 255, 168, 221, 159, 77, 197, 181, 0, 0, 0, 0, 0, 0, 48, 29, 0, 0, 170, 144, 92, 212])
[tap wlan_ah_v2_frames] Blob([136, 0, 0, 0, 255, 255, 255, 255, 255, 255, 168, 221, 159, 77, 197, 181, 0, 0, 0, 0, 0, 0, 64, 29, 0, 0, 87, 86, 114, 188])
[tap wlan_ah_v2_frames] Blob([136, 0, 0, 0, 255, 255, 255, 255, 255, 255, 168, 221, 159, 77, 197, 181, 0, 0, 0, 0, 0, 0, 80, 29, 0, 0, 127, 7, 236, 234])
[tap wlan_ah_v2_frames] Blob([136, 0, 0, 0, 255, 255, 255, 255, 255, 255, 168, 221, 159, 77, 197, 181, 0, 0, 0, 0, 0, 0, 96, 29, 0, 0, 152, 56, 126, 152])
[tap wlan_ah_v2_frames] Blob([136, 0, 0, 0, 255, 255, 255, 255, 255, 255, 168, 221, 159, 77, 197, 181, 0, 0, 0, 0, 0, 0, 112, 29, 0, 0, 82, 94, 212, 131])
[tap wlan_ah_v2_frames] Blob([136, 0, 0, 0, 255, 255, 255, 255, 255, 255, 168, 221, 159, 77, 197, 181, 0, 0, 0, 0, 0, 0, 128, 29, 0, 0, 229, 67, 243, 225])
[tap wlan_ah_v2_frames] Blob([136, 0, 0, 0, 255, 255, 255, 255, 255, 255, 168, 221, 159, 77, 197, 181, 0, 0, 0, 0, 0, 0, 144, 29, 0, 0, 249, 240, 104, 3])
[tap wlan_ah_v2_frames] Blob([136, 0, 0, 0, 255, 255, 255, 255, 255, 255, 168, 221, 159, 77, 197, 181, 0, 0, 0, 0, 0, 0, 160, 29, 0, 0, 143, 222, 187, 122])
[tap wlan_ah_v2_frames] Blob([136, 0, 0, 0, 255, 255, 255, 255, 255, 255, 168, 221, 159, 77, 197, 181, 0, 0, 0, 0, 0, 0, 176, 29, 0, 0, 225, 59, 127, 207])
[tap wlan_ah_v2_frames] Blob([136, 0, 0, 0, 255, 255, 255, 255, 255, 255, 168, 221, 159, 77, 197, 181, 0, 0, 0, 0, 0, 0, 192, 29, 0, 0, 91, 72, 233, 5])
[tap wlan_ah_v2_frames] Blob([136, 0, 0, 0, 255, 255, 255, 255, 255, 255, 168, 221, 159, 77, 197, 181, 0, 0, 0, 0, 0, 0, 208, 29, 0, 0, 65, 149, 223, 233])
[tap wlan_ah_v2_frames] Blob([136, 0, 0, 0, 255, 255, 255, 255, 255, 255, 168, 221, 159, 77, 197, 181, 0, 0, 0, 0, 0, 0, 224, 29, 0, 0, 239, 77, 92, 210])
[tap wlan_ah_v2_frames] Blob([136, 0, 0, 0, 255, 255, 255, 255, 255, 255, 168, 221, 159, 77, 197, 181, 0, 0, 0, 0, 0, 0, 240, 29, 0, 0, 129, 63, 105, 182])
[tap wlan_ah_v2_frames] Blob([136, 0, 0, 0, 255, 255, 255, 255, 255, 255, 168, 221, 159, 77, 197, 181, 0, 0, 0, 0, 0, 0, 0, 30, 0, 0, 233, 16, 112, 200])
[tap wlan_ah_v2_frames] Blob([136, 0, 0, 0, 255, 255, 255, 255, 255, 255, 168, 221, 159, 77, 197, 181, 0, 0, 0, 0, 0, 0, 16, 30, 0, 0, 9, 44, 28, 20])
[tap wlan_ah_v2_frames] Blob([136, 0, 0, 0, 255, 255, 255, 255, 255, 255, 168, 221, 159, 77, 197, 181, 0, 0, 0, 0, 0, 0, 32, 30, 0, 0, 213, 119, 21, 60])
[tap wlan_ah_v2_frames] Blob([136, 0, 0, 0, 255, 255, 255, 255, 255, 255, 168, 221, 159, 77, 197, 181, 0, 0, 0, 0, 0, 0, 48, 30, 0, 0, 51, 165, 49, 51])
[tap wlan_ah_v2_frames] Blob([136, 0, 0, 0, 255, 255, 255, 255, 255, 255, 168, 221, 159, 77, 197, 181, 0, 0, 0, 0, 0, 0, 64, 30, 0, 0, 140, 144, 3, 98])
[tap wlan_ah_v2_frames] Blob([136, 0, 0, 0, 255, 255, 255, 255, 255, 255, 168, 221, 159, 77, 197, 181, 0, 0, 0, 0, 0, 0, 96, 30, 0, 0, 210, 227, 66, 83])
[tap wlan_ah_v2_frames] Blob([136, 0, 0, 0, 255, 255, 255, 255, 255, 255, 168, 221, 159, 77, 197, 181, 0, 0, 0, 0, 0, 0, 128, 30, 0, 0, 232, 18, 250, 159])
[tap wlan_ah_v2_frames] Blob([136, 0, 0, 0, 255, 255, 255, 255, 255, 255, 168, 221, 159, 77, 197, 181, 0, 0, 0, 0, 0, 0, 160, 30, 0, 0, 242, 112, 49, 101])
[tap wlan_ah_v2_frames] Blob([136, 0, 0, 0, 255, 255, 255, 255, 255, 255, 168, 221, 159, 77, 197, 181, 0, 0, 0, 0, 0, 0, 176, 30, 0, 0, 158, 28, 79, 162])
[tap wlan_ah_v2_frames] Blob([136, 0, 0, 0, 255, 255, 255, 255, 255, 255, 168, 221, 159, 77, 197, 181, 0, 0, 0, 0, 0, 0, 192, 30, 0, 0, 132, 242, 139, 20])
[tap wlan_ah_v2_frames] Blob([136, 0, 0, 0, 255, 255, 255, 255, 255, 255, 168, 221, 159, 77, 197, 181, 0, 0, 0, 0, 0, 0, 240, 30, 0, 0, 160, 104, 71, 8])
[tap wlan_ah_v2_frames] Blob([136, 0, 0, 0, 255, 255, 255, 255, 255, 255, 168, 221, 159, 77, 197, 181, 0, 0, 0, 0, 0, 0, 0, 31, 0, 0, 135, 87, 221, 102])
[tap wlan_ah_v2_frames] Blob([136, 0, 0, 0, 255, 255, 255, 255, 255, 255, 168, 221, 159, 77, 197, 181, 0, 0, 0, 0, 0, 0, 80, 31, 0, 0, 159, 207, 211, 217])
[tap wlan_ah_v2_frames] Blob([136, 0, 0, 0, 255, 255, 255, 255, 255, 255, 168, 221, 159, 77, 197, 181, 0, 0, 0, 0, 0, 0, 96, 31, 0, 0, 119, 210, 96, 25])
[tap wlan_ah_v2_frames] Blob([136, 0, 0, 0, 255, 255, 255, 255, 255, 255, 168, 221, 159, 77, 197, 181, 0, 0, 0, 0, 0, 0, 112, 31, 0, 0, 246, 170, 82, 68])
[tap wlan_ah_v2_frames] Blob([136, 0, 0, 0, 255, 255, 255, 255, 255, 255, 168, 221, 159, 77, 197, 181, 0, 0, 0, 0, 0, 0, 144, 31, 0, 0, 60, 2, 249, 248])
[tap wlan_ah_v2_frames] Blob([136, 0, 0, 0, 255, 255, 255, 255, 255, 255, 168, 221, 159, 77, 197, 181, 0, 0, 0, 0, 0, 0, 176, 31, 0, 0, 160, 168, 0, 205])
[tap wlan_ah_v2_frames] Blob([136, 0, 0, 0, 255, 255, 255, 255, 255, 255, 168, 221, 159, 77, 197, 181, 0, 0, 0, 0, 0, 0, 192, 31, 0, 0, 72, 112, 201, 192])
[tap wlan_ah_v2_frames] Blob([136, 0, 0, 0, 255, 255, 255, 255, 255, 255, 168, 221, 159, 77, 197, 181, 0, 0, 0, 0, 0, 0, 208, 31, 0, 0, 72, 57, 213, 142])
[tap wlan_ah_v2_frames] Blob([136, 0, 0, 0, 255, 255, 255, 255, 255, 255, 168, 221, 159, 77, 197, 181, 0, 0, 0, 0, 0, 0, 224, 31, 0, 0, 73, 200, 165, 26])
[tap wlan_ah_v2_frames] Blob([136, 0, 0, 0, 255, 255, 255, 255, 255, 255, 168, 221, 159, 77, 197, 181, 0, 0, 0, 0, 0, 0, 240, 31, 0, 0, 117, 128, 211, 115])
[tap wlan_ah_v2_frames] Blob([136, 0, 0, 0, 255, 255, 255, 255, 255, 255, 168, 221, 159, 77, 197, 181, 0, 0, 0, 0, 0, 0, 0, 32, 0, 0, 197, 202, 50, 128])
[tap wlan_ah_v2_frames] Blob([136, 0, 0, 0, 255, 255, 255, 255, 255, 255, 168, 221, 159, 77, 197, 181, 0, 0, 0, 0, 0, 0, 16, 32, 0, 0, 252, 90, 11, 103])
[tap wlan_ah_v2_frames] Blob([136, 0, 0, 0, 255, 255, 255, 255, 255, 255, 168, 221, 159, 77, 197, 181, 0, 0, 0, 0, 0, 0, 32, 32, 0, 0, 23, 124, 104, 23])
[tap wlan_ah_v2_frames] Blob([136, 0, 0, 0, 255, 255, 255, 255, 255, 255, 168, 221, 159, 77, 197, 181, 0, 0, 0, 0, 0, 0, 48, 32, 0, 0, 132, 251, 236, 181])
[tap wlan_ah_v2_frames] Blob([136, 0, 0, 0, 255, 255, 255, 255, 255, 255, 168, 221, 159, 77, 197, 181, 0, 0, 0, 0, 0, 0, 96, 32, 0, 0, 166, 125, 120, 253])
[tap wlan_ah_v2_frames] Blob([136, 0, 0, 0, 255, 255, 255, 255, 255, 255, 168, 221, 159, 77, 197, 181, 0, 0, 0, 0, 0, 0, 112, 32, 0, 0, 168, 186, 41, 48])
[tap wlan_ah_v2_frames] Blob([136, 0, 0, 0, 255, 255, 255, 255, 255, 255, 168, 221, 159, 77, 197, 181, 0, 0, 0, 0, 0, 0, 208, 32, 0, 0, 103, 122, 119, 28])
[tap wlan_ah_v2_frames] Blob([136, 0, 0, 0, 255, 255, 255, 255, 255, 255, 168, 221, 159, 77, 197, 181, 0, 0, 0, 0, 0, 0, 224, 32, 0, 0, 5, 51, 216, 28])
[tap wlan_ah_v2_frames] Blob([136, 0, 0, 0, 255, 255, 255, 255, 255, 255, 168, 221, 159, 77, 197, 181, 0, 0, 0, 0, 0, 0, 240, 32, 0, 0, 9, 157, 153, 36])
[tap wlan_ah_v2_frames] Blob([136, 0, 0, 0, 255, 255, 255, 255, 255, 255, 168, 221, 159, 77, 197, 181, 0, 0, 0, 0, 0, 0, 0, 33, 0, 0, 89, 240, 234, 106])
[tap wlan_ah_v2_frames] Blob([136, 0, 0, 0, 255, 255, 255, 255, 255, 255, 168, 221, 159, 77, 197, 181, 0, 0, 0, 0, 0, 0, 16, 33, 0, 0, 191, 49, 206, 219])
[tap wlan_ah_v2_frames] Blob([136, 0, 0, 0, 255, 255, 255, 255, 255, 255, 168, 221, 159, 77, 197, 181, 0, 0, 0, 0, 0, 0, 48, 33, 0, 0, 222, 212, 37, 244])
[tap wlan_ah_v2_frames] Blob([136, 0, 0, 0, 255, 255, 255, 255, 255, 255, 168, 221, 159, 77, 197, 181, 0, 0, 0, 0, 0, 0, 32, 34, 0, 0, 3, 27, 29, 38])
[tap wlan_ah_v2_frames] Blob([136, 0, 0, 0, 255, 255, 255, 255, 255, 255, 168, 221, 159, 77, 197, 181, 0, 0, 0, 0, 0, 0, 48, 34, 0, 0, 37, 71, 14, 173])
[tap wlan_ah_v2_frames] Blob([136, 0, 0, 0, 255, 255, 255, 255, 255, 255, 168, 221, 159, 77, 197, 181, 0, 0, 0, 0, 0, 0, 64, 34, 0, 0, 248, 231, 12, 143])
[tap wlan_ah_v2_frames] Blob([136, 0, 0, 0, 255, 255, 255, 255, 255, 255, 168, 221, 159, 77, 197, 181, 0, 0, 0, 0, 0, 0, 80, 34, 0, 0, 58, 56, 255, 201])
[tap wlan_ah_v2_frames] Blob([136, 0, 0, 0, 255, 255, 255, 255, 255, 255, 168, 221, 159, 77, 197, 181, 0, 0, 0, 0, 0, 0, 128, 34, 0, 0, 223, 96, 182, 224])
[tap wlan_ah_v2_frames] Blob([136, 0, 0, 0, 255, 255, 255, 255, 255, 255, 168, 221, 159, 77, 197, 181, 0, 0, 0, 0, 0, 0, 144, 34, 0, 0, 161, 236, 237, 11])
[tap wlan_ah_v2_frames] Blob([136, 0, 0, 0, 255, 255, 255, 255, 255, 255, 168, 221, 159, 77, 197, 181, 0, 0, 0, 0, 0, 0, 192, 34, 0, 0, 198, 75, 220, 151])
[tap wlan_ah_v2_frames] Blob([136, 0, 0, 0, 255, 255, 255, 255, 255, 255, 168, 221, 159, 77, 197, 181, 0, 0, 0, 0, 0, 0, 224, 34, 0, 0, 168, 117, 219, 97])
[tap wlan_ah_v2_frames] Blob([136, 0, 0, 0, 255, 255, 255, 255, 255, 255, 168, 221, 159, 77, 197, 181, 0, 0, 0, 0, 0, 0, 240, 34, 0, 0, 90, 166, 142, 169])
[tap wlan_ah_v2_frames] Blob([136, 0, 0, 0, 255, 255, 255, 255, 255, 255, 168, 221, 159, 77, 197, 181, 0, 0, 0, 0, 0, 0, 0, 35, 0, 0, 110, 156, 98, 126])
[tap wlan_ah_v2_frames] Blob([136, 0, 0, 0, 255, 255, 255, 255, 255, 255, 168, 221, 159, 77, 197, 181, 0, 0, 0, 0, 0, 0, 16, 35, 0, 0, 80, 176, 212, 156])
[tap wlan_ah_v2_frames] Blob([136, 0, 0, 0, 255, 255, 255, 255, 255, 255, 168, 221, 159, 77, 197, 181, 0, 0, 0, 0, 0, 0, 32, 35, 0, 0, 192, 34, 16, 50])
[tap wlan_ah_v2_frames] Blob([136, 0, 0, 0, 255, 255, 255, 255, 255, 255, 168, 221, 159, 77, 197, 181, 0, 0, 0, 0, 0, 0, 48, 35, 0, 0, 220, 68, 25, 161])
[tap wlan_ah_v2_frames] Blob([136, 0, 0, 0, 255, 255, 255, 255, 255, 255, 168, 221, 159, 77, 197, 181, 0, 0, 0, 0, 0, 0, 64, 35, 0, 0, 12, 222, 88, 203])
[tap wlan_ah_v2_frames] Blob([136, 0, 0, 0, 255, 255, 255, 255, 255, 255, 168, 221, 159, 77, 197, 181, 0, 0, 0, 0, 0, 0, 112, 35, 0, 0, 182, 129, 238, 137])
[tap wlan_ah_v2_frames] Blob([136, 0, 0, 0, 255, 255, 255, 255, 255, 255, 168, 221, 159, 77, 197, 181, 0, 0, 0, 0, 0, 0, 160, 35, 0, 0, 197, 240, 73, 31])
[tap wlan_ah_v2_frames] Blob([136, 0, 0, 0, 255, 255, 255, 255, 255, 255, 168, 221, 159, 77, 197, 181, 0, 0, 0, 0, 0, 0, 176, 35, 0, 0, 104, 25, 65, 200])
[tap wlan_ah_v2_frames] Blob([136, 0, 0, 0, 255, 255, 255, 255, 255, 255, 168, 221, 159, 77, 197, 181, 0, 0, 0, 0, 0, 0, 240, 35, 0, 0, 238, 211, 115, 216])
[tap wlan_ah_v2_frames] Blob([136, 0, 0, 0, 255, 255, 255, 255, 255, 255, 168, 221, 159, 77, 197, 181, 0, 0, 0, 0, 0, 0, 0, 36, 0, 0, 63, 96, 42, 175])
[tap wlan_ah_v2_frames] Blob([136, 0, 0, 0, 255, 255, 255, 255, 255, 255, 168, 221, 159, 77, 197, 181, 0, 0, 0, 0, 0, 0, 16, 36, 0, 0, 249, 55, 33, 127])
[tap wlan_ah_v2_frames] Blob([136, 0, 0, 0, 255, 255, 255, 255, 255, 255, 168, 221, 159, 77, 197, 181, 0, 0, 0, 0, 0, 0, 32, 36, 0, 0, 26, 124, 213, 5])
[tap wlan_ah_v2_frames] Blob([136, 0, 0, 0, 255, 255, 255, 255, 255, 255, 168, 221, 159, 77, 197, 181, 0, 0, 0, 0, 0, 0, 48, 36, 0, 0, 79, 92, 88, 171])
[tap wlan_ah_v2_frames] Blob([136, 0, 0, 0, 255, 255, 255, 255, 255, 255, 168, 221, 159, 77, 197, 181, 0, 0, 0, 0, 0, 0, 64, 36, 0, 0, 72, 136, 104, 113])
[tap wlan_ah_v2_frames] Blob([136, 0, 0, 0, 255, 255, 255, 255, 255, 255, 168, 221, 159, 77, 197, 181, 0, 0, 0, 0, 0, 0, 80, 36, 0, 0, 131, 157, 251, 32])
[tap wlan_ah_v2_frames] Blob([136, 0, 0, 0, 255, 255, 255, 255, 255, 255, 168, 221, 159, 77, 197, 181, 0, 0, 0, 0, 0, 0, 96, 36, 0, 0, 63, 112, 3, 220])
[tap wlan_ah_v2_frames] Blob([136, 0, 0, 0, 255, 255, 255, 255, 255, 255, 168, 221, 159, 77, 197, 181, 0, 0, 0, 0, 0, 0, 112, 36, 0, 0, 177, 183, 81, 11])
[tap wlan_ah_v2_frames] Blob([136, 0, 0, 0, 255, 255, 255, 255, 255, 255, 168, 221, 159, 77, 197, 181, 0, 0, 0, 0, 0, 0, 128, 36, 0, 0, 181, 61, 190, 40])
[tap wlan_ah_v2_frames] Blob([136, 0, 0, 0, 255, 255, 255, 255, 255, 255, 168, 221, 159, 77, 197, 181, 0, 0, 0, 0, 0, 0, 144, 36, 0, 0, 7, 201, 44, 135])
[tap wlan_ah_v2_frames] Blob([136, 0, 0, 0, 255, 255, 255, 255, 255, 255, 168, 221, 159, 77, 197, 181, 0, 0, 0, 0, 0, 0, 160, 36, 0, 0, 168, 202, 86, 13])
[tap wlan_ah_v2_frames] Blob([136, 0, 0, 0, 255, 255, 255, 255, 255, 255, 168, 221, 159, 77, 197, 181, 0, 0, 0, 0, 0, 0, 176, 36, 0, 0, 168, 178, 211, 19])
[tap wlan_ah_v2_frames] Blob([136, 0, 0, 0, 255, 255, 255, 255, 255, 255, 168, 221, 159, 77, 197, 181, 0, 0, 0, 0, 0, 0, 192, 36, 0, 0, 40, 69, 34, 152])
[tap wlan_ah_v2_frames] Blob([136, 0, 0, 0, 255, 255, 255, 255, 255, 255, 168, 221, 159, 77, 197, 181, 0, 0, 0, 0, 0, 0, 208, 36, 0, 0, 203, 193, 43, 53])
[tap wlan_ah_v2_frames] Blob([136, 0, 0, 0, 255, 255, 255, 255, 255, 255, 168, 221, 159, 77, 197, 181, 0, 0, 0, 0, 0, 0, 240, 36, 0, 0, 68, 120, 124, 53])
[tap wlan_ah_v2_frames] Blob([136, 0, 0, 0, 255, 255, 255, 255, 255, 255, 168, 221, 159, 77, 197, 181, 0, 0, 0, 0, 0, 0, 0, 37, 0, 0, 97, 209, 59, 58])
[tap wlan_ah_v2_frames] Blob([136, 0, 0, 0, 255, 255, 255, 255, 255, 255, 168, 221, 159, 77, 197, 181, 0, 0, 0, 0, 0, 0, 16, 37, 0, 0, 55, 15, 92, 59])
[tap wlan_ah_v2_frames] Blob([136, 0, 0, 0, 255, 255, 255, 255, 255, 255, 168, 221, 159, 77, 197, 181, 0, 0, 0, 0, 0, 0, 32, 37, 0, 0, 225, 5, 157, 130])
[tap wlan_ah_v2_frames] Blob([136, 0, 0, 0, 255, 255, 255, 255, 255, 255, 168, 221, 159, 77, 197, 181, 0, 0, 0, 0, 0, 0, 64, 37, 0, 0, 46, 86, 5, 114])
[tap wlan_ah_v2_frames] Blob([136, 0, 0, 0, 255, 255, 255, 255, 255, 255, 168, 221, 159, 77, 197, 181, 0, 0, 0, 0, 0, 0, 80, 37, 0, 0, 102, 84, 11, 1])
[tap wlan_ah_v2_frames] Blob([136, 0, 0, 0, 255, 255, 255, 255, 255, 255, 168, 221, 159, 77, 197, 181, 0, 0, 0, 0, 0, 0, 96, 37, 0, 0, 147, 231, 66, 167])
[tap wlan_ah_v2_frames] Blob([136, 0, 0, 0, 255, 255, 255, 255, 255, 255, 168, 221, 159, 77, 197, 181, 0, 0, 0, 0, 0, 0, 112, 37, 0, 0, 221, 1, 85, 215])
[tap wlan_ah_v2_frames] Blob([136, 0, 0, 0, 255, 255, 255, 255, 255, 255, 168, 221, 159, 77, 197, 181, 0, 0, 0, 0, 0, 0, 128, 37, 0, 0, 90, 83, 81, 115])
[tap wlan_ah_v2_frames] Blob([136, 0, 0, 0, 255, 255, 255, 255, 255, 255, 168, 221, 159, 77, 197, 181, 0, 0, 0, 0, 0, 0, 144, 37, 0, 0, 39, 88, 205, 77])
[tap wlan_ah_v2_frames] Blob([136, 0, 0, 0, 255, 255, 255, 255, 255, 255, 168, 221, 159, 77, 197, 181, 0, 0, 0, 0, 0, 0, 176, 37, 0, 0, 241, 67, 37, 250])
[tap wlan_ah_v2_frames] Blob([136, 0, 0, 0, 255, 255, 255, 255, 255, 255, 168, 221, 159, 77, 197, 181, 0, 0, 0, 0, 0, 0, 224, 37, 0, 0, 249, 73, 186, 64])
[tap wlan_ah_v2_frames] Blob([136, 0, 0, 0, 255, 255, 255, 255, 255, 255, 168, 221, 159, 77, 197, 181, 0, 0, 0, 0, 0, 0, 240, 37, 0, 0, 193, 53, 98, 246])
[tap wlan_ah_v2_frames] Blob([136, 0, 0, 0, 255, 255, 255, 255, 255, 255, 168, 221, 159, 77, 197, 181, 0, 0, 0, 0, 0, 0, 0, 38, 0, 0, 192, 97, 147, 168])
[tap wlan_ah_v2_frames] Blob([136, 0, 0, 0, 255, 255, 255, 255, 255, 255, 168, 221, 159, 77, 197, 181, 0, 0, 0, 0, 0, 0, 32, 38, 0, 0, 240, 105, 36, 26])
[tap wlan_ah_v2_frames] Blob([136, 0, 0, 0, 255, 255, 255, 255, 255, 255, 168, 221, 159, 77, 197, 181, 0, 0, 0, 0, 0, 0, 48, 38, 0, 0, 231, 6, 229, 185])
[tap wlan_ah_v2_frames] Blob([136, 0, 0, 0, 255, 255, 255, 255, 255, 255, 168, 221, 159, 77, 197, 181, 0, 0, 0, 0, 0, 0, 64, 38, 0, 0, 99, 193, 236, 199])
[tap wlan_ah_v2_frames] Blob([136, 0, 0, 0, 255, 255, 255, 255, 255, 255, 168, 221, 159, 77, 197, 181, 0, 0, 0, 0, 0, 0, 80, 38, 0, 0, 59, 70, 254, 218])
[tap wlan_ah_v2_frames] Blob([136, 0, 0, 0, 255, 255, 255, 255, 255, 255, 168, 221, 159, 77, 197, 181, 0, 0, 0, 0, 0, 0, 96, 38, 0, 0, 112, 155, 132, 4])
[tap wlan_ah_v2_frames] Blob([136, 0, 0, 0, 255, 255, 255, 255, 255, 255, 168, 221, 159, 77, 197, 181, 0, 0, 0, 0, 0, 0, 112, 38, 0, 0, 135, 64, 250, 120])
[tap wlan_ah_v2_frames] Blob([136, 0, 0, 0, 255, 255, 255, 255, 255, 255, 168, 221, 159, 77, 197, 181, 0, 0, 0, 0, 0, 0, 128, 38, 0, 0, 60, 40, 190, 87])
[tap wlan_ah_v2_frames] Blob([136, 0, 0, 0, 255, 255, 255, 255, 255, 255, 168, 221, 159, 77, 197, 181, 0, 0, 0, 0, 0, 0, 144, 38, 0, 0, 207, 126, 104, 35])
[tap wlan_ah_v2_frames] Blob([136, 0, 0, 0, 255, 255, 255, 255, 255, 255, 168, 221, 159, 77, 197, 181, 0, 0, 0, 0, 0, 0, 160, 38, 0, 0, 125, 92, 226, 112])
[tap wlan_ah_v2_frames] Blob([136, 0, 0, 0, 255, 255, 255, 255, 255, 255, 168, 221, 159, 77, 197, 181, 0, 0, 0, 0, 0, 0, 176, 38, 0, 0, 112, 216, 196, 54])
[tap wlan_ah_v2_frames] Blob([136, 0, 0, 0, 255, 255, 255, 255, 255, 255, 168, 221, 159, 77, 197, 181, 0, 0, 0, 0, 0, 0, 192, 38, 0, 0, 76, 228, 16, 20])
[tap wlan_ah_v2_frames] Blob([136, 0, 0, 0, 255, 255, 255, 255, 255, 255, 168, 221, 159, 77, 197, 181, 0, 0, 0, 0, 0, 0, 208, 38, 0, 0, 107, 197, 191, 36])
[tap wlan_ah_v2_frames] Blob([136, 0, 0, 0, 255, 255, 255, 255, 255, 255, 168, 221, 159, 77, 197, 181, 0, 0, 0, 0, 0, 0, 224, 38, 0, 0, 225, 70, 255, 206])
[tap wlan_ah_v2_frames] Blob([136, 0, 0, 0, 255, 255, 255, 255, 255, 255, 168, 221, 159, 77, 197, 181, 0, 0, 0, 0, 0, 0, 240, 38, 0, 0, 222, 117, 211, 251])
[tap wlan_ah_v2_frames] Blob([136, 0, 0, 0, 255, 255, 255, 255, 255, 255, 168, 221, 159, 77, 197, 181, 0, 0, 0, 0, 0, 0, 0, 39, 0, 0, 13, 220, 109, 180])
[tap wlan_ah_v2_frames] Blob([136, 0, 0, 0, 255, 255, 255, 255, 255, 255, 168, 221, 159, 77, 197, 181, 0, 0, 0, 0, 0, 0, 16, 39, 0, 0, 254, 77, 33, 61])
[tap wlan_ah_v2_frames] Blob([136, 0, 0, 0, 255, 255, 255, 255, 255, 255, 168, 221, 159, 77, 197, 181, 0, 0, 0, 0, 0, 0, 32, 39, 0, 0, 216, 146, 168, 30])
[tap wlan_ah_v2_frames] Blob([136, 0, 0, 0, 255, 255, 255, 255, 255, 255, 168, 221, 159, 77, 197, 181, 0, 0, 0, 0, 0, 0, 48, 39, 0, 0, 229, 146, 153, 43])
[tap wlan_ah_v2_frames] Blob([136, 0, 0, 0, 255, 255, 255, 255, 255, 255, 168, 221, 159, 77, 197, 181, 0, 0, 0, 0, 0, 0, 64, 39, 0, 0, 71, 255, 228, 68])
[tap wlan_ah_v2_frames] Blob([136, 0, 0, 0, 255, 255, 255, 255, 255, 255, 168, 221, 159, 77, 197, 181, 0, 0, 0, 0, 0, 0, 80, 39, 0, 0, 150, 116, 15, 52])
[tap wlan_ah_v2_frames] Blob([136, 0, 0, 0, 255, 255, 255, 255, 255, 255, 168, 221, 159, 77, 197, 181, 0, 0, 0, 0, 0, 0, 112, 39, 0, 0, 113, 67, 81, 49])
[tap wlan_ah_v2_frames] Blob([136, 0, 0, 0, 255, 255, 255, 255, 255, 255, 168, 221, 159, 77, 197, 181, 0, 0, 0, 0, 0, 0, 128, 39, 0, 0, 112, 61, 229, 108])
[tap wlan_ah_v2_frames] Blob([136, 0, 0, 0, 255, 255, 255, 255, 255, 255, 168, 221, 159, 77, 197, 181, 0, 0, 0, 0, 0, 0, 144, 39, 0, 0, 176, 99, 195, 189])
[tap wlan_ah_v2_frames] Blob([136, 0, 0, 0, 255, 255, 255, 255, 255, 255, 168, 221, 159, 77, 197, 181, 0, 0, 0, 0, 0, 0, 160, 39, 0, 0, 253, 1, 247, 3])
[tap wlan_ah_v2_frames] Blob([136, 0, 0, 0, 255, 255, 255, 255, 255, 255, 168, 221, 159, 77, 197, 181, 0, 0, 0, 0, 0, 0, 176, 39, 0, 0, 227, 117, 172, 121])
[tap wlan_ah_v2_frames] Blob([136, 0, 0, 0, 255, 255, 255, 255, 255, 255, 168, 221, 159, 77, 197, 181, 0, 0, 0, 0, 0, 0, 192, 39, 0, 0, 120, 232, 117, 75])
[tap wlan_ah_v2_frames] Blob([136, 0, 0, 0, 255, 255, 255, 255, 255, 255, 168, 221, 159, 77, 197, 181, 0, 0, 0, 0, 0, 0, 224, 39, 0, 0, 138, 224, 190, 15])
[tap wlan_ah_v2_frames] Blob([136, 0, 0, 0, 255, 255, 255, 255, 255, 255, 168, 221, 159, 77, 197, 181, 0, 0, 0, 0, 0, 0, 240, 39, 0, 0, 111, 66, 83, 248])
[tap wlan_ah_v2_frames] Blob([136, 0, 0, 0, 255, 255, 255, 255, 255, 255, 168, 221, 159, 77, 197, 181, 0, 0, 0, 0, 0, 0, 0, 40, 0, 0, 161, 6, 133, 36])
[tap wlan_ah_v2_frames] Blob([136, 0, 0, 0, 255, 255, 255, 255, 255, 255, 168, 221, 159, 77, 197, 181, 0, 0, 0, 0, 0, 0, 32, 40, 0, 0, 179, 219, 6, 135])
[tap wlan_ah_v2_frames] Blob([136, 0, 0, 0, 255, 255, 255, 255, 255, 255, 168, 221, 159, 77, 197, 181, 0, 0, 0, 0, 0, 0, 48, 40, 0, 0, 72, 196, 141, 6])
[tap wlan_ah_v2_frames] Blob([136, 0, 0, 0, 255, 255, 255, 255, 255, 255, 168, 221, 159, 77, 197, 181, 0, 0, 0, 0, 0, 0, 64, 40, 0, 0, 124, 32, 246, 58])
[tap wlan_ah_v2_frames] Blob([136, 0, 0, 0, 255, 255, 255, 255, 255, 255, 168, 221, 159, 77, 197, 181, 0, 0, 0, 0, 0, 0, 96, 40, 0, 0, 152, 23, 114, 64])
[tap wlan_ah_v2_frames] Blob([136, 0, 0, 0, 255, 255, 255, 255, 255, 255, 168, 221, 159, 77, 197, 181, 0, 0, 0, 0, 0, 0, 112, 40, 0, 0, 28, 176, 87, 12])
[tap wlan_ah_v2_frames] Blob([136, 0, 0, 0, 255, 255, 255, 255, 255, 255, 168, 221, 159, 77, 197, 181, 0, 0, 0, 0, 0, 0, 128, 40, 0, 0, 233, 42, 63, 22])
[tap wlan_ah_v2_frames] Blob([136, 0, 0, 0, 255, 255, 255, 255, 255, 255, 168, 221, 159, 77, 197, 181, 0, 0, 0, 0, 0, 0, 144, 40, 0, 0, 86, 250, 255, 110])
[tap wlan_ah_v2_frames] Blob([136, 0, 0, 0, 255, 255, 255, 255, 255, 255, 168, 221, 159, 77, 197, 181, 0, 0, 0, 0, 0, 0, 176, 40, 0, 0, 220, 245, 75, 151])
[tap wlan_ah_v2_frames] Blob([136, 0, 0, 0, 255, 255, 255, 255, 255, 255, 168, 221, 159, 77, 197, 181, 0, 0, 0, 0, 0, 0, 192, 40, 0, 0, 59, 52, 95, 145])
[tap wlan_ah_v2_frames] Blob([136, 0, 0, 0, 255, 255, 255, 255, 255, 255, 168, 221, 159, 77, 197, 181, 0, 0, 0, 0, 0, 0, 16, 41, 0, 0, 198, 132, 86, 27])
[tap wlan_ah_v2_frames] Blob([136, 0, 0, 0, 255, 255, 255, 255, 255, 255, 168, 221, 159, 77, 197, 181, 0, 0, 0, 0, 0, 0, 32, 41, 0, 0, 170, 19, 12, 239])
[tap wlan_ah_v2_frames] Blob([136, 0, 0, 0, 255, 255, 255, 255, 255, 255, 168, 221, 159, 77, 197, 181, 0, 0, 0, 0, 0, 0, 48, 41, 0, 0, 19, 12, 36, 79])
[tap wlan_ah_v2_frames] Blob([136, 0, 0, 0, 255, 255, 255, 255, 255, 255, 168, 221, 159, 77, 197, 181, 0, 0, 0, 0, 0, 0, 64, 41, 0, 0, 55, 38, 31, 66])
[tap wlan_ah_v2_frames] Blob([136, 0, 0, 0, 255, 255, 255, 255, 255, 255, 168, 221, 159, 77, 197, 181, 0, 0, 0, 0, 0, 0, 80, 41, 0, 0, 4, 7, 38, 173])
[tap wlan_ah_v2_frames] Blob([136, 0, 0, 0, 255, 255, 255, 255, 255, 255, 168, 221, 159, 77, 197, 181, 0, 0, 0, 0, 0, 0, 112, 41, 0, 0, 51, 184, 106, 4])
[tap wlan_ah_v2_frames] Blob([136, 0, 0, 0, 255, 255, 255, 255, 255, 255, 168, 221, 159, 77, 197, 181, 0, 0, 0, 0, 0, 0, 128, 41, 0, 0, 34, 59, 217, 241])
[tap wlan_ah_v2_frames] Blob([136, 0, 0, 0, 255, 255, 255, 255, 255, 255, 168, 221, 159, 77, 197, 181, 0, 0, 0, 0, 0, 0, 144, 41, 0, 0, 45, 220, 15, 69])
[tap wlan_ah_v2_frames] Blob([136, 0, 0, 0, 255, 255, 255, 255, 255, 255, 168, 221, 159, 77, 197, 181, 0, 0, 0, 0, 0, 0, 160, 41, 0, 0, 47, 73, 129, 136])
[tap wlan_ah_v2_frames] Blob([136, 0, 0, 0, 255, 255, 255, 255, 255, 255, 168, 221, 159, 77, 197, 181, 0, 0, 0, 0, 0, 0, 176, 41, 0, 0, 152, 12, 183, 62])
[tap wlan_ah_v2_frames] Blob([136, 0, 0, 0, 255, 255, 255, 255, 255, 255, 168, 221, 159, 77, 197, 181, 0, 0, 0, 0, 0, 0, 192, 41, 0, 0, 151, 43, 51, 231])
[tap wlan_ah_v2_frames] Blob([136, 0, 0, 0, 255, 255, 255, 255, 255, 255, 168, 221, 159, 77, 197, 181, 0, 0, 0, 0, 0, 0, 208, 41, 0, 0, 134, 140, 95, 59])
[tap wlan_ah_v2_frames] Blob([136, 0, 0, 0, 255, 255, 255, 255, 255, 255, 168, 221, 159, 77, 197, 181, 0, 0, 0, 0, 0, 0, 240, 41, 0, 0, 14, 111, 117, 244])
[tap wlan_ah_v2_frames] Blob([136, 0, 0, 0, 255, 255, 255, 255, 255, 255, 168, 221, 159, 77, 197, 181, 0, 0, 0, 0, 0, 0, 0, 42, 0, 0, 114, 128, 42, 174])
[tap wlan_ah_v2_frames] Blob([136, 0, 0, 0, 255, 255, 255, 255, 255, 255, 168, 221, 159, 77, 197, 181, 0, 0, 0, 0, 0, 0, 32, 42, 0, 0, 115, 131, 155, 161])
[tap wlan_ah_v2_frames] Blob([136, 0, 0, 0, 255, 255, 255, 255, 255, 255, 168, 221, 159, 77, 197, 181, 0, 0, 0, 0, 0, 0, 48, 42, 0, 0, 213, 141, 56, 163])
[tap wlan_ah_v2_frames] Blob([136, 0, 0, 0, 255, 255, 255, 255, 255, 255, 168, 221, 159, 77, 197, 181, 0, 0, 0, 0, 0, 0, 64, 42, 0, 0, 79, 123, 160, 109])
[tap wlan_ah_v2_frames] Blob([136, 0, 0, 0, 255, 255, 255, 255, 255, 255, 168, 221, 159, 77, 197, 181, 0, 0, 0, 0, 0, 0, 176, 42, 0, 0, 252, 20, 117, 185])
[tap wlan_ah_v2_frames] Blob([136, 0, 0, 0, 255, 255, 255, 255, 255, 255, 168, 221, 159, 77, 197, 181, 0, 0, 0, 0, 0, 0, 192, 42, 0, 0, 188, 79, 241, 238])
[tap wlan_ah_v2_frames] Blob([136, 0, 0, 0, 255, 255, 255, 255, 255, 255, 168, 221, 159, 77, 197, 181, 0, 0, 0, 0, 0, 0, 208, 42, 0, 0, 72, 15, 41, 223])
[tap wlan_ah_v2_frames] Blob([136, 0, 0, 0, 255, 255, 255, 255, 255, 255, 168, 221, 159, 77, 197, 181, 0, 0, 0, 0, 0, 0, 224, 42, 0, 0, 44, 212, 162, 95])
[tap wlan_ah_v2_frames] Blob([136, 0, 0, 0, 255, 255, 255, 255, 255, 255, 168, 221, 159, 77, 197, 181, 0, 0, 0, 0, 0, 0, 0, 43, 0, 0, 207, 170, 104, 95])
[tap wlan_ah_v2_frames] Blob([136, 0, 0, 0, 255, 255, 255, 255, 255, 255, 168, 221, 159, 77, 197, 181, 0, 0, 0, 0, 0, 0, 16, 43, 0, 0, 85, 87, 115, 232])
[tap wlan_ah_v2_frames] Blob([136, 0, 0, 0, 255, 255, 255, 255, 255, 255, 168, 221, 159, 77, 197, 181, 0, 0, 0, 0, 0, 0, 32, 43, 0, 0, 53, 31, 185, 87])
[tap wlan_ah_v2_frames] Blob([136, 0, 0, 0, 255, 255, 255, 255, 255, 255, 168, 221, 159, 77, 197, 181, 0, 0, 0, 0, 0, 0, 64, 43, 0, 0, 161, 16, 113, 120])
[tap wlan_ah_v2_frames] Blob([136, 0, 0, 0, 255, 255, 255, 255, 255, 255, 168, 221, 159, 77, 197, 181, 0, 0, 0, 0, 0, 0, 80, 43, 0, 0, 69, 13, 207, 95])
[tap wlan_ah_v2_frames] Blob([136, 0, 0, 0, 255, 255, 255, 255, 255, 255, 168, 221, 159, 77, 197, 181, 0, 0, 0, 0, 0, 0, 112, 43, 0, 0, 147, 213, 196, 4])
[tap wlan_ah_v2_frames] Blob([136, 0, 0, 0, 255, 255, 255, 255, 255, 255, 168, 221, 159, 77, 197, 181, 0, 0, 0, 0, 0, 0, 176, 43, 0, 0, 196, 186, 18, 217])
[tap wlan_ah_v2_frames] Blob([136, 0, 0, 0, 255, 255, 255, 255, 255, 255, 168, 221, 159, 77, 197, 181, 0, 0, 0, 0, 0, 0, 192, 43, 0, 0, 143, 231, 156, 80])
[tap wlan_ah_v2_frames] Blob([136, 0, 0, 0, 255, 255, 255, 255, 255, 255, 168, 221, 159, 77, 197, 181, 0, 0, 0, 0, 0, 0, 16, 44, 0, 0, 102, 29, 64, 194])
[tap wlan_ah_v2_frames] Blob([136, 0, 0, 0, 255, 255, 255, 255, 255, 255, 168, 221, 159, 77, 197, 181, 0, 0, 0, 0, 0, 0, 112, 44, 0, 0, 26, 151, 119, 65])
[tap wlan_ah_v2_frames] Blob([136, 0, 0, 0, 255, 255, 255, 255, 255, 255, 168, 221, 159, 77, 197, 181, 0, 0, 0, 0, 0, 0, 144, 44, 0, 0, 163, 131, 18, 152])
[tap wlan_ah_v2_frames] Blob([136, 0, 0, 0, 255, 255, 255, 255, 255, 255, 168, 221, 159, 77, 197, 181, 0, 0, 0, 0, 0, 0, 176, 44, 0, 0, 0, 70, 31, 213])
[tap wlan_ah_v2_frames] Blob([136, 0, 0, 0, 255, 255, 255, 255, 255, 255, 168, 221, 159, 77, 197, 181, 0, 0, 0, 0, 0, 0, 192, 44, 0, 0, 222, 171, 240, 251])
[tap wlan_ah_v2_frames] Blob([136, 0, 0, 0, 255, 255, 255, 255, 255, 255, 168, 221, 159, 77, 197, 181, 0, 0, 0, 0, 0, 0, 208, 44, 0, 0, 62, 61, 77, 163])
[tap wlan_ah_v2_frames] Blob([136, 0, 0, 0, 255, 255, 255, 255, 255, 255, 168, 221, 159, 77, 197, 181, 0, 0, 0, 0, 0, 0, 224, 44, 0, 0, 74, 179, 65, 190])
[tap wlan_ah_v2_frames] Blob([136, 0, 0, 0, 255, 255, 255, 255, 255, 255, 168, 221, 159, 77, 197, 181, 0, 0, 0, 0, 0, 0, 240, 44, 0, 0, 236, 11, 32, 165])
[tap wlan_ah_v2_frames] Blob([136, 0, 0, 0, 255, 255, 255, 255, 255, 255, 168, 221, 159, 77, 197, 181, 0, 0, 0, 0, 0, 0, 0, 45, 0, 0, 242, 80, 195, 170])
[tap wlan_ah_v2_frames] Blob([136, 0, 0, 0, 255, 255, 255, 255, 255, 255, 168, 221, 159, 77, 197, 181, 0, 0, 0, 0, 0, 0, 16, 45, 0, 0, 50, 62, 231, 115])
[tap wlan_ah_v2_frames] Blob([136, 0, 0, 0, 255, 255, 255, 255, 255, 255, 168, 221, 159, 77, 197, 181, 0, 0, 0, 0, 0, 0, 32, 45, 0, 0, 104, 169, 251, 210])
[tap wlan_ah_v2_frames] Blob([136, 0, 0, 0, 255, 255, 255, 255, 255, 255, 168, 221, 159, 77, 197, 181, 0, 0, 0, 0, 0, 0, 48, 45, 0, 0, 85, 33, 61, 188])
[tap wlan_ah_v2_frames] Blob([136, 0, 0, 0, 255, 255, 255, 255, 255, 255, 168, 221, 159, 77, 197, 181, 0, 0, 0, 0, 0, 0, 64, 45, 0, 0, 166, 72, 121, 33])
[tap wlan_ah_v2_frames] Blob([136, 0, 0, 0, 255, 255, 255, 255, 255, 255, 168, 221, 159, 77, 197, 181, 0, 0, 0, 0, 0, 0, 80, 45, 0, 0, 12, 164, 210, 31])
[tap wlan_ah_v2_frames] Blob([136, 0, 0, 0, 255, 255, 255, 255, 255, 255, 168, 221, 159, 77, 197, 181, 0, 0, 0, 0, 0, 0, 96, 45, 0, 0, 152, 74, 19, 3])
[tap wlan_ah_v2_frames] Blob([136, 0, 0, 0, 255, 255, 255, 255, 255, 255, 168, 221, 159, 77, 197, 181, 0, 0, 0, 0, 0, 0, 208, 45, 0, 0, 24, 72, 84, 140])
[tap wlan_ah_v2_frames] Blob([136, 0, 0, 0, 255, 255, 255, 255, 255, 255, 168, 221, 159, 77, 197, 181, 0, 0, 0, 0, 0, 0, 224, 45, 0, 0, 17, 145, 121, 140])
[tap wlan_ah_v2_frames] Blob([136, 0, 0, 0, 255, 255, 255, 255, 255, 255, 168, 221, 159, 77, 197, 181, 0, 0, 0, 0, 0, 0, 240, 45, 0, 0, 212, 89, 55, 240])
[tap wlan_ah_v2_frames] Blob([136, 0, 0, 0, 255, 255, 255, 255, 255, 255, 168, 221, 159, 77, 197, 181, 0, 0, 0, 0, 0, 0, 0, 46, 0, 0, 212, 224, 229, 47])
[tap wlan_ah_v2_frames] Blob([136, 0, 0, 0, 255, 255, 255, 255, 255, 255, 168, 221, 159, 77, 197, 181, 0, 0, 0, 0, 0, 0, 16, 46, 0, 0, 80, 236, 225, 255])
[tap wlan_ah_v2_frames] Blob([136, 0, 0, 0, 255, 255, 255, 255, 255, 255, 168, 221, 159, 77, 197, 181, 0, 0, 0, 0, 0, 0, 32, 46, 0, 0, 54, 115, 59, 246])
[tap wlan_ah_v2_frames] Blob([136, 0, 0, 0, 255, 255, 255, 255, 255, 255, 168, 221, 159, 77, 197, 181, 0, 0, 0, 0, 0, 0, 48, 46, 0, 0, 246, 11, 93, 177])
[tap wlan_ah_v2_frames] Blob([136, 0, 0, 0, 255, 255, 255, 255, 255, 255, 168, 221, 159, 77, 197, 181, 0, 0, 0, 0, 0, 0, 80, 46, 0, 0, 163, 60, 109, 220])
[tap wlan_ah_v2_frames] Blob([136, 0, 0, 0, 255, 255, 255, 255, 255, 255, 168, 221, 159, 77, 197, 181, 0, 0, 0, 0, 0, 0, 96, 46, 0, 0, 18, 128, 42, 130])
[tap wlan_ah_v2_frames] Blob([136, 0, 0, 0, 255, 255, 255, 255, 255, 255, 168, 221, 159, 77, 197, 181, 0, 0, 0, 0, 0, 0, 128, 46, 0, 0, 221, 111, 245, 84])
[tap wlan_ah_v2_frames] Blob([136, 0, 0, 0, 255, 255, 255, 255, 255, 255, 168, 221, 159, 77, 197, 181, 0, 0, 0, 0, 0, 0, 144, 46, 0, 0, 128, 249, 98, 72])
[tap wlan_ah_v2_frames] Blob([136, 0, 0, 0, 255, 255, 255, 255, 255, 255, 168, 221, 159, 77, 197, 181, 0, 0, 0, 0, 0, 0, 160, 46, 0, 0, 197, 84, 138, 66])
[tap wlan_ah_v2_frames] Blob([136, 0, 0, 0, 255, 255, 255, 255, 255, 255, 168, 221, 159, 77, 197, 181, 0, 0, 0, 0, 0, 0, 176, 46, 0, 0, 228, 71, 15, 110])
[tap wlan_ah_v2_frames] Blob([136, 0, 0, 0, 255, 255, 255, 255, 255, 255, 168, 221, 159, 77, 197, 181, 0, 0, 0, 0, 0, 0, 240, 46, 0, 0, 18, 77, 21, 73])
[tap wlan_ah_v2_frames] Blob([136, 0, 0, 0, 255, 255, 255, 255, 255, 255, 168, 221, 159, 77, 197, 181, 0, 0, 0, 0, 0, 0, 0, 47, 0, 0, 252, 195, 169, 151])
[tap wlan_ah_v2_frames] Blob([136, 0, 0, 0, 255, 255, 255, 255, 255, 255, 168, 221, 159, 77, 197, 181, 0, 0, 0, 0, 0, 0, 32, 47, 0, 0, 99, 255, 140, 197])
[tap wlan_ah_v2_frames] Blob([136, 0, 0, 0, 255, 255, 255, 255, 255, 255, 168, 221, 159, 77, 197, 181, 0, 0, 0, 0, 0, 0, 48, 47, 0, 0, 75, 52, 74, 132])
[tap wlan_ah_v2_frames] Blob([136, 0, 0, 0, 255, 255, 255, 255, 255, 255, 168, 221, 159, 77, 197, 181, 0, 0, 0, 0, 0, 0, 80, 47, 0, 0, 93, 108, 170, 119])
[tap wlan_ah_v2_frames] Blob([136, 0, 0, 0, 255, 255, 255, 255, 255, 255, 168, 221, 159, 77, 197, 181, 0, 0, 0, 0, 0, 0, 112, 47, 0, 0, 210, 28, 143, 190])
[tap wlan_ah_v2_frames] Blob([136, 0, 0, 0, 255, 255, 255, 255, 255, 255, 168, 221, 159, 77, 197, 181, 0, 0, 0, 0, 0, 0, 160, 47, 0, 0, 226, 180, 37, 29])
[tap wlan_ah_v2_frames] Blob([136, 0, 0, 0, 255, 255, 255, 255, 255, 255, 168, 221, 159, 77, 197, 181, 0, 0, 0, 0, 0, 0, 176, 47, 0, 0, 22, 231, 29, 21])
[tap wlan_ah_v2_frames] Blob([136, 0, 0, 0, 255, 255, 255, 255, 255, 255, 168, 221, 159, 77, 197, 181, 0, 0, 0, 0, 0, 0, 192, 47, 0, 0, 83, 137, 234, 189])
[tap wlan_ah_v2_frames] Blob([136, 0, 0, 0, 255, 255, 255, 255, 255, 255, 168, 221, 159, 77, 197, 181, 0, 0, 0, 0, 0, 0, 208, 47, 0, 0, 169, 202, 32, 249])
[tap wlan_ah_v2_frames] Blob([136, 0, 0, 0, 255, 255, 255, 255, 255, 255, 168, 221, 159, 77, 197, 181, 0, 0, 0, 0, 0, 0, 240, 47, 0, 0, 4, 106, 8, 210])
[tap wlan_ah_v2_frames] Blob([136, 0, 0, 0, 255, 255, 255, 255, 255, 255, 168, 221, 159, 77, 197, 181, 0, 0, 0, 0, 0, 0, 16, 48, 0, 0, 152, 127, 54, 207])
[tap wlan_ah_v2_frames] Blob([136, 0, 0, 0, 255, 255, 255, 255, 255, 255, 168, 221, 159, 77, 197, 181, 0, 0, 0, 0, 0, 0, 32, 48, 0, 0, 93, 71, 125, 75])
[tap wlan_ah_v2_frames] Blob([136, 0, 0, 0, 255, 255, 255, 255, 255, 255, 168, 221, 159, 77, 197, 181, 0, 0, 0, 0, 0, 0, 48, 48, 0, 0, 63, 163, 37, 61])
[tap wlan_ah_v2_frames] Blob([136, 0, 0, 0, 255, 255, 255, 255, 255, 255, 168, 221, 159, 77, 197, 181, 0, 0, 0, 0, 0, 0, 64, 48, 0, 0, 67, 106, 146, 31])
[tap wlan_ah_v2_frames] Blob([136, 0, 0, 0, 255, 255, 255, 255, 255, 255, 168, 221, 159, 77, 197, 181, 0, 0, 0, 0, 0, 0, 96, 48, 0, 0, 80, 107, 113, 39])
[tap wlan_ah_v2_frames] Blob([136, 0, 0, 0, 255, 255, 255, 255, 255, 255, 168, 221, 159, 77, 197, 181, 0, 0, 0, 0, 0, 0, 112, 48, 0, 0, 155, 255, 122, 183])
[tap wlan_ah_v2_frames] Blob([136, 0, 0, 0, 255, 255, 255, 255, 255, 255, 168, 221, 159, 77, 197, 181, 0, 0, 0, 0, 0, 0, 128, 48, 0, 0, 180, 62, 9, 53])
[tap wlan_ah_v2_frames] Blob([136, 0, 0, 0, 255, 255, 255, 255, 255, 255, 168, 221, 159, 77, 197, 181, 0, 0, 0, 0, 0, 0, 144, 48, 0, 0, 91, 193, 24, 16])
[tap wlan_ah_v2_frames] Blob([136, 0, 0, 0, 255, 255, 255, 255, 255, 255, 168, 221, 159, 77, 197, 181, 0, 0, 0, 0, 0, 0, 160, 48, 0, 0, 227, 115, 126, 91])
[tap wlan_ah_v2_frames] Blob([136, 0, 0, 0, 255, 255, 255, 255, 255, 255, 168, 221, 159, 77, 197, 181, 0, 0, 0, 0, 0, 0, 176, 48, 0, 0, 129, 91, 97, 164])
[tap wlan_ah_v2_frames] Blob([136, 0, 0, 0, 255, 255, 255, 255, 255, 255, 168, 221, 159, 77, 197, 181, 0, 0, 0, 0, 0, 0, 192, 48, 0, 0, 11, 161, 78, 143])
[tap wlan_ah_v2_frames] Blob([136, 0, 0, 0, 255, 255, 255, 255, 255, 255, 168, 221, 159, 77, 197, 181, 0, 0, 0, 0, 0, 0, 208, 48, 0, 0, 246, 48, 168, 188])
[tap wlan_ah_v2_frames] Blob([136, 0, 0, 0, 255, 255, 255, 255, 255, 255, 168, 221, 159, 77, 197, 181, 0, 0, 0, 0, 0, 0, 224, 48, 0, 0, 212, 9, 207, 86])
[tap wlan_ah_v2_frames] Blob([136, 0, 0, 0, 255, 255, 255, 255, 255, 255, 168, 221, 159, 77, 197, 181, 0, 0, 0, 0, 0, 0, 240, 48, 0, 0, 111, 148, 174, 30])
[tap wlan_ah_v2_frames] Blob([136, 0, 0, 0, 255, 255, 255, 255, 255, 255, 168, 221, 159, 77, 197, 181, 0, 0, 0, 0, 0, 0, 0, 49, 0, 0, 65, 103, 10, 64])
[tap wlan_ah_v2_frames] Blob([136, 0, 0, 0, 255, 255, 255, 255, 255, 255, 168, 221, 159, 77, 197, 181, 0, 0, 0, 0, 0, 0, 16, 49, 0, 0, 124, 38, 186, 255])
[tap wlan_ah_v2_frames] Blob([136, 0, 0, 0, 255, 255, 255, 255, 255, 255, 168, 221, 159, 77, 197, 181, 0, 0, 0, 0, 0, 0, 32, 49, 0, 0, 36, 214, 116, 131])
[tap wlan_ah_v2_frames] Blob([136, 0, 0, 0, 255, 255, 255, 255, 255, 255, 168, 221, 159, 77, 197, 181, 0, 0, 0, 0, 0, 0, 48, 49, 0, 0, 112, 252, 241, 194])
[tap wlan_ah_v2_frames] Blob([136, 0, 0, 0, 255, 255, 255, 255, 255, 255, 168, 221, 159, 77, 197, 181, 0, 0, 0, 0, 0, 0, 64, 49, 0, 0, 201, 206, 89, 127])
[tap wlan_ah_v2_frames] Blob([136, 0, 0, 0, 255, 255, 255, 255, 255, 255, 168, 221, 159, 77, 197, 181, 0, 0, 0, 0, 0, 0, 96, 49, 0, 0, 7, 2, 193, 223])
[tap wlan_ah_v2_frames] Blob([136, 0, 0, 0, 255, 255, 255, 255, 255, 255, 168, 221, 159, 77, 197, 181, 0, 0, 0, 0, 0, 0, 112, 49, 0, 0, 142, 199, 122, 111])
[tap wlan_ah_v2_frames] Blob([136, 0, 0, 0, 255, 255, 255, 255, 255, 255, 168, 221, 159, 77, 197, 181, 0, 0, 0, 0, 0, 0, 128, 49, 0, 0, 113, 7, 212, 85])
[tap wlan_ah_v2_frames] Blob([136, 0, 0, 0, 255, 255, 255, 255, 255, 255, 168, 221, 159, 77, 197, 181, 0, 0, 0, 0, 0, 0, 144, 49, 0, 0, 43, 39, 162, 104])
[tap wlan_ah_v2_frames] Blob([136, 0, 0, 0, 255, 255, 255, 255, 255, 255, 168, 221, 159, 77, 197, 181, 0, 0, 0, 0, 0, 0, 160, 49, 0, 0, 140, 95, 97, 222])
[tap wlan_ah_v2_frames] Blob([136, 0, 0, 0, 255, 255, 255, 255, 255, 255, 168, 221, 159, 77, 197, 181, 0, 0, 0, 0, 0, 0, 176, 49, 0, 0, 216, 6, 175, 69])
[tap wlan_ah_v2_frames] Blob([136, 0, 0, 0, 255, 255, 255, 255, 255, 255, 168, 221, 159, 77, 197, 181, 0, 0, 0, 0, 0, 0, 208, 49, 0, 0, 13, 147, 64, 230])
[tap wlan_ah_v2_frames] Blob([136, 0, 0, 0, 255, 255, 255, 255, 255, 255, 168, 221, 159, 77, 197, 181, 0, 0, 0, 0, 0, 0, 224, 49, 0, 0, 26, 101, 188, 126])
[tap wlan_ah_v2_frames] Blob([136, 0, 0, 0, 255, 255, 255, 255, 255, 255, 168, 221, 159, 77, 197, 181, 0, 0, 0, 0, 0, 0, 240, 49, 0, 0, 20, 49, 66, 73])
[tap wlan_ah_v2_frames] Blob([136, 0, 0, 0, 255, 255, 255, 255, 255, 255, 168, 221, 159, 77, 197, 181, 0, 0, 0, 0, 0, 0, 0, 50, 0, 0, 173, 215, 59, 19])
[tap wlan_ah_v2_frames] Blob([136, 0, 0, 0, 255, 255, 255, 255, 255, 255, 168, 221, 159, 77, 197, 181, 0, 0, 0, 0, 0, 0, 64, 50, 0, 0, 181, 58, 64, 220])
[tap wlan_ah_v2_frames] Blob([136, 0, 0, 0, 255, 255, 255, 255, 255, 255, 168, 221, 159, 77, 197, 181, 0, 0, 0, 0, 0, 0, 80, 50, 0, 0, 83, 199, 198, 35])
[tap wlan_ah_v2_frames] Blob([136, 0, 0, 0, 255, 255, 255, 255, 255, 255, 168, 221, 159, 77, 197, 181, 0, 0, 0, 0, 0, 0, 96, 50, 0, 0, 187, 173, 240, 203])
[tap wlan_ah_v2_frames] Blob([136, 0, 0, 0, 255, 255, 255, 255, 255, 255, 168, 221, 159, 77, 197, 181, 0, 0, 0, 0, 0, 0, 112, 50, 0, 0, 208, 42, 153, 168])
[tap wlan_ah_v2_frames] Blob([136, 0, 0, 0, 255, 255, 255, 255, 255, 255, 168, 221, 159, 77, 197, 181, 0, 0, 0, 0, 0, 0, 128, 50, 0, 0, 109, 30, 104, 9])
[tap wlan_ah_v2_frames] Blob([136, 0, 0, 0, 255, 255, 255, 255, 255, 255, 168, 221, 159, 77, 197, 181, 0, 0, 0, 0, 0, 0, 144, 50, 0, 0, 40, 62, 104, 43])
[tap wlan_ah_v2_frames] Blob([136, 0, 0, 0, 255, 255, 255, 255, 255, 255, 168, 221, 159, 77, 197, 181, 0, 0, 0, 0, 0, 0, 208, 50, 0, 0, 250, 46, 40, 59])
[tap wlan_ah_v2_frames] Blob([136, 0, 0, 0, 255, 255, 255, 255, 255, 255, 168, 221, 159, 77, 197, 181, 0, 0, 0, 0, 0, 0, 224, 50, 0, 0, 91, 242, 15, 203])
[tap wlan_ah_v2_frames] Blob([136, 0, 0, 0, 255, 255, 255, 255, 255, 255, 168, 221, 159, 77, 197, 181, 0, 0, 0, 0, 0, 0, 0, 51, 0, 0, 178, 76, 235, 65])
[tap wlan_ah_v2_frames] Blob([136, 0, 0, 0, 255, 255, 255, 255, 255, 255, 168, 221, 159, 77, 197, 181, 0, 0, 0, 0, 0, 0, 16, 51, 0, 0, 220, 105, 249, 74])
[tap wlan_ah_v2_frames] Blob([136, 0, 0, 0, 255, 255, 255, 255, 255, 255, 168, 221, 159, 77, 197, 181, 0, 0, 0, 0, 0, 0, 32, 51, 0, 0, 120, 234, 134, 86])
[tap wlan_ah_v2_frames] Blob([136, 0, 0, 0, 255, 255, 255, 255, 255, 255, 168, 221, 159, 77, 197, 181, 0, 0, 0, 0, 0, 0, 64, 51, 0, 0, 157, 99, 210, 203])
[tap wlan_ah_v2_frames] Blob([136, 0, 0, 0, 255, 255, 255, 255, 255, 255, 168, 221, 159, 77, 197, 181, 0, 0, 0, 0, 0, 0, 80, 51, 0, 0, 101, 51, 88, 27])
[tap wlan_ah_v2_frames] Blob([136, 0, 0, 0, 255, 255, 255, 255, 255, 255, 168, 221, 159, 77, 197, 181, 0, 0, 0, 0, 0, 0, 96, 51, 0, 0, 254, 168, 77, 11])
[tap wlan_ah_v2_frames] Blob([136, 0, 0, 0, 255, 255, 255, 255, 255, 255, 168, 221, 159, 77, 197, 181, 0, 0, 0, 0, 0, 0, 112, 51, 0, 0, 170, 6, 225, 196])
[tap wlan_ah_v2_frames] Blob([136, 0, 0, 0, 255, 255, 255, 255, 255, 255, 168, 221, 159, 77, 197, 181, 0, 0, 0, 0, 0, 0, 128, 51, 0, 0, 104, 252, 244, 220])
[tap wlan_ah_v2_frames] Blob([136, 0, 0, 0, 255, 255, 255, 255, 255, 255, 168, 221, 159, 77, 197, 181, 0, 0, 0, 0, 0, 0, 144, 51, 0, 0, 233, 111, 104, 46])
[tap wlan_ah_v2_frames] Blob([136, 0, 0, 0, 255, 255, 255, 255, 255, 255, 168, 221, 159, 77, 197, 181, 0, 0, 0, 0, 0, 0, 160, 51, 0, 0, 173, 105, 21, 56])
[tap wlan_ah_v2_frames] Blob([136, 0, 0, 0, 255, 255, 255, 255, 255, 255, 168, 221, 159, 77, 197, 181, 0, 0, 0, 0, 0, 0, 176, 51, 0, 0, 133, 134, 63, 58])
[tap wlan_ah_v2_frames] Blob([136, 0, 0, 0, 255, 255, 255, 255, 255, 255, 168, 221, 159, 77, 197, 181, 0, 0, 0, 0, 0, 0, 208, 51, 0, 0, 243, 140, 123, 203])
[tap wlan_ah_v2_frames] Blob([136, 0, 0, 0, 255, 255, 255, 255, 255, 255, 168, 221, 159, 77, 197, 181, 0, 0, 0, 0, 0, 0, 224, 51, 0, 0, 73, 112, 93, 32])
[tap wlan_ah_v2_frames] Blob([136, 0, 0, 0, 255, 255, 255, 255, 255, 255, 168, 221, 159, 77, 197, 181, 0, 0, 0, 0, 0, 0, 0, 52, 0, 0, 130, 200, 91, 152])
[tap wlan_ah_v2_frames] Blob([136, 0, 0, 0, 255, 255, 255, 255, 255, 255, 168, 221, 159, 77, 197, 181, 0, 0, 0, 0, 0, 0, 32, 52, 0, 0, 148, 51, 17, 171])
[tap wlan_ah_v2_frames] Blob([136, 0, 0, 0, 255, 255, 255, 255, 255, 255, 168, 221, 159, 77, 197, 181, 0, 0, 0, 0, 0, 0, 48, 52, 0, 0, 47, 151, 103, 200])
[tap wlan_ah_v2_frames] Blob([136, 0, 0, 0, 255, 255, 255, 255, 255, 255, 168, 221, 159, 77, 197, 181, 0, 0, 0, 0, 0, 0, 64, 52, 0, 0, 45, 40, 2, 190])
[tap wlan_ah_v2_frames] Blob([136, 0, 0, 0, 255, 255, 255, 255, 255, 255, 168, 221, 159, 77, 197, 181, 0, 0, 0, 0, 0, 0, 80, 52, 0, 0, 226, 18, 169, 57])
[tap wlan_ah_v2_frames] Blob([136, 0, 0, 0, 255, 255, 255, 255, 255, 255, 168, 221, 159, 77, 197, 181, 0, 0, 0, 0, 0, 0, 96, 52, 0, 0, 8, 150, 190, 12])
[tap wlan_ah_v2_frames] Blob([136, 0, 0, 0, 255, 255, 255, 255, 255, 255, 168, 221, 159, 77, 197, 181, 0, 0, 0, 0, 0, 0, 128, 52, 0, 0, 55, 2, 69, 231])
[tap wlan_ah_v2_frames] Blob([136, 0, 0, 0, 255, 255, 255, 255, 255, 255, 168, 221, 159, 77, 197, 181, 0, 0, 0, 0, 0, 0, 144, 52, 0, 0, 220, 137, 123, 47])
[tap wlan_ah_v2_frames] Blob([136, 0, 0, 0, 255, 255, 255, 255, 255, 255, 168, 221, 159, 77, 197, 181, 0, 0, 0, 0, 0, 0, 160, 52, 0, 0, 160, 107, 40, 66])
[tap wlan_ah_v2_frames] Blob([136, 0, 0, 0, 255, 255, 255, 255, 255, 255, 168, 221, 159, 77, 197, 181, 0, 0, 0, 0, 0, 0, 192, 52, 0, 0, 237, 32, 58, 76])
[tap wlan_ah_v2_frames] Blob([136, 0, 0, 0, 255, 255, 255, 255, 255, 255, 168, 221, 159, 77, 197, 181, 0, 0, 0, 0, 0, 0, 224, 52, 0, 0, 62, 108, 55, 47])
[tap wlan_ah_v2_frames] Blob([136, 0, 0, 0, 255, 255, 255, 255, 255, 255, 168, 221, 159, 77, 197, 181, 0, 0, 0, 0, 0, 0, 0, 53, 0, 0, 185, 131, 36, 91])
[tap wlan_ah_v2_frames] Blob([136, 0, 0, 0, 255, 255, 255, 255, 255, 255, 168, 221, 159, 77, 197, 181, 0, 0, 0, 0, 0, 0, 48, 53, 0, 0, 28, 216, 2, 164])
[tap wlan_ah_v2_frames] Blob([136, 0, 0, 0, 255, 255, 255, 255, 255, 255, 168, 221, 159, 77, 197, 181, 0, 0, 0, 0, 0, 0, 64, 53, 0, 0, 180, 187, 192, 14])
[tap wlan_ah_v2_frames] Blob([136, 0, 0, 0, 255, 255, 255, 255, 255, 255, 168, 221, 159, 77, 197, 181, 0, 0, 0, 0, 0, 0, 80, 53, 0, 0, 102, 47, 98, 208])
[tap wlan_ah_v2_frames] Blob([136, 0, 0, 0, 255, 255, 255, 255, 255, 255, 168, 221, 159, 77, 197, 181, 0, 0, 0, 0, 0, 0, 96, 53, 0, 0, 149, 86, 96, 6])
[tap wlan_ah_v2_frames] Blob([136, 0, 0, 0, 255, 255, 255, 255, 255, 255, 168, 221, 159, 77, 197, 181, 0, 0, 0, 0, 0, 0, 112, 53, 0, 0, 77, 189, 223, 212])
[tap wlan_ah_v2_frames] Blob([136, 0, 0, 0, 255, 255, 255, 255, 255, 255, 168, 221, 159, 77, 197, 181, 0, 0, 0, 0, 0, 0, 128, 53, 0, 0, 113, 49, 15, 236])
[tap wlan_ah_v2_frames] Blob([136, 0, 0, 0, 255, 255, 255, 255, 255, 255, 168, 221, 159, 77, 197, 181, 0, 0, 0, 0, 0, 0, 144, 53, 0, 0, 236, 149, 109, 26])
[tap wlan_ah_v2_frames] Blob([136, 0, 0, 0, 255, 255, 255, 255, 255, 255, 168, 221, 159, 77, 197, 181, 0, 0, 0, 0, 0, 0, 160, 53, 0, 0, 226, 255, 193, 218])
[tap wlan_ah_v2_frames] Blob([136, 0, 0, 0, 255, 255, 255, 255, 255, 255, 168, 221, 159, 77, 197, 181, 0, 0, 0, 0, 0, 0, 176, 53, 0, 0, 204, 175, 242, 85])
[tap wlan_ah_v2_frames] Blob([136, 0, 0, 0, 255, 255, 255, 255, 255, 255, 168, 221, 159, 77, 197, 181, 0, 0, 0, 0, 0, 0, 192, 53, 0, 0, 5, 82, 120, 249])
[tap wlan_ah_v2_frames] Blob([136, 0, 0, 0, 255, 255, 255, 255, 255, 255, 168, 221, 159, 77, 197, 181, 0, 0, 0, 0, 0, 0, 224, 53, 0, 0, 245, 70, 6, 180])
[tap wlan_ah_v2_frames] Blob([136, 0, 0, 0, 255, 255, 255, 255, 255, 255, 168, 221, 159, 77, 197, 181, 0, 0, 0, 0, 0, 0, 240, 53, 0, 0, 89, 167, 76, 40])
[tap wlan_ah_v2_frames] Blob([136, 0, 0, 0, 255, 255, 255, 255, 255, 255, 168, 221, 159, 77, 197, 181, 0, 0, 0, 0, 0, 0, 16, 54, 0, 0, 2, 36, 103, 81])
[tap wlan_ah_v2_frames] Blob([136, 0, 0, 0, 255, 255, 255, 255, 255, 255, 168, 221, 159, 77, 197, 181, 0, 0, 0, 0, 0, 0, 80, 54, 0, 0, 36, 244, 162, 153])
[tap wlan_ah_v2_frames] Blob([136, 0, 0, 0, 255, 255, 255, 255, 255, 255, 168, 221, 159, 77, 197, 181, 0, 0, 0, 0, 0, 0, 96, 54, 0, 0, 71, 10, 90, 65])
[tap wlan_ah_v2_frames] Blob([136, 0, 0, 0, 255, 255, 255, 255, 255, 255, 168, 221, 159, 77, 197, 181, 0, 0, 0, 0, 0, 0, 112, 54, 0, 0, 18, 201, 154, 141])
[tap wlan_ah_v2_frames] Blob([136, 0, 0, 0, 255, 255, 255, 255, 255, 255, 168, 221, 159, 77, 197, 181, 0, 0, 0, 0, 0, 0, 128, 54, 0, 0, 139, 73, 152, 167])
[tap wlan_ah_v2_frames] Blob([136, 0, 0, 0, 255, 255, 255, 255, 255, 255, 168, 221, 159, 77, 197, 181, 0, 0, 0, 0, 0, 0, 144, 54, 0, 0, 15, 222, 31, 85])
[tap wlan_ah_v2_frames] Blob([136, 0, 0, 0, 255, 255, 255, 255, 255, 255, 168, 221, 159, 77, 197, 181, 0, 0, 0, 0, 0, 0, 160, 54, 0, 0, 42, 210, 124, 88])
[tap wlan_ah_v2_frames] Blob([136, 0, 0, 0, 255, 255, 255, 255, 255, 255, 168, 221, 159, 77, 197, 181, 0, 0, 0, 0, 0, 0, 224, 54, 0, 0, 124, 197, 18, 31])
[tap wlan_ah_v2_frames] Blob([136, 0, 0, 0, 255, 255, 255, 255, 255, 255, 168, 221, 159, 77, 197, 181, 0, 0, 0, 0, 0, 0, 240, 54, 0, 0, 231, 187, 71, 192])
[tap wlan_ah_v2_frames] Blob([136, 0, 0, 0, 255, 255, 255, 255, 255, 255, 168, 221, 159, 77, 197, 181, 0, 0, 0, 0, 0, 0, 160, 55, 0, 0, 12, 3, 244, 134])
[tap wlan_ah_v2_frames] Blob([136, 0, 0, 0, 255, 255, 255, 255, 255, 255, 168, 221, 159, 77, 197, 181, 0, 0, 0, 0, 0, 0, 176, 55, 0, 0, 204, 10, 133, 107])
[tap wlan_ah_v2_frames] Blob([136, 0, 0, 0, 255, 255, 255, 255, 255, 255, 168, 221, 159, 77, 197, 181, 0, 0, 0, 0, 0, 0, 208, 55, 0, 0, 240, 113, 13, 130])
[tap wlan_ah_v2_frames] Blob([136, 0, 0, 0, 255, 255, 255, 255, 255, 255, 168, 221, 159, 77, 197, 181, 0, 0, 0, 0, 0, 0, 224, 55, 0, 0, 124, 52, 55, 139])
[tap wlan_ah_v2_frames] Blob([136, 0, 0, 0, 255, 255, 255, 255, 255, 255, 168, 221, 159, 77, 197, 181, 0, 0, 0, 0, 0, 0, 240, 55, 0, 0, 124, 142, 206, 106])
[tap wlan_ah_v2_frames] Blob([136, 0, 0, 0, 255, 255, 255, 255, 255, 255, 168, 221, 159, 77, 197, 181, 0, 0, 0, 0, 0, 0, 0, 56, 0, 0, 135, 177, 15, 186])
[tap wlan_ah_v2_frames] Blob([136, 0, 0, 0, 255, 255, 255, 255, 255, 255, 168, 221, 159, 77, 197, 181, 0, 0, 0, 0, 0, 0, 16, 56, 0, 0, 211, 79, 146, 227])
[tap wlan_ah_v2_frames] Blob([136, 0, 0, 0, 255, 255, 255, 255, 255, 255, 168, 221, 159, 77, 197, 181, 0, 0, 0, 0, 0, 0, 32, 56, 0, 0, 141, 60, 5, 179])
[tap wlan_ah_v2_frames] Blob([136, 0, 0, 0, 255, 255, 255, 255, 255, 255, 168, 221, 159, 77, 197, 181, 0, 0, 0, 0, 0, 0, 64, 56, 0, 0, 135, 53, 198, 220])
[tap wlan_ah_v2_frames] Blob([136, 0, 0, 0, 255, 255, 255, 255, 255, 255, 168, 221, 159, 77, 197, 181, 0, 0, 0, 0, 0, 0, 80, 56, 0, 0, 46, 149, 18, 75])
[tap wlan_ah_v2_frames] Blob([136, 0, 0, 0, 255, 255, 255, 255, 255, 255, 168, 221, 159, 77, 197, 181, 0, 0, 0, 0, 0, 0, 96, 56, 0, 0, 153, 91, 130, 53])
[tap wlan_ah_v2_frames] Blob([136, 0, 0, 0, 255, 255, 255, 255, 255, 255, 168, 221, 159, 77, 197, 181, 0, 0, 0, 0, 0, 0, 112, 56, 0, 0, 53, 226, 146, 17])
[tap wlan_ah_v2_frames] Blob([136, 0, 0, 0, 255, 255, 255, 255, 255, 255, 168, 221, 159, 77, 197, 181, 0, 0, 0, 0, 0, 0, 160, 56, 0, 0, 9, 4, 100, 135])
[tap wlan_ah_v2_frames] Blob([136, 0, 0, 0, 255, 255, 255, 255, 255, 255, 168, 221, 159, 77, 197, 181, 0, 0, 0, 0, 0, 0, 176, 56, 0, 0, 6, 77, 253, 67])
[tap wlan_ah_v2_frames] Blob([136, 0, 0, 0, 255, 255, 255, 255, 255, 255, 168, 221, 159, 77, 197, 181, 0, 0, 0, 0, 0, 0, 224, 56, 0, 0, 111, 119, 102, 3])
[tap wlan_ah_v2_frames] Blob([136, 0, 0, 0, 255, 255, 255, 255, 255, 255, 168, 221, 159, 77, 197, 181, 0, 0, 0, 0, 0, 0, 240, 56, 0, 0, 181, 215, 7, 141])
[tap wlan_ah_v2_frames] Blob([136, 0, 0, 0, 255, 255, 255, 255, 255, 255, 168, 221, 159, 77, 197, 181, 0, 0, 0, 0, 0, 0, 48, 57, 0, 0, 169, 108, 219, 106])
[tap wlan_ah_v2_frames] Blob([136, 0, 0, 0, 255, 255, 255, 255, 255, 255, 168, 221, 159, 77, 197, 181, 0, 0, 0, 0, 0, 0, 192, 57, 0, 0, 29, 33, 211, 199])
[tap wlan_ah_v2_frames] Blob([136, 0, 0, 0, 255, 255, 255, 255, 255, 255, 168, 221, 159, 77, 197, 181, 0, 0, 0, 0, 0, 0, 208, 57, 0, 0, 148, 88, 10, 42])
[tap wlan_ah_v2_frames] Blob([136, 0, 0, 0, 255, 255, 255, 255, 255, 255, 168, 221, 159, 77, 197, 181, 0, 0, 0, 0, 0, 0, 224, 57, 0, 0, 148, 5, 153, 95])
[tap wlan_ah_v2_frames] Blob([136, 0, 0, 0, 255, 255, 255, 255, 255, 255, 168, 221, 159, 77, 197, 181, 0, 0, 0, 0, 0, 0, 240, 57, 0, 0, 54, 69, 64, 201])
[tap wlan_ah_v2_frames] Blob([136, 0, 0, 0, 255, 255, 255, 255, 255, 255, 168, 221, 159, 77, 197, 181, 0, 0, 0, 0, 0, 0, 0, 58, 0, 0, 5, 166, 97, 47])
[tap wlan_ah_v2_frames] Blob([136, 0, 0, 0, 255, 255, 255, 255, 255, 255, 168, 221, 159, 77, 197, 181, 0, 0, 0, 0, 0, 0, 16, 58, 0, 0, 209, 156, 74, 11])
[tap wlan_ah_v2_frames] Blob([136, 0, 0, 0, 255, 255, 255, 255, 255, 255, 168, 221, 159, 77, 197, 181, 0, 0, 0, 0, 0, 0, 32, 58, 0, 0, 62, 128, 148, 148])
[tap wlan_ah_v2_frames] Blob([136, 0, 0, 0, 255, 255, 255, 255, 255, 255, 168, 221, 159, 77, 197, 181, 0, 0, 0, 0, 0, 0, 64, 58, 0, 0, 172, 26, 83, 32])
[tap wlan_ah_v2_frames] Blob([136, 0, 0, 0, 255, 255, 255, 255, 255, 255, 168, 221, 159, 77, 197, 181, 0, 0, 0, 0, 0, 0, 80, 58, 0, 0, 58, 122, 51, 9])
[tap wlan_ah_v2_frames] Blob([136, 0, 0, 0, 255, 255, 255, 255, 255, 255, 168, 221, 159, 77, 197, 181, 0, 0, 0, 0, 0, 0, 160, 58, 0, 0, 34, 188, 34, 246])
[tap wlan_ah_v2_frames] Blob([136, 0, 0, 0, 255, 255, 255, 255, 255, 255, 168, 221, 159, 77, 197, 181, 0, 0, 0, 0, 0, 0, 176, 58, 0, 0, 101, 8, 137, 146])
[tap wlan_ah_v2_frames] Blob([136, 0, 0, 0, 255, 255, 255, 255, 255, 255, 168, 221, 159, 77, 197, 181, 0, 0, 0, 0, 0, 0, 192, 58, 0, 0, 38, 37, 36, 7])
[tap wlan_ah_v2_frames] Blob([136, 0, 0, 0, 255, 255, 255, 255, 255, 255, 168, 221, 159, 77, 197, 181, 0, 0, 0, 0, 0, 0, 48, 59, 0, 0, 113, 76, 252, 34])
[tap wlan_ah_v2_frames] Blob([136, 0, 0, 0, 255, 255, 255, 255, 255, 255, 168, 221, 159, 77, 197, 181, 0, 0, 0, 0, 0, 0, 128, 59, 0, 0, 56, 47, 36, 57])
[tap wlan_ah_v2_frames] Blob([136, 0, 0, 0, 255, 255, 255, 255, 255, 255, 168, 221, 159, 77, 197, 181, 0, 0, 0, 0, 0, 0, 144, 60, 0, 0, 201, 70, 58, 205])
[tap wlan_ah_v2_frames] Blob([136, 0, 0, 0, 255, 255, 255, 255, 255, 255, 168, 221, 159, 77, 197, 181, 0, 0, 0, 0, 0, 0, 160, 60, 0, 0, 89, 173, 138, 204])
[tap wlan_ah_v2_frames] Blob([136, 0, 0, 0, 255, 255, 255, 255, 255, 255, 168, 221, 159, 77, 197, 181, 0, 0, 0, 0, 0, 0, 176, 60, 0, 0, 40, 131, 48, 84])
[tap wlan_ah_v2_frames] Blob([136, 0, 0, 0, 255, 255, 255, 255, 255, 255, 168, 221, 159, 77, 197, 181, 0, 0, 0, 0, 0, 0, 192, 60, 0, 0, 180, 92, 81, 245])
[tap wlan_ah_v2_frames] Blob([136, 0, 0, 0, 255, 255, 255, 255, 255, 255, 168, 221, 159, 77, 197, 181, 0, 0, 0, 0, 0, 0, 208, 60, 0, 0, 161, 45, 7, 205])
[tap wlan_ah_v2_frames] Blob([136, 0, 0, 0, 255, 255, 255, 255, 255, 255, 168, 221, 159, 77, 197, 181, 0, 0, 0, 0, 0, 0, 224, 60, 0, 0, 214, 200, 176, 49])
[tap wlan_ah_v2_frames] Blob([136, 0, 0, 0, 255, 255, 255, 255, 255, 255, 168, 221, 159, 77, 197, 181, 0, 0, 0, 0, 0, 0, 240, 60, 0, 0, 96, 154, 45, 176])
[tap wlan_ah_v2_frames] Blob([136, 0, 0, 0, 255, 255, 255, 255, 255, 255, 168, 221, 159, 77, 197, 181, 0, 0, 0, 0, 0, 0, 0, 61, 0, 0, 57, 235, 217, 231])
[tap wlan_ah_v2_frames] Blob([136, 0, 0, 0, 255, 255, 255, 255, 255, 255, 168, 221, 159, 77, 197, 181, 0, 0, 0, 0, 0, 0, 16, 61, 0, 0, 154, 90, 109, 28])
[tap wlan_ah_v2_frames] Blob([136, 0, 0, 0, 255, 255, 255, 255, 255, 255, 168, 221, 159, 77, 197, 181, 0, 0, 0, 0, 0, 0, 32, 61, 0, 0, 19, 182, 51, 250])
[tap wlan_ah_v2_frames] Blob([136, 0, 0, 0, 255, 255, 255, 255, 255, 255, 168, 221, 159, 77, 197, 181, 0, 0, 0, 0, 0, 0, 48, 61, 0, 0, 91, 255, 177, 47])
[tap wlan_ah_v2_frames] Blob([136, 0, 0, 0, 255, 255, 255, 255, 255, 255, 168, 221, 159, 77, 197, 181, 0, 0, 0, 0, 0, 0, 64, 61, 0, 0, 127, 197, 249, 53])
[tap wlan_ah_v2_frames] Blob([136, 0, 0, 0, 255, 255, 255, 255, 255, 255, 168, 221, 159, 77, 197, 181, 0, 0, 0, 0, 0, 0, 80, 61, 0, 0, 91, 136, 50, 165])
[tap wlan_ah_v2_frames] Blob([136, 0, 0, 0, 255, 255, 255, 255, 255, 255, 168, 221, 159, 77, 197, 181, 0, 0, 0, 0, 0, 0, 96, 61, 0, 0, 5, 113, 248, 136])
[tap wlan_ah_v2_frames] Blob([136, 0, 0, 0, 255, 255, 255, 255, 255, 255, 168, 221, 159, 77, 197, 181, 0, 0, 0, 0, 0, 0, 144, 61, 0, 0, 91, 52, 1, 177])
[tap wlan_ah_v2_frames] Blob([136, 0, 0, 0, 255, 255, 255, 255, 255, 255, 168, 221, 159, 77, 197, 181, 0, 0, 0, 0, 0, 0, 176, 61, 0, 0, 33, 46, 210, 51])
[tap wlan_ah_v2_frames] Blob([136, 0, 0, 0, 255, 255, 255, 255, 255, 255, 168, 221, 159, 77, 197, 181, 0, 0, 0, 0, 0, 0, 192, 61, 0, 0, 223, 217, 97, 238])
[tap wlan_ah_v2_frames] Blob([136, 0, 0, 0, 255, 255, 255, 255, 255, 255, 168, 221, 159, 77, 197, 181, 0, 0, 0, 0, 0, 0, 208, 61, 0, 0, 14, 173, 78, 46])
[tap wlan_ah_v2_frames] Blob([136, 0, 0, 0, 255, 255, 255, 255, 255, 255, 168, 221, 159, 77, 197, 181, 0, 0, 0, 0, 0, 0, 224, 61, 0, 0, 155, 83, 80, 241])
[tap wlan_ah_v2_frames] Blob([136, 0, 0, 0, 255, 255, 255, 255, 255, 255, 168, 221, 159, 77, 197, 181, 0, 0, 0, 0, 0, 0, 240, 61, 0, 0, 22, 105, 177, 13])
[tap wlan_ah_v2_frames] Blob([136, 0, 0, 0, 255, 255, 255, 255, 255, 255, 168, 221, 159, 77, 197, 181, 0, 0, 0, 0, 0, 0, 96, 62, 0, 0, 235, 192, 255, 11])